74,6825GW,Molecatenstraat,Arnhem
82,6825GW,Molecatenstraat,Arnhem
15,6824AV,Molenbeekstraat,Arnhem
108,6824AZ,Molenbeekstraat,Arnhem
128,6823AE,Monnikensteeg,Arnhem
316,6823AM,Monnikensteeg,Arnhem
7,6815CS,Mozartstraat,Arnhem
20,6815CT,Mozartstraat,Arnhem
9,6822HP,Mussenplein,Arnhem
9,6822HL,3e Mussenstraat,Arnhem
16,6822HL,3e Mussenstraat,Arnhem
17,6828BP,Ir J.P. van Muijlwijkstraat,Arnhem
93,6828BN,Ir J.P. van Muijlwijkstraat,Arnhem
33,6826JB,Van Kinsbergenstraat,Arnhem
36,6826JC,Van Kinsbergenstraat,Arnhem
8,6832BS,Klaproosstraat,Arnhem
150,6812AK,Utrechtseweg,Arnhem
198,6812AM,Utrechtseweg,Arnhem
258,6812AP,Utrechtseweg,Arnhem
1,6835DM,Hoogezandstraat,Arnhem
43,6823DV,Fokke Noordhoffstraat,Arnhem
47,6823DV,Fokke Noordhoffstraat,Arnhem
12,6824HT,Van der Helllaan,Arnhem
14,6822KE,Hemonylaan,Arnhem
14,6824PR,Herman Heijermansstraat,Arnhem
33,6824PP,Herman Heijermansstraat,Arnhem
4,6823LE,Hertenlaan,Arnhem
34,6828HK,Dullertstraat,Arnhem
67,6833HM,Huissensestraat,Arnhem
143,6824RE,Kloosterstraat,Arnhem
163,6824RE,Kloosterstraat,Arnhem
113,6815EA,Kluizeweg,Arnhem
132,6815EE,Kluizeweg,Arnhem
216,6815EH,Kluizeweg,Arnhem
244,6815EJ,Kluizeweg,Arnhem
264,6815EJ,Kluizeweg,Arnhem
276,6815EK,Kluizeweg,Arnhem
348,6815EM,Kluizeweg,Arnhem
360,6815EN,Kluizeweg,Arnhem
5,6811MB,Brugstraat,Arnhem
6,6811MB,Brugstraat,Arnhem
20,6814DN,Burgemeestersplein,Arnhem
10,6814HP,Burgemeester Weertsstraat,Arnhem
71,6814HM,Burgemeester Weertsstraat,Arnhem
16,6828SV,Buysstraat,Arnhem
23,6828ST,Buysstraat,Arnhem
54,6828SW,Buysstraat,Arnhem
35,6815GM,St. Caeciliapad,Arnhem
21,6827BJ,P. Calandweg,Arnhem
12,6813EW,Callunastraat,Arnhem
20,6813EW,Callunastraat,Arnhem
31,6813ET,Callunastraat,Arnhem
1,6825KK,Cannenburglaan,Arnhem
37,6826JL,Carstenszstraat,Arnhem
22,6811BS,St. Catharinaplaats,Arnhem
25,6811BS,St. Catharinaplaats,Arnhem
18,6822CD,Catharijnestraat,Arnhem
23,6822CA,Catharijnestraat,Arnhem
72,6822CE,Catharijnestraat,Arnhem
97,6822CB,Catharijnestraat,Arnhem
99,6822CB,Catharijnestraat,Arnhem
115,6822CC,Catharijnestraat,Arnhem
23,6814NA,Mr. D. van Ruijvenpad,Arnhem
15,6843VV,Aalsmeerhof,Arnhem
17,6843VV,Aalsmeerhof,Arnhem
19,6843VV,Aalsmeerhof,Arnhem
56,6843VZ,Aalsmeerhof,Arnhem
67,6843VW,Aalsmeerhof,Arnhem
84,6846HD,Koningskers,Arnhem
86,6846HD,Koningskers,Arnhem
96,6846HD,Koningskers,Arnhem
74,6833LP,Abe Lenstrahof,Arnhem
72,6845BC,Bruinissestraat,Arnhem
84,6845BC,Bruinissestraat,Arnhem
139,6845CS,Terneuzenstraat,Arnhem
9,6845CG,Westkapellehof,Arnhem
17,6845BT,Wissenkerkepad,Arnhem
20,6845BW,Wissenkerkepad,Arnhem
28,6845BW,Wissenkerkepad,Arnhem
8,6845BH,Zeelandsingel,Arnhem
60,6845BJ,Zeelandsingel,Arnhem
64,6813EJ,Hertshoornstraat,Arnhem
24,6816RK,Het Lage Erf,Arnhem
26,6816RK,Het Lage Erf,Arnhem
3,6821KB,Van Heutszlaan,Arnhem
6,6813GA,Heijenoordseweg,Arnhem
94,6813GB,Heijenoordseweg,Arnhem
1,6822LD,J.P. Heijestraat,Arnhem
5,6822LD,J.P. Heijestraat,Arnhem
29,6822LE,J.P. Heijestraat,Arnhem
41,6822LE,J.P. Heijestraat,Arnhem
59,6822LE,J.P. Heijestraat,Arnhem
114,6826LJ,Hisveltplein,Arnhem
12,6841CD,Hoefbladlaan,Arnhem
6,6841CD,Hoefbladlaan,Arnhem
14,6842BN,'t Hofje,Arnhem
15,6842BM,'t Hofje,Arnhem
58,6824BR,Hoflaan,Arnhem
66,6824BR,Hoflaan,Arnhem
68,6824BR,Hoflaan,Arnhem
72,6834GM,Hofsingel,Arnhem
80,6834GM,Hofsingel,Arnhem
231,6834GG,Hofsingel,Arnhem
239,6834GG,Hofsingel,Arnhem
218,6823AX,Dr. Schaepmanlaan,Arnhem
10,6825GJ,Valkhofplein,Arnhem
40,6825GL,Valkhofplein,Arnhem
12,6825GR,Vanenburgstraat,Arnhem
19,6825GR,Vanenburgstraat,Arnhem
24,6825GR,Vanenburgstraat,Arnhem
59,6811BA,Velperpoortslangstraat,Arnhem
115,6811BA,Velperpoortslangstraat,Arnhem
94,6824HL,Velperweg,Arnhem
103,6824HJ,Velperweg,Arnhem
122,6824HN,Velperweg,Arnhem
139,6824HK,Velperweg,Arnhem
6,6826KS,Cloekplein,Arnhem
28,6826KS,Cloekplein,Arnhem
14,6813JL,Mauvestraat,Arnhem
56,6813JN,Mauvestraat,Arnhem
31,6824AH,Megenstraat,Arnhem
6,6815EV,Mendelssohnlaan,Arnhem
271,6822JR,Agnietenstraat,Arnhem
297,6822JS,Agnietenstraat,Arnhem
12,6822AK,Akkerstraat,Arnhem
15,6822AH,Akkerstraat,Arnhem
8,6827BZ,Conradweg,Arnhem
7,6824NT,Da Costastraat,Arnhem
12,6824NV,Da Costastraat,Arnhem
20,6824NV,Da Costastraat,Arnhem
26,6824NV,Da Costastraat,Arnhem
17,6824NJ,Couperusstraat,Arnhem
106,6845BK,Zeelandsingel,Arnhem
1,6845BL,Zierikzeestraat,Arnhem
30,6845BM,Zierikzeestraat,Arnhem
53,6845BN,Zierikzeestraat,Arnhem
2,6843JH,De Burcht,Arnhem
20,6843JH,De Burcht,Arnhem
48,6843JH,De Burcht,Arnhem
6,6827CB,Johannes Huddeweg,Arnhem
3,6844GV,Kroonse Wal,Arnhem
9,6844GV,Kroonse Wal,Arnhem
45,6844GW,Kroonse Wal,Arnhem
61,6844GW,Kroonse Wal,Arnhem
82,6845DP,Hoensbroekstraat,Arnhem
37,6845DG,Swalmenhof,Arnhem
13,6845DV,Limburgsingel,Arnhem
101,6845DX,Limburgsingel,Arnhem
108,6845DT,Limburgsingel,Arnhem
124,6845DT,Limburgsingel,Arnhem
129,6845DX,Limburgsingel,Arnhem
63,6815BB,Bernard Zweerslaan,Arnhem
34,6813DD,Noordelijke Parallelweg,Arnhem
72,6835KX,Leeuwardenweg,Arnhem
4,6835KN,Sneekpad,Arnhem
366,6832GR,Orionsingel,Arnhem
9,6825JP,Ossenkamp,Arnhem
15,6825JP,Ossenkamp,Arnhem
5,6814LE,Van Ostadestraat,Arnhem
62,6811LL,Oude Kraan,Arnhem
6,6824HD,Oude Velperweg,Arnhem
24,6825EN,Overhagenstraat,Arnhem
4,6841BW,Paardebloemstraat,Arnhem
8,6824PX,Paasberglaan,Arnhem
15,6824PV,Paasberglaan,Arnhem
12,6815DB,Palestrinastraat,Arnhem
13,6815DA,Palestrinastraat,Arnhem
59,6814GN,Van Pallandtstraat,Arnhem
56,6832BB,Papaverstraat,Arnhem
14,6813ED,Veluwestraat,Arnhem
22,6813ED,Veluwestraat,Arnhem
87,6813EC,Veluwestraat,Arnhem
115,6813EC,Veluwestraat,Arnhem
28,6833DB,Venkelstraat,Arnhem
52,6833DC,Venkelstraat,Arnhem
1,6815GW,Verdistraat,Arnhem
10,6821DL,Verhuellstraat,Arnhem
82,6822ED,Verlengde Hoflaan,Arnhem
133,6822EC,Verlengde Hoflaan,Arnhem
77,6824JW,Verlengde Prümelaan,Arnhem
1,6833AS,Veronicastraat,Arnhem
14,6833AV,Veronicastraat,Arnhem
19,6833AS,Veronicastraat,Arnhem
21,6833AS,Veronicastraat,Arnhem
46,6833AW,Veronicastraat,Arnhem
36,6836CT,Dr. Willem Dreessingel,Arnhem
51,6836CN,Dr. Willem Dreessingel,Arnhem
60,6836CV,Dr. Willem Dreessingel,Arnhem
12,6836CB,Louis Armstronghof,Arnhem
65,6827BX,Leemansweg,Arnhem
52,6835BL,Finsterwoldepad,Arnhem
76,6835BL,Finsterwoldepad,Arnhem
23,6835BW,Onstweddestraat,Arnhem
34,6835BZ,Onstweddestraat,Arnhem
51,6835BX,Onstweddestraat,Arnhem
28,6828RR,Daendelsstraat,Arnhem
15,6821JL,Dalweg,Arnhem
37,6821JM,Dalweg,Arnhem
32,6826JH,Dedelstraat,Arnhem
87,6823MN,Dennenweg,Arnhem
97,6823MN,Dennenweg,Arnhem
111,6823MP,Dennenweg,Arnhem
129,6823MP,Dennenweg,Arnhem
17,6815AH,Diepenbrocklaan,Arnhem
22,6826HR,Doeffstraat,Arnhem
64,6826HS,Doeffstraat,Arnhem
74,6826HS,Doeffstraat,Arnhem
126,6826HT,Doeffstraat,Arnhem
33,6821GW,Van Dortmondtstraat,Arnhem
39,6832BE,Dotterlaan,Arnhem
42,6841EJ,Dovenetellaan,Arnhem
48,6841EJ,Dovenetellaan,Arnhem
57,6841EB,Dovenetellaan,Arnhem
163,6841EC,Dovenetellaan,Arnhem
12,6843NC,Barendrechtstraat,Arnhem
22,6843EE,Boskoopplantsoen,Arnhem
24,6843EE,Boskoopplantsoen,Arnhem
32,6843EE,Boskoopplantsoen,Arnhem
39,6843EW,Hillegomweg,Arnhem
16,6843MR,Kedichempad,Arnhem
2,6843MT,Kinderdijkpad,Arnhem
18,6843MT,Kinderdijkpad,Arnhem
128,6843HD,Kortlandplaats,Arnhem
156,6843HE,Kortlandplaats,Arnhem
168,6843HE,Kortlandplaats,Arnhem
41,6843NP,Kralingenpad,Arnhem
42,6843GR,Kromwijkplaats,Arnhem
52,6843GS,Kromwijkplaats,Arnhem
90,6843GS,Kromwijkplaats,Arnhem
156,6843GV,Kromwijkplaats,Arnhem
9,6843DP,Leerdamstraat,Arnhem
126,6843HJ,Leimuidenplaats,Arnhem
2,6843HL,Lexmondplaats,Arnhem
4,6843HL,Lexmondplaats,Arnhem
44,6843HL,Lexmondplaats,Arnhem
13,6843MG,Meerkerkstraat,Arnhem
3,6843DX,Melissantpad,Arnhem
6,6843DZ,Melissantpad,Arnhem
11,6842BP,Oosterveldsestraat,Arnhem
11,6822HV,Pastoor Bosstraat,Arnhem
31,6822HV,Pastoor Bosstraat,Arnhem
27,6823BC,Pastoor van de Loolaan,Arnhem
104,6822BV,Paulstraat,Arnhem
108,6822BV,Paulstraat,Arnhem
17,6814KT,Paulus Potterstraat,Arnhem
17,6811GK,Pauwstraat,Arnhem
108,6843PG,Oudenboschstraat,Arnhem
39,6836PE,Dr. Christine Baderstraat,Arnhem
43,6836PE,Dr. Christine Baderstraat,Arnhem
26,6836PG,Dr. Christine Baderstraat,Arnhem
13,6836JK,Pascalstraat,Arnhem
16,6836JL,Pascalstraat,Arnhem
40,6836JL,Pascalstraat,Arnhem
58,6836JM,Pascalstraat,Arnhem
80,6836JM,Pascalstraat,Arnhem
21,6843KT,Schiedamhof,Arnhem
6,6843KV,Schiedamhof,Arnhem
16,6843KV,Schiedamhof,Arnhem
7,6813DH,Schilderstraat,Arnhem
34,6835AP,Ulrumpad,Arnhem
170,6835DW,Slochterenweg,Arnhem
1,6835AG,Sleggeplantsoen,Arnhem
9,6835AG,Sleggeplantsoen,Arnhem
37,6835AG,Sleggeplantsoen,Arnhem
61,6835AH,Sleggeplantsoen,Arnhem
30,6835AT,Winschotenstraat,Arnhem
3,6835AV,Niehoveplantsoen,Arnhem
3,6835AZ,Marumplantsoen,Arnhem
4,6835AZ,Marumplantsoen,Arnhem
145,6835EG,Groningensingel,Arnhem
151,6835EG,Groningensingel,Arnhem
253,6835EK,Groningensingel,Arnhem
267,6835EK,Groningensingel,Arnhem
365,6835EN,Groningensingel,Arnhem
387,6835EP,Groningensingel,Arnhem
473,6835ES,Groningensingel,Arnhem
603,6835EX,Groningensingel,Arnhem
231,6841EE,Dovenetellaan,Arnhem
3,6833GM,Dragonstraat,Arnhem
6,6833GN,Dragonstraat,Arnhem
56,6833GP,Dragonstraat,Arnhem
13,6846LE,Ballonvaart,Arnhem
1,6846LB,Binnenvaart,Arnhem
5,6846LB,Binnenvaart,Arnhem
17,6846LB,Binnenvaart,Arnhem
84,6841KB,Brunelsingel,Arnhem
94,6841KB,Brunelsingel,Arnhem
2,6846LL,Luchtvaart,Arnhem
32,6846LK,Pleziervaart,Arnhem
38,6846LK,Pleziervaart,Arnhem
1,6846LH,Ruimtevaart,Arnhem
5,6846LH,Ruimtevaart,Arnhem
16,6846LH,Ruimtevaart,Arnhem
11,6846LT,Scheepvaart,Arnhem
35,6846LT,Scheepvaart,Arnhem
295,6846LS,Zeevaart,Arnhem
13,6846LG,Zeilvaart,Arnhem
4,6827DE,Hondiusstraat,Arnhem
12,6827DE,Hondiusstraat,Arnhem
238,6836AM,Mooieweg,Arnhem
18,6846GL,Breedspoor,Arnhem
20,6846GL,Breedspoor,Arnhem
5,6846GL,Breedspoor,Arnhem
29,6846GE,Centraalspoor,Arnhem
16,6846GH,Centraalspoor,Arnhem
24,6843DZ,Melissantpad,Arnhem
3,6843EA,Moerkapellepad,Arnhem
7,6843KA,Reeuwijkplaats,Arnhem
4,6843KK,Rockanjestraat,Arnhem
2,6843KM,Rodenrijsstraat,Arnhem
35,6843MN,Rotterdamsingel,Arnhem
65,6843MN,Rotterdamsingel,Arnhem
5,6843MJ,Sassenheimstraat,Arnhem
4,6843KB,Vriezekooppad,Arnhem
12,6843KG,Vrijhoevenpad,Arnhem
14,6843ME,Zoetermeerplantsoen,Arnhem
17,6835HA,Assenstraat,Arnhem
107,6833BN,Veerpolderstraat,Arnhem
190,6824MH,Velperweg,Arnhem
372,6835MN,Stedumhof,Arnhem
14,6845CN,Arnemuidenhoek,Arnhem
39,6843CT,Blaricumhof,Arnhem
34,6843CM,Heemstedehof,Arnhem
53,6843CL,Heemstedehof,Arnhem
47,6843DG,Hilversumstraat,Arnhem
49,6843DG,Hilversumstraat,Arnhem
227,6821LG,Hommelseweg,Arnhem
114,6836EM,Martensbongerd,Arnhem
15,6836PX,Belle van Zuylenstraat,Arnhem
45,6836PX,Belle van Zuylenstraat,Arnhem
12,6836PV,Anna Bijnsstraat,Arnhem
4,6836PC,Rosa Manushof,Arnhem
17,6836PJ,Mr. P.J. Oudsingel,Arnhem
55,6836PK,Mr. P.J. Oudsingel,Arnhem
207,6836PN,Mr. P.J. Oudsingel,Arnhem
82,6836PS,Mr. P.J. Oudsingel,Arnhem
14,6836PA,Rosa Luxemburgstraat,Arnhem
34,6836PA,Rosa Luxemburgstraat,Arnhem
125,6836GN,Dr. Joop den Uylsingel,Arnhem
27,6836RG,Haya van Someren-Downerstraat,Arnhem
13,6836JD,Spencerstraat,Arnhem
4,6836JB,Marcusestraat,Arnhem
10,6836JB,Marcusestraat,Arnhem
18,6836JB,Marcusestraat,Arnhem
5,6822AR,Oogststraat,Arnhem
35,6828HB,Emmastraat,Arnhem
74,6811EE,Bentinckstraat,Arnhem
53,6821LB,Hommelseweg,Arnhem
23,6811CT,Heijdendaalsteeg,Arnhem
741,6835GC,Groningensingel,Arnhem
783,6835GD,Groningensingel,Arnhem
927,6835GK,Groningensingel,Arnhem
46,6845HC,Bingelradestraat,Arnhem
92,6845HL,Gronsveldkade,Arnhem
7,6835DM,Hoogezandstraat,Arnhem
10,6835DM,Hoogezandstraat,Arnhem
10,6835DH,Grijpskerkstraat,Arnhem
18,6835DD,Ezingestraat,Arnhem
20,6835CP,Delfzijlstraat,Arnhem
45,6835CL,Delfzijlstraat,Arnhem
5,6835CW,Bellingwoldepad,Arnhem
9,6835CW,Bellingwoldepad,Arnhem
38,6835CT,Aduardstraat,Arnhem
1,6835CK,Adorppad,Arnhem
11,6835CK,Adorppad,Arnhem
50,6835CJ,Appingedamstraat,Arnhem
45,6846GN,Lokaalspoor,Arnhem
2,6846GP,Lokaalspoor,Arnhem
12,6846GP,Lokaalspoor,Arnhem
42,6846GP,Lokaalspoor,Arnhem
17,6846EV,Jonkerwaard,Arnhem
63,6846EW,Tolgaarderwaard,Arnhem
7,6826BN,Amerstraat,Arnhem
51,6826BN,Amerstraat,Arnhem
67,6826BN,Amerstraat,Arnhem
79,6826BN,Amerstraat,Arnhem
107,6826BN,Amerstraat,Arnhem
159,6826BN,Amerstraat,Arnhem
200,6832EZ,Koppelstraat,Arnhem
259,6834GH,Hofsingel,Arnhem
271,6834GH,Hofsingel,Arnhem
311,6834GJ,Hofsingel,Arnhem
3,6824HZ,Van Hogendorplaan,Arnhem
4,6824HZ,Van Hogendorplaan,Arnhem
41,6822HS,Klarenbeekstraat,Arnhem
80,6822GC,Klarendalseweg,Arnhem
112,6822GD,Klarendalseweg,Arnhem
1,6843GL,Spijkenissestraat,Arnhem
91,6822KJ,Onder de Linden,Arnhem
90,6833LP,Abe Lenstrahof,Arnhem
114,6833LP,Abe Lenstrahof,Arnhem
226,6833LS,Abe Lenstrahof,Arnhem
244,6833LS,Abe Lenstrahof,Arnhem
164,6846KB,De Dissel,Arnhem
236,6846KB,De Dissel,Arnhem
250,6846KB,De Dissel,Arnhem
256,6846KB,De Dissel,Arnhem
52,6846KA,De Dissel,Arnhem
60,6846KA,De Dissel,Arnhem
24,6846KP,De Hooivork,Arnhem
95,6846KX,De Maaidorser,Arnhem
17,6846KK,De Zeis,Arnhem
36,6846KW,Het Haam,Arnhem
16,6846KL,Het Karrewiel,Arnhem
40,6846KL,Het Karrewiel,Arnhem
46,6846KE,Het Lemoen,Arnhem
109,6828AG,Patersstraat,Arnhem
10,6812DA,Diependalstraat,Arnhem
24,6846EN,Bakerwaard,Arnhem
48,6846EL,Burgerwaard,Arnhem
34,6845EC,Landgraafstraat,Arnhem
90,6845ED,Landgraafstraat,Arnhem
10,6845EM,Heukelompad,Arnhem
11,6845EL,Heukelompad,Arnhem
31,6845EN,Katsbergpad,Arnhem
15,6845ET,Tongerlostraat,Arnhem
24,6845EV,Tongerlostraat,Arnhem
53,6845ET,Tongerlostraat,Arnhem
6,6845ES,Altweertstraat,Arnhem
54,6845ES,Altweertstraat,Arnhem
6,6844DV,Udenstraat,Arnhem
32,6844DV,Udenstraat,Arnhem
34,6844DV,Udenstraat,Arnhem
34,6835CH,Bedumstraat,Arnhem
29,6823NE,Sparrenweg,Arnhem
23,6816PK,Karmelitessenlaan,Arnhem
39,6843NH,Alblasserdamstraat,Arnhem
4,6843DT,Alkemadeplantsoen,Arnhem
9,6843DS,Ameideplantsoen,Arnhem
13,6843DV,Arkelplantsoen,Arnhem
14,6843NC,Barendrechtstraat,Arnhem
21,6843NB,Barendrechtstraat,Arnhem
40,6843NC,Barendrechtstraat,Arnhem
14,6843EE,Boskoopplantsoen,Arnhem
25,6843DN,Dordrechtweg,Arnhem
6,6843EP,Goudaweg,Arnhem
11,6843EN,Goudaweg,Arnhem
24,6843ER,Hillegomweg,Arnhem
81,6843EX,Hillegomweg,Arnhem
8,6843NM,Kaaghof,Arnhem
2,6843MP,Kadijkpad,Arnhem
20,6843MP,Kadijkpad,Arnhem
14,6843MR,Kedichempad,Arnhem
38,6843HB,Kortlandplaats,Arnhem
64,6843HC,Kortlandplaats,Arnhem
72,6843HC,Kortlandplaats,Arnhem
58,6811DH,Koningstraat,Arnhem
3,6823KX,Konijnenweg,Arnhem
136,6822GG,Klarendalseweg,Arnhem
191,6822GJ,Klarendalseweg,Arnhem
207,6822GK,Klarendalseweg,Arnhem
216,6822GK,Klarendalseweg,Arnhem
221,6822GK,Klarendalseweg,Arnhem
301,6822GN,Klarendalseweg,Arnhem
354,6822GR,Klarendalseweg,Arnhem
363,6822GS,Klarendalseweg,Arnhem
372,6822GS,Klarendalseweg,Arnhem
460,6822GW,Klarendalseweg,Arnhem
467,6822GW,Klarendalseweg,Arnhem
22,6833GS,Kleefkruidstraat,Arnhem
57,6834AC,Kleefseplein,Arnhem
61,6834AC,Kleefseplein,Arnhem
75,6834AC,Kleefseplein,Arnhem
149,6834AE,Kleefseplein,Arnhem
215,6834AH,Kleefseplein,Arnhem
287,6834AJ,Kleefseplein,Arnhem
341,6834AL,Kleefseplein,Arnhem
347,6834AL,Kleefseplein,Arnhem
377,6834AL,Kleefseplein,Arnhem
387,6834AM,Kleefseplein,Arnhem
393,6834AM,Kleefseplein,Arnhem
35,6843CH,Krommeniehof,Arnhem
3,6843BA,Schipholplein,Arnhem
52,6843BD,Schipholplein,Arnhem
102,6843BG,Schipholplein,Arnhem
120,6843BH,Schipholplein,Arnhem
131,6843BK,Schipholplein,Arnhem
147,6843BL,Schipholplein,Arnhem
164,6843BL,Schipholplein,Arnhem
171,6843BM,Schipholplein,Arnhem
187,6843BN,Schipholplein,Arnhem
11,6843DD,Zaandampad,Arnhem
52,6834EN,Ridderhof,Arnhem
68,6834EN,Ridderhof,Arnhem
6,6843AJ,Wormerveerstraat,Arnhem
5,6843AC,Naardenstraat,Arnhem
23,6843AC,Naardenstraat,Arnhem
31,6843AC,Naardenstraat,Arnhem
39,6843AC,Naardenstraat,Arnhem
2,6843AA,Bussumstraat,Arnhem
9,6843ES,Hoogvliethof,Arnhem
14,6843GK,Schoonhovenhof,Arnhem
39,6843GA,Slikkerveerstraat,Arnhem
78,6844DZ,Mierlostraat,Arnhem
94,6844DZ,Mierlostraat,Arnhem
127,6844DX,Mierlostraat,Arnhem
11,6832AZ,Hortensiastraat,Arnhem
39,6832AZ,Hortensiastraat,Arnhem
121,6832AZ,Hortensiastraat,Arnhem
43,6822GC,De Kapel,Arnhem
6,6831HW,Schepen te Boeckoppad,Arnhem
44,6831HX,Schepen te Boeckoppad,Arnhem
57,6831HR,Schepen te Boeckoppad,Arnhem
67,6831HR,Schepen te Boeckoppad,Arnhem
129,6831HT,Schepen te Boeckoppad,Arnhem
143,6831HT,Schepen te Boeckoppad,Arnhem
175,6831HV,Schepen te Boeckoppad,Arnhem
187,6831HV,Schepen te Boeckoppad,Arnhem
11,6831HH,Schepen Canishof,Arnhem
35,6831HH,Schepen Canishof,Arnhem
23,6831HK,Schepen van Doorninckpad,Arnhem
37,6826NH,Van Borselenstraat,Arnhem
136,6826NN,Van Borselenstraat,Arnhem
154,6826NP,Van Borselenstraat,Arnhem
7,6813KB,Bosboomstraat,Arnhem
34,6813KC,Bosboomstraat,Arnhem
3,6843CW,Aerdenhouthof,Arnhem
5,6813DH,Schilderstraat,Arnhem
54,6813DK,Schilderstraat,Arnhem
30,6828VS,Schimmelpenninckstraat,Arnhem
16,6828GT,Schoolstraat,Arnhem
34,6828GT,Schoolstraat,Arnhem
26,6826MB,Schoutenstraat,Arnhem
16,6821AD,Schrassertstraat,Arnhem
41,6821AE,Schrassertstraat,Arnhem
96,6821AK,Schrassertstraat,Arnhem
14,6823KN,Schuttersbergplein,Arnhem
63,6823KG,Schuttersbergweg,Arnhem
96,6823KL,Schuttersbergweg,Arnhem
108,6823KL,Schuttersbergweg,Arnhem
144,6823KM,Schuttersbergweg,Arnhem
12,6825JR,Schuurkamp,Arnhem
27,6825BE,Singravenlaan,Arnhem
51,6811HZ,Kleine Oord,Arnhem
54,6811HZ,Kleine Oord,Arnhem
75,6811HZ,Kleine Oord,Arnhem
102,6811HZ,Kleine Oord,Arnhem
135,6811HZ,Kleine Oord,Arnhem
18,6828ZW,B.P. van Verschuerstraat,Arnhem
15,6825EJ,Verwoldelaan,Arnhem
29,6825EK,Verwoldelaan,Arnhem
53,6825EK,Verwoldelaan,Arnhem
29,6823CS,Merelstraat,Arnhem
36,6823CV,Merelstraat,Arnhem
54,6823CV,Merelstraat,Arnhem
2,6816RJ,Merkendal,Arnhem
1,6842CA,Meester Merkxstraat,Arnhem
32,6842CB,Meester Merkxstraat,Arnhem
18,6834DS,Mermsehof,Arnhem
63,6813GM,Mesdaglaan,Arnhem
68,6813GR,Mesdaglaan,Arnhem
17,6825HG,Middachtensingel,Arnhem
84,6825HR,Middachtensingel,Arnhem
94,6825HR,Middachtensingel,Arnhem
105,6825HK,Middachtensingel,Arnhem
32,6833LM,Stadswaardenlaan,Arnhem
29,6833LN,Stadswaardenlaan,Arnhem
10,6846KH,Zichtakker,Arnhem
65,6828HZ,Eusebiusbuitensingel,Arnhem
5,6828KZ,Remisestraat,Arnhem
9,6828KZ,Remisestraat,Arnhem
96,6833LL,Kea Boumanstraat,Arnhem
2,6832AV,Lobeliastraat,Arnhem
48,6842BG,Molenweg,Arnhem
52,6842CW,Mr D.U. Stikkerstraat,Arnhem
54,6842CW,Mr D.U. Stikkerstraat,Arnhem
60,6842CW,Mr D.U. Stikkerstraat,Arnhem
154,6841KP,Nachtschade,Arnhem
24,6826AN,Griftstraat,Arnhem
16,6828VX,Groen van Prinstererstraat,Arnhem
52,6826TC,Bethaniënstraat,Arnhem
70,6826TC,Bethaniënstraat,Arnhem
82,6826TD,Bethaniënstraat,Arnhem
86,6826TD,Bethaniënstraat,Arnhem
106,6826TE,Bethaniënstraat,Arnhem
180,6826TH,Bethaniënstraat,Arnhem
186,6826TH,Bethaniënstraat,Arnhem
2,6811MA,Betuwestraat,Arnhem
385,6845JX,Venlosingel,Arnhem
11,6844CV,Tilburgweg,Arnhem
31,6844CV,Tilburgweg,Arnhem
8,6844EA,Lieshoutstraat,Arnhem
38,6844EB,Lieshoutstraat,Arnhem
68,6844EB,Lieshoutstraat,Arnhem
112,6844ED,Lieshoutstraat,Arnhem
114,6844ED,Lieshoutstraat,Arnhem
131,6844EH,Lieshoutstraat,Arnhem
135,6844EH,Lieshoutstraat,Arnhem
137,6844EH,Lieshoutstraat,Arnhem
140,6844ED,Lieshoutstraat,Arnhem
115,6844HJ,Halsterenstraat,Arnhem
47,6844CC,Eindhovensingel,Arnhem
95,6844CD,Eindhovensingel,Arnhem
127,6844CE,Eindhovensingel,Arnhem
130,6844CP,Eindhovensingel,Arnhem
282,6844CT,Eindhovensingel,Arnhem
12,6844HS,Heeswijkstraat,Arnhem
39,6844HR,Heeswijkstraat,Arnhem
3,6844HT,Ravensteinpad,Arnhem
46,6821BW,Sint Marten,Arnhem
49,6821BT,Sint Marten,Arnhem
79,6821BT,Sint Marten,Arnhem
12,6832GW,Siriusdreef,Arnhem
28,6832GW,Siriusdreef,Arnhem
49,6832GV,Siriusdreef,Arnhem
50,6832GX,Siriusdreef,Arnhem
67,6832GV,Siriusdreef,Arnhem
79,6832GV,Siriusdreef,Arnhem
45,6826GB,Slaakweg,Arnhem
151,6826GD,Slaakweg,Arnhem
163,6826GE,Slaakweg,Arnhem
2,6832HS,Slangenwortelstraat,Arnhem
14,6832HS,Slangenwortelstraat,Arnhem
401,6843GW,Vlaardingenweg,Arnhem
15,6836CA,Louis Armstronghof,Arnhem
57,6836CA,Louis Armstronghof,Arnhem
18,6836CL,Count Basiehof,Arnhem
3,6836CC,Duke Ellingtonstraat,Arnhem
40,6836CG,Duke Ellingtonstraat,Arnhem
48,6836CG,Duke Ellingtonstraat,Arnhem
55,6836CD,Duke Ellingtonstraat,Arnhem
60,6836CH,Duke Ellingtonstraat,Arnhem
1,6836CJ,Billie Holidaypad,Arnhem
8,6836CK,Billie Holidaypad,Arnhem
172,6825HT,Middachtensingel,Arnhem
214,6825HV,Middachtensingel,Arnhem
24,6842CP,Elderhofseweg,Arnhem
28,6843NT,Elderhofseweg,Arnhem
41,6823GS,Middenweg,Arnhem
3,6825AM,Moersbergenlaan,Arnhem
19,6825GS,Molecatenstraat,Arnhem
34,6825GV,Molecatenstraat,Arnhem
80,6824AZ,Molenbeekstraat,Arnhem
144,6823AG,Monnikensteeg,Arnhem
150,6823AG,Monnikensteeg,Arnhem
176,6823AH,Monnikensteeg,Arnhem
184,6823AH,Monnikensteeg,Arnhem
234,6823AJ,Monnikensteeg,Arnhem
246,6823AK,Monnikensteeg,Arnhem
250,6823AK,Monnikensteeg,Arnhem
286,6823AL,Monnikensteeg,Arnhem
1057,6835HW,Groningensingel,Arnhem
1137,6835HX,Groningensingel,Arnhem
1,6835DN,Lesterhuispad,Arnhem
9,6835DN,Lesterhuispad,Arnhem
86,6823ME,Beukenlaan,Arnhem
206,6823MJ,Beukenlaan,Arnhem
254,6823MK,Beukenlaan,Arnhem
53,6825ER,Biljoenlaan,Arnhem
44,6826PZ,De Bitterstraat,Arnhem
2,6815BT,Van Blankenburgstraat,Arnhem
38,6827BW,Blankenweg,Arnhem
61,6828BK,Bloemstraat,Arnhem
41,6828DV,Boekhorstenstraat,Arnhem
60,6828DV,Boekhorstenstraat,Arnhem
18,6825BD,Boksbergenstraat,Arnhem
53,6811JW,Bolwerk,Arnhem
12,6844HA,Geffenstraat,Arnhem
34,6843BX,Katwoudehof,Arnhem
65,6843CB,Katwoudehof,Arnhem
71,6843CB,Katwoudehof,Arnhem
72,6843BZ,Katwoudehof,Arnhem
81,6843CB,Katwoudehof,Arnhem
20,6843BS,Medemblikhof,Arnhem
40,6811JR,Molenkom,Arnhem
40,6843SG,Helmondstraat,Arnhem
41,6843SB,Helmondstraat,Arnhem
46,6843SG,Helmondstraat,Arnhem
71,6843SC,Helmondstraat,Arnhem
176,6843SK,Helmondstraat,Arnhem
216,6843SL,Helmondstraat,Arnhem
218,6843SL,Helmondstraat,Arnhem
232,6843SL,Helmondstraat,Arnhem
9,6843ZL,Koewei,Arnhem
33,6843ZM,Van Gentswei,Arnhem
23,6843ZV,Verenwei,Arnhem
24,6843ZZ,Verenwei,Arnhem
16,6845MA,Panheelstraat,Arnhem
44,6845MB,Panheelstraat,Arnhem
52,6845MB,Panheelstraat,Arnhem
7,6836DP,Ella Fitzgeraldstraat,Arnhem
10,6836DR,Ella Fitzgeraldstraat,Arnhem
23,6836DP,Ella Fitzgeraldstraat,Arnhem
100,6836DX,Glenn Millerstraat,Arnhem
3,6836DJ,Charlie Parkerpad,Arnhem
5,6836DL,John Lennonstraat,Arnhem
113,6836DM,John Lennonstraat,Arnhem
129,6836DM,John Lennonstraat,Arnhem
79,6836DC,Elvis Presleystraat,Arnhem
5,6836HA,Otis Reddingplein,Arnhem
13,6836HA,Otis Reddingplein,Arnhem
39,6836HA,Otis Reddingplein,Arnhem
113,6836HC,Otis Reddingplein,Arnhem
131,6836HC,Otis Reddingplein,Arnhem
153,6836HC,Otis Reddingplein,Arnhem
101,6836GM,Dr. Joop den Uylsingel,Arnhem
8,6836EW,Kopstuk,Arnhem
18,6836EW,Kopstuk,Arnhem
29,6836EG,Martensbongerd,Arnhem
9,6836GJ,Aristoteleshof,Arnhem
37,6836GJ,Aristoteleshof,Arnhem
75,6828VD,Van Slingelandtstraat,Arnhem
93,6835HM,Drentesingel,Arnhem
121,6835HM,Drentesingel,Arnhem
26,6835HD,Meppelstraat,Arnhem
36,6835HD,Meppelstraat,Arnhem
47,6846AP,Boomkwekerserf,Arnhem
21,6846AE,Dorserserf,Arnhem
13,6846AC,Fruittelerserf,Arnhem
17,6846AC,Fruittelerserf,Arnhem
6,6846AD,Fruittelerserf,Arnhem
23,6846BE,Koperslagersveste,Arnhem
7,6846AL,Landbouwerserf,Arnhem
24,6846AK,Maaierserf,Arnhem
28,6846BJ,Stratenmakersveste,Arnhem
56,6846BK,Stratenmakersveste,Arnhem
18,6846AV,Tuinderserf,Arnhem
58,6846AV,Tuinderserf,Arnhem
124,6841KB,Brunelsingel,Arnhem
279,6843WH,Alkmaarsingel,Arnhem
11,6828EW,Blekerstraat,Arnhem
239,6834BG,Brandenburgseplein,Arnhem
96,6828JL,Parkstraat,Arnhem
76,6826BS,Zoomstraat,Arnhem
130,6826BS,Zoomstraat,Arnhem
152,6826BS,Zoomstraat,Arnhem
96,6846EH,Rentmeesterwaard,Arnhem
18,6841CS,Violierlaan,Arnhem
50,6826RE,Karel Doormanstraat,Arnhem
64,6826RG,Karel Doormanstraat,Arnhem
68,6826RG,Karel Doormanstraat,Arnhem
44,6843ZX,Verenwei,Arnhem
104,6843ZV,Verenwei,Arnhem
23,6843ZE,Vrouwburgerswei,Arnhem
11,6843XT,Reurikwei,Arnhem
20,6843XW,Reurikwei,Arnhem
48,6843XX,Reurikwei,Arnhem
67,6843XV,Reurikwei,Arnhem
81,6843XV,Reurikwei,Arnhem
6,6843XS,Koerlingwei,Arnhem
5,6843XJ,Hagemanswei,Arnhem
26,6843XK,Hagemanswei,Arnhem
41,6843JC,Pettenstraat,Arnhem
57,6843JC,Pettenstraat,Arnhem
5,6843JA,Elderveldplein,Arnhem
33,6811ER,Hemelrijk,Arnhem
18,6844BE,Beersstraat,Arnhem
5,6844BL,Beststraat,Arnhem
11,6844AE,Bladelstraat,Arnhem
7,6844AL,Cuijkstraat,Arnhem
15,6844AN,Erpstraat,Arnhem
27,6844AN,Erpstraat,Arnhem
39,6844AN,Erpstraat,Arnhem
14,6836KB,Copernicushof,Arnhem
31,6836KD,Da Vincistraat,Arnhem
71,6827DG,Snelliusweg,Arnhem
10,6846ML,Laan van de 17e september,Arnhem
63,6822AJ,Akkerstraat,Arnhem
9,6842BH,Hennepstraat,Arnhem
10,6842BK,Hennepstraat,Arnhem
2,6845AL,Aagtekerkesingel,Arnhem
32,6845AL,Aagtekerkesingel,Arnhem
50,6845AL,Aagtekerkesingel,Arnhem
6,6845AW,Meliskerkestraat,Arnhem
16,6845AW,Meliskerkestraat,Arnhem
21,6845AV,Meliskerkestraat,Arnhem
23,6845AV,Meliskerkestraat,Arnhem
25,6845AV,Meliskerkestraat,Arnhem
48,6845AW,Meliskerkestraat,Arnhem
50,6845AW,Meliskerkestraat,Arnhem
5,6845AX,Serooskerkewal,Arnhem
8,6845AZ,Serooskerkewal,Arnhem
22,6845AZ,Serooskerkewal,Arnhem
1,6845AS,Koudekerkepad,Arnhem
26,6845AT,Koudekerkepad,Arnhem
36,6845AT,Koudekerkepad,Arnhem
12,6845HT,Sevenumstraat,Arnhem
60,6828DX,C.A. Thiemestraat,Arnhem
158,6843WN,Alkmaarsingel,Arnhem
235,6843WG,Alkmaarsingel,Arnhem
90,6841KN,Nachtschade,Arnhem
92,6841KN,Nachtschade,Arnhem
85,6841KL,Veenwortelstraat,Arnhem
91,6841KL,Veenwortelstraat,Arnhem
24,6841KS,Zenegroen,Arnhem
159,6822JN,Agnietenstraat,Arnhem
18,6834EC,Hogenhof,Arnhem
26,6834EC,Hogenhof,Arnhem
6,6825JM,Hoge Waard,Arnhem
39,6825JL,Hoge Waard,Arnhem
11,6833GT,Holpijpstraat,Arnhem
91,6821LC,Hommelseweg,Arnhem
164,6821LP,Hommelseweg,Arnhem
112,6823JG,Bonte Wetering,Arnhem
10,6822KB,Borgardijnstraat,Arnhem
12,6822KB,Borgardijnstraat,Arnhem
26,6815CN,Lisztstraat,Arnhem
12,6843GL,Spijkenissestraat,Arnhem
25,6825KS,Terhorststraat,Arnhem
22,6828CS,Westeinde,Arnhem
1,6825JW,Wijde Slag,Arnhem
18,6841DJ,Heermoesstraat,Arnhem
4,6842BT,Westerveldsestraat,Arnhem
57,6846EK,Burgerwaard,Arnhem
28,6846EB,Het Hout,Arnhem
42,6846EB,Het Hout,Arnhem
58,6846ET,Pachterwaard,Arnhem
3,6846ED,Rijshout,Arnhem
31,6846ED,Rijshout,Arnhem
6,6846ED,Rijshout,Arnhem
19,6846EG,Schoolmeesterwaard,Arnhem
29,6846EG,Schoolmeesterwaard,Arnhem
17,6846EC,Timmerhout,Arnhem
5,6846EW,Tolgaarderwaard,Arnhem
19,6846EW,Tolgaarderwaard,Arnhem
26,6846ER,Voedsterwaard,Arnhem
151,6826GV,Volkerakstraat,Arnhem
179,6826GV,Volkerakstraat,Arnhem
183,6826GV,Volkerakstraat,Arnhem
21,6825ML,Delta,Arnhem
311,6843WJ,Alkmaarsingel,Arnhem
44,6843WZ,Enkhuizenstraat,Arnhem
5,6845GX,Aasterbergstraat,Arnhem
11,6845GE,Abshovenpad,Arnhem
28,6845GP,Afferdenpad,Arnhem
26,6845KA,Asbroekhof,Arnhem
28,6845KA,Asbroekhof,Arnhem
23,6845KC,Baakhovenstraat,Arnhem
131,6845KE,Baakhovenstraat,Arnhem
177,6845KG,Baakhovenstraat,Arnhem
179,6845KG,Baakhovenstraat,Arnhem
3,6845GA,Bakheidehof,Arnhem
20,6845KB,Beringehof,Arnhem
29,6845GV,Bleijenbeekhof,Arnhem
18,6845GC,Bouwberghof,Arnhem
22,6845GC,Bouwberghof,Arnhem
39,6845GR,Buggenumstraat,Arnhem
62,6845GT,Buggenumstraat,Arnhem
1,6845GL,Craubeekstraat,Arnhem
8,6845GM,Craubeekstraat,Arnhem
277,6828PV,Broekstraat,Arnhem
23,6811EA,Broerenstraat,Arnhem
19,6824PD,Bronbeeklaan,Arnhem
42,6824PH,Bronbeeklaan,Arnhem
122,6843HD,Kortlandplaats,Arnhem
261,6821LH,Hommelseweg,Arnhem
310,6821LT,Hommelseweg,Arnhem
396,6821LW,Hommelseweg,Arnhem
399,6821LK,Hommelseweg,Arnhem
486,6821LX,Hommelseweg,Arnhem
520,6821LZ,Hommelseweg,Arnhem
43,6828AJ,Hommelstraat,Arnhem
16,6832CK,Hondsdrafstraat,Arnhem
40,6832CK,Hondsdrafstraat,Arnhem
42,6832CK,Hondsdrafstraat,Arnhem
17,6812DL,Hoogstedelaan,Arnhem
51,6812DM,Hoogstedelaan,Arnhem
9,6824AK,Hoornestraat,Arnhem
23,6824AK,Hoornestraat,Arnhem
8,6826PJ,De Houtmanstraat,Arnhem
97,6826PG,De Houtmanstraat,Arnhem
141,6826PH,De Houtmanstraat,Arnhem
43,6822BC,Hovenierstraat,Arnhem
51,6822BC,Hovenierstraat,Arnhem
13,6826RR,Hudsonstraat,Arnhem
36,6826RS,Hudsonstraat,Arnhem
7,6824ML,Van Huevenstraat,Arnhem
10,6824MP,Van Huevenstraat,Arnhem
13,6824ML,Van Huevenstraat,Arnhem
21,6824ML,Van Huevenstraat,Arnhem
22,6824MP,Van Huevenstraat,Arnhem
40,6824MP,Van Huevenstraat,Arnhem
51,6824MN,Van Huevenstraat,Arnhem
4,6828TR,Hugo de Grootstraat,Arnhem
33,6828TP,Hugo de Grootstraat,Arnhem
41,6828TP,Hugo de Grootstraat,Arnhem
9,6812CE,Onderlangs,Arnhem
3,6825EM,Onsteinstraat,Arnhem
4,6825BK,Oosterhofstraat,Arnhem
25,6812CK,Oranjestraat,Arnhem
11,6835GW,Zuidlarenpad,Arnhem
10,6835JK,Appelschahof,Arnhem
19,6835JW,Dokkumlaan,Arnhem
21,6835JW,Dokkumlaan,Arnhem
14,6835KL,Heerenveenstraat,Arnhem
6,6835KR,Lemmerstraat,Arnhem
6,6835KN,Sneekpad,Arnhem
1,6835JJ,Wolvegastraat,Arnhem
11,6843CS,Blaricumhof,Arnhem
21,6843CS,Blaricumhof,Arnhem
49,6843CT,Blaricumhof,Arnhem
51,6843AW,Haarlemweg,Arnhem
24,6843CM,Heemstedehof,Arnhem
47,6843CL,Heemstedehof,Arnhem
11,6833LZ,Rie Mastenbroekhof,Arnhem
2,6833LZ,Rie Mastenbroekhof,Arnhem
55,6826BM,Waalstraat,Arnhem
117,6846EA,Het Hout,Arnhem
125,6846EA,Het Hout,Arnhem
8,6846KA,De Dissel,Arnhem
59,6846LC,Kustvaart,Arnhem
79,6846LC,Kustvaart,Arnhem
46,6841KH,Monnikskaplaan,Arnhem
25,6841KV,Zevenbladstraat,Arnhem
14,6841KW,Zevenbladstraat,Arnhem
52,6841KW,Zevenbladstraat,Arnhem
15,6825KB,Kleine Werf,Arnhem
65,6812DE,Klingelbeekseweg,Arnhem
14,6841GW,Klispad,Arnhem
87,6824RD,Kloosterstraat,Arnhem
19,6828SN,De Bosch Kemperstraat,Arnhem
15,6823HN,Dr. Bosstraat,Arnhem
43,6823HN,Dr. Bosstraat,Arnhem
21,6828KG,Boulevard Heuvelink,Arnhem
164,6843HE,Kortlandplaats,Arnhem
166,6843HE,Kortlandplaats,Arnhem
39,6843NP,Kralingenpad,Arnhem
49,6843NP,Kralingenpad,Arnhem
46,6843GR,Kromwijkplaats,Arnhem
58,6843GS,Kromwijkplaats,Arnhem
70,6843GS,Kromwijkplaats,Arnhem
16,6843HG,Leimuidenplaats,Arnhem
26,6843HL,Lexmondplaats,Arnhem
54,6843HM,Lexmondplaats,Arnhem
98,6843HN,Lexmondplaats,Arnhem
31,6843NK,Nieuwkoopstraat,Arnhem
13,6843KA,Reeuwijkplaats,Arnhem
28,6843MN,Rotterdamsingel,Arnhem
47,6843MN,Rotterdamsingel,Arnhem
29,6843MJ,Sassenheimstraat,Arnhem
47,6843MJ,Sassenheimstraat,Arnhem
6,6843JS,Stolwijkpad,Arnhem
8,6843NE,Strijenpad,Arnhem
34,6843LK,Zwijndrechtstraat,Arnhem
6,6835HJ,Drentesingel,Arnhem
12,6835HJ,Drentesingel,Arnhem
46,6828TR,Hugo de Grootstraat,Arnhem
69,6841CZ,Sleutelbloemstraat,Arnhem
31,6821CK,Van Slichtenhorststraat,Arnhem
43,6821CK,Van Slichtenhorststraat,Arnhem
38,6828VE,Van Slingelandtstraat,Arnhem
42,6828VE,Van Slingelandtstraat,Arnhem
15,6823ET,Victor de Stuerslaan,Arnhem
17,6823ET,Victor de Stuerslaan,Arnhem
26,6823EV,Victor de Stuerslaan,Arnhem
14,6822JA,Vinkenstraat,Arnhem
26,6822JA,Vinkenstraat,Arnhem
48,6822JA,Vinkenstraat,Arnhem
15,6841CR,Violierlaan,Arnhem
54,6841CT,Violierlaan,Arnhem
37,6815GB,Viottastraat,Arnhem
37,6833EK,Visserslaan,Arnhem
67,6833EL,Visserslaan,Arnhem
9,6815GV,Vivaldistraat,Arnhem
13,6815GV,Vivaldistraat,Arnhem
15,6815GV,Vivaldistraat,Arnhem
14,6824ND,Vondellaan,Arnhem
19,6824NA,Vondellaan,Arnhem
30,6824ND,Vondellaan,Arnhem
49,6824NB,Vondellaan,Arnhem
26,6822KD,Voorbroodstraat,Arnhem
23,6825HE,Vosbergenstraat,Arnhem
2,6824NM,Vosmaerstraat,Arnhem
83,6811JM,Vossenstraat,Arnhem
8,6826AX,Vrij Nederlandstraat,Arnhem
22,6843DJ,Hilversumstraat,Arnhem
45,6843DG,Hilversumstraat,Arnhem
53,6843DH,Hilversumstraat,Arnhem
15,6843CG,Krommeniehof,Arnhem
13,6843BA,Schipholplein,Arnhem
23,6843BC,Schipholplein,Arnhem
77,6843BG,Schipholplein,Arnhem
84,6843BE,Schipholplein,Arnhem
85,6843BH,Schipholplein,Arnhem
90,6843BG,Schipholplein,Arnhem
104,6843BH,Schipholplein,Arnhem
192,6843BM,Schipholplein,Arnhem
217,6843BR,Schipholplein,Arnhem
230,6843BR,Schipholplein,Arnhem
238,6843BR,Schipholplein,Arnhem
3,6843DD,Zaandampad,Arnhem
8,6832EV,Eimerssingel-West,Arnhem
9,6832EW,Eimerssingel-West,Arnhem
29,6834CX,Eimerssingel-Oost,Arnhem
20,6834EM,Ridderhof,Arnhem
31,6834EK,Ridderhof,Arnhem
115,6833BC,Groene Weide,Arnhem
93,6833DT,Grondelstraat,Arnhem
95,6833DT,Grondelstraat,Arnhem
115,6833DT,Grondelstraat,Arnhem
20,6841AL,Haagdoornstraat,Arnhem
59,6841AK,Haagdoornstraat,Arnhem
77,6841AK,Haagdoornstraat,Arnhem
20,6825GG,Hakfortlaan,Arnhem
96,6828KT,Boulevard Heuvelink,Arnhem
97,6828KJ,Boulevard Heuvelink,Arnhem
182,6828KX,Boulevard Heuvelink,Arnhem
9,6814CS,Bouriciusstraat,Arnhem
12,6814CW,Bouriciusstraat,Arnhem
1,6821GR,Bouwmeesterstraat,Arnhem
