311,8915ET,Johan Winklerwei,Leeuwarden
63,8932KD,Jacob Marisstraat,Leeuwarden
4,8911EN,Jacobijnerkerkhof,Leeuwarden
6,8911EN,Jacobijnerkerkhof,Leeuwarden
50,8911EN,Jacobijnerkerkhof,Leeuwarden
95,8911EN,Jacobijnerkerkhof,Leeuwarden
6,8921BE,Jakob van Aakenstraat,Leeuwarden
4,8912AR,James Wattstraat,Leeuwarden
5,8912AS,James Wattstraat,Leeuwarden
48,8922CS,Goudenregenstraat,Leeuwarden
34,8926NL,Liauckamastate,Leeuwarden
12,8925CK,Lieuwenburg,Leeuwarden
17,8925CH,Lieuwenburg,Leeuwarden
33,8925CH,Lieuwenburg,Leeuwarden
36,8925CK,Lieuwenburg,Leeuwarden
50,8925CK,Lieuwenburg,Leeuwarden
65,8925CJ,Lieuwenburg,Leeuwarden
11,8936AJ,Louwsmeerstraat,Leeuwarden
4,8932DJ,Lucas van Leydenstraat,Leeuwarden
2,8932JE,Ludolf Bakhuizenstraat,Leeuwarden
1,8921JG,Javastraat,Leeuwarden
2,8921JG,Javastraat,Leeuwarden
4,8921JG,Javastraat,Leeuwarden
14,8921JG,Javastraat,Leeuwarden
16,8921JG,Javastraat,Leeuwarden
5,8915KB,Jelle Brouwerwei,Leeuwarden
12,8915KA,Jelle Brouwerwei,Leeuwarden
22,8915KA,Jelle Brouwerwei,Leeuwarden
25,8915KB,Jelle Brouwerwei,Leeuwarden
29,8915KB,Jelle Brouwerwei,Leeuwarden
31,8915KB,Jelle Brouwerwei,Leeuwarden
335,8915EV,Johan Winklerwei,Leeuwarden
369,8915EW,Johan Winklerwei,Leeuwarden
389,8915EW,Johan Winklerwei,Leeuwarden
407,8915EX,Johan Winklerwei,Leeuwarden
419,8915EX,Johan Winklerwei,Leeuwarden
322,8918BL,de Kei,Leeuwarden
346,8918BM,de Kei,Leeuwarden
362,8918BN,de Kei,Leeuwarden
608,8918HP,de Jokse,Leeuwarden
8,8926NN,Jongamastate,Leeuwarden
20,8926NN,Jongamastate,Leeuwarden
37,8926NM,Jongamastate,Leeuwarden
175,8935LP,Keizerskroon,Leeuwarden
6,8932LS,Jan van Goyenstraat,Leeuwarden
81,8931AG,Julianalaan,Leeuwarden
89,8931AH,Julianalaan,Leeuwarden
100,8932AH,Julianalaan,Leeuwarden
5,8919AL,Jelsumerbinnenpad,Leeuwarden
5,8917EK,Jelsumerstraat,Leeuwarden
10,8917EN,Jelsumerstraat,Leeuwarden
12,8917EN,Jelsumerstraat,Leeuwarden
13,8917EK,Jelsumerstraat,Leeuwarden
21,8917EL,Jelsumerstraat,Leeuwarden
29,8917EL,Jelsumerstraat,Leeuwarden
31,8917EL,Jelsumerstraat,Leeuwarden
119,8935EE,Kamgras,Leeuwarden
132,8935ER,Kamgras,Leeuwarden
136,8935ER,Kamgras,Leeuwarden
138,8935ER,Kamgras,Leeuwarden
140,8935ER,Kamgras,Leeuwarden
147,8935EG,Kamgras,Leeuwarden
149,8935EH,Kamgras,Leeuwarden
181,8935EJ,Kamgras,Leeuwarden
183,8935EJ,Kamgras,Leeuwarden
5,8933AL,Kanaalstraat,Leeuwarden
8,8933AL,Kanaalstraat,Leeuwarden
366,8918BN,de Kei,Leeuwarden
374,8918BN,de Kei,Leeuwarden
414,8918BN,de Kei,Leeuwarden
434,8918BP,de Kei,Leeuwarden
442,8918BP,de Kei,Leeuwarden
4,8916AM,Landbuurt,Leeuwarden
6,8916AM,Landbuurt,Leeuwarden
8,8916AM,Landbuurt,Leeuwarden
9,8916AL,Landbuurt,Leeuwarden
10,8916AM,Landbuurt,Leeuwarden
26,8916AM,Landbuurt,Leeuwarden
32,8916AM,Landbuurt,Leeuwarden
1,8936AW,Langdeelstraat,Leeuwarden
26,8911AD,Lange Marktstraat,Leeuwarden
207,8935LR,Keizerskroon,Leeuwarden
215,8935LR,Keizerskroon,Leeuwarden
217,8935LR,Keizerskroon,Leeuwarden
233,8935LS,Keizerskroon,Leeuwarden
235,8935LS,Keizerskroon,Leeuwarden
237,8935LS,Keizerskroon,Leeuwarden
261,8935LS,Keizerskroon,Leeuwarden
267,8935LS,Keizerskroon,Leeuwarden
287,8935LT,Keizerskroon,Leeuwarden
289,8935LT,Keizerskroon,Leeuwarden
309,8935LT,Keizerskroon,Leeuwarden
9,8911DK,Kleine Kerkstraat,Leeuwarden
41,8911DL,Kleine Kerkstraat,Leeuwarden
45,8911DL,Kleine Kerkstraat,Leeuwarden
11,8936AN,Kleine Wielenstraat,Leeuwarden
16,8936AN,Kleine Wielenstraat,Leeuwarden
10,8911HC,Klokstraat,Leeuwarden
3,8911MB,Kloosterhof,Leeuwarden
12,8911MB,Kloosterhof,Leeuwarden
11,8933AL,Kanaalstraat,Leeuwarden
13,8933AL,Kanaalstraat,Leeuwarden
3,8924GM,Kastanjestraat,Leeuwarden
4,8911LA,Korfmakersstraat,Leeuwarden
9,8926KA,Koudenburg,Leeuwarden
14,8926KB,Koudenburg,Leeuwarden
17,8926KA,Koudenburg,Leeuwarden
25,8926KA,Koudenburg,Leeuwarden
28,8926KB,Koudenburg,Leeuwarden
29,8926KA,Koudenburg,Leeuwarden
31,8926KA,Koudenburg,Leeuwarden
32,8926KB,Koudenburg,Leeuwarden
39,8926KA,Koudenburg,Leeuwarden
9,8925HS,Lautastate,Leeuwarden
11,8925HS,Lautastate,Leeuwarden
12,8925HS,Lautastate,Leeuwarden
14,8925HS,Lautastate,Leeuwarden
14,8916BJ,Ibisstraat,Leeuwarden
21,8916BG,Ibisstraat,Leeuwarden
29,8916BH,Ibisstraat,Leeuwarden
38,8916BJ,Ibisstraat,Leeuwarden
9,8938AX,Icarusweg,Leeuwarden
6,8925AH,Idzerdastins,Leeuwarden
12,8925AH,Idzerdastins,Leeuwarden
78,8916CG,Leeuwerikstraat,Leeuwarden
79,8916CB,Leeuwerikstraat,Leeuwarden
99,8916CC,Leeuwerikstraat,Leeuwarden
109,8916CC,Leeuwerikstraat,Leeuwarden
118,8916CH,Leeuwerikstraat,Leeuwarden
120,8916CH,Leeuwerikstraat,Leeuwarden
122,8916CH,Leeuwerikstraat,Leeuwarden
125,8916CC,Leeuwerikstraat,Leeuwarden
21,8921KW,Jacob Binckesstraat,Leeuwarden
30,8921KZ,Jacob Binckesstraat,Leeuwarden
32,8921KZ,Jacob Binckesstraat,Leeuwarden
33,8921KX,Jacob Binckesstraat,Leeuwarden
34,8921KZ,Jacob Binckesstraat,Leeuwarden
35,8921KX,Jacob Binckesstraat,Leeuwarden
168,8925CL,Lieuwenburg,Leeuwarden
57,8932AZ,Jan Lievensstraat,Leeuwarden
64,8932BE,Jan Lievensstraat,Leeuwarden
67,8932AZ,Jan Lievensstraat,Leeuwarden
73,8932BA,Jan Lievensstraat,Leeuwarden
76,8932BE,Jan Lievensstraat,Leeuwarden
84,8932BE,Jan Lievensstraat,Leeuwarden
88,8932BE,Jan Lievensstraat,Leeuwarden
98,8932BE,Jan Lievensstraat,Leeuwarden
107,8932BB,Jan Lievensstraat,Leeuwarden
110,8932BG,Jan Lievensstraat,Leeuwarden
120,8932BH,Jan Lievensstraat,Leeuwarden
128,8932BH,Jan Lievensstraat,Leeuwarden
1,8915DB,Jan Piebengawei,Leeuwarden
3,8915DB,Jan Piebengawei,Leeuwarden
6,8923CN,Krijn van den Helmstraat,Leeuwarden
11,8923CL,Krijn van den Helmstraat,Leeuwarden
21,8923CL,Krijn van den Helmstraat,Leeuwarden
143,8925KZ,Lycklamastins,Leeuwarden
147,8925KZ,Lycklamastins,Leeuwarden
169,8925KZ,Lycklamastins,Leeuwarden
175,8925KZ,Lycklamastins,Leeuwarden
5,8935NA,Maagdepalm,Leeuwarden
11,8935NA,Maagdepalm,Leeuwarden
26,8925AH,Idzerdastins,Leeuwarden
28,8925AH,Idzerdastins,Leeuwarden
40,8925AH,Idzerdastins,Leeuwarden
59,8925AG,Idzerdastins,Leeuwarden
72,8925AJ,Idzerdastins,Leeuwarden
80,8925AJ,Idzerdastins,Leeuwarden
445,8915EZ,Johan Winklerwei,Leeuwarden
21,8921BJ,Johannes Semsstraat,Leeuwarden
77,8921GR,Jacob Binckesstraat,Leeuwarden
80,8921GS,Jacob Binckesstraat,Leeuwarden
87,8921GR,Jacob Binckesstraat,Leeuwarden
88,8921GS,Jacob Binckesstraat,Leeuwarden
3,8932KC,Jacob Marisstraat,Leeuwarden
8,8932KE,Jacob Marisstraat,Leeuwarden
12,8932KE,Jacob Marisstraat,Leeuwarden
15,8932KC,Jacob Marisstraat,Leeuwarden
46,8926NN,Jongamastate,Leeuwarden
1,8925HV,Jornsmastate,Leeuwarden
16,8925HV,Jornsmastate,Leeuwarden
81,8925CJ,Lieuwenburg,Leeuwarden
91,8925CJ,Lieuwenburg,Leeuwarden
109,8925CJ,Lieuwenburg,Leeuwarden
119,8925CJ,Lieuwenburg,Leeuwarden
132,8925CL,Lieuwenburg,Leeuwarden
137,8925CJ,Lieuwenburg,Leeuwarden
152,8925CL,Lieuwenburg,Leeuwarden
157,8925CJ,Lieuwenburg,Leeuwarden
158,8925CL,Lieuwenburg,Leeuwarden
162,8925CL,Lieuwenburg,Leeuwarden
50,8935ND,Maagdepalm,Leeuwarden
10,8932DE,Jeroen Boschstraat,Leeuwarden
14,8921XB,Johan de Walestraat,Leeuwarden
3,8915AN,Johan Wagenaarstraat,Leeuwarden
3,8933BN,Johan Willem Frisostraat,Leeuwarden
101,8918GP,de Jokse,Leeuwarden
113,8918GP,de Jokse,Leeuwarden
123,8918GR,de Jokse,Leeuwarden
478,8918BR,de Kei,Leeuwarden
488,8918BR,de Kei,Leeuwarden
490,8918BR,de Kei,Leeuwarden
500,8918BR,de Kei,Leeuwarden
536,8918BS,de Kei,Leeuwarden
540,8918BS,de Kei,Leeuwarden
564,8918BT,de Kei,Leeuwarden
27,8925HV,Jornsmastate,Leeuwarden
29,8925HV,Jornsmastate,Leeuwarden
20,8917CC,Joubertstraat,Leeuwarden
5,8934AX,Jouwsmastraat,Leeuwarden
10,8934AZ,Jouwsmastraat,Leeuwarden
13,8934AX,Jouwsmastraat,Leeuwarden
17,8934AX,Jouwsmastraat,Leeuwarden
20,8934AZ,Jouwsmastraat,Leeuwarden
26,8934AZ,Jouwsmastraat,Leeuwarden
29,8934AX,Jouwsmastraat,Leeuwarden
4,8932HT,Jozef Israëlsstraat,Leeuwarden
23,8911JD,Kelders,Leeuwarden
8,8912BA,Kelvinstraat,Leeuwarden
4,8938AE,Jupiterweg,Leeuwarden
14,8938AE,Jupiterweg,Leeuwarden
17,8938AD,Jupiterweg,Leeuwarden
18,8938AE,Jupiterweg,Leeuwarden
14,8933BP,Johan Willem Frisostraat,Leeuwarden
17,8933BN,Johan Willem Frisostraat,Leeuwarden
28,8933BP,Johan Willem Frisostraat,Leeuwarden
4,8915GA,Johan Winklerwei,Leeuwarden
7,8915EJ,Johan Winklerwei,Leeuwarden
11,8924GM,Kastanjestraat,Leeuwarden
4,8919AK,Keegsdijkje,Leeuwarden
32,8921EV,Keetwaltje,Leeuwarden
34,8921EV,Keetwaltje,Leeuwarden
46,8921EV,Keetwaltje,Leeuwarden
592,8918BV,de Kei,Leeuwarden
594,8918BV,de Kei,Leeuwarden
14,8925JR,Keimpemastins,Leeuwarden
17,8925JS,Keimpemastins,Leeuwarden
18,8925JR,Keimpemastins,Leeuwarden
25,8925JS,Keimpemastins,Leeuwarden
36,8925HS,Lautastate,Leeuwarden
40,8925HS,Lautastate,Leeuwarden
48,8925HS,Lautastate,Leeuwarden
52,8925HS,Lautastate,Leeuwarden
72,8925HS,Lautastate,Leeuwarden
19,8918DA,van der Leckplein,Leeuwarden
1,8916BW,Kievitstraat,Leeuwarden
5,8916BW,Kievitstraat,Leeuwarden
10,8916BX,Kievitstraat,Leeuwarden
23,8916BW,Kievitstraat,Leeuwarden
30,8916BZ,Kievitstraat,Leeuwarden
38,8916BZ,Kievitstraat,Leeuwarden
11,8926NA,Kingmastate,Leeuwarden
21,8926NA,Kingmastate,Leeuwarden
140,8916CJ,Leeuwerikstraat,Leeuwarden
146,8916CK,Leeuwerikstraat,Leeuwarden
148,8916CK,Leeuwerikstraat,Leeuwarden
150,8916CK,Leeuwerikstraat,Leeuwarden
154,8916CK,Leeuwerikstraat,Leeuwarden
28,8938AE,Jupiterweg,Leeuwarden
12,8916BK,Koekoekstraat,Leeuwarden
1,8921LZ,Koeplein,Leeuwarden
18,8921NA,Koeplein,Leeuwarden
31,8921LZ,Koeplein,Leeuwarden
33,8923BK,Koerierstersespel,Leeuwarden
63,8923BL,Koerierstersespel,Leeuwarden
65,8923BL,Koerierstersespel,Leeuwarden
75,8923BL,Koerierstersespel,Leeuwarden
13,8918AR,de Kei,Leeuwarden
18,8918AZ,de Kei,Leeuwarden
28,8918AZ,de Kei,Leeuwarden
30,8918BA,de Kei,Leeuwarden
31,8918AS,de Kei,Leeuwarden
31,8911KP,Kruisstraat,Leeuwarden
32,8911KP,Kruisstraat,Leeuwarden
41,8911KP,Kruisstraat,Leeuwarden
65,8911KP,Kruisstraat,Leeuwarden
79,8911KP,Kruisstraat,Leeuwarden
6,8925BR,Monsmastate,Leeuwarden
11,8925BP,Monsmastate,Leeuwarden
87,8921GE,Noordvliet,Leeuwarden
52,8916DA,Nieuw Sonnenborgh,Leeuwarden
56,8916DA,Nieuw Sonnenborgh,Leeuwarden
58,8916DA,Nieuw Sonnenborgh,Leeuwarden
6,8935BH,Nieuw-Rapenburg,Leeuwarden
10,8935BH,Nieuw-Rapenburg,Leeuwarden
21,8935BG,Nieuw-Rapenburg,Leeuwarden
10,8922JK,Oenkerkstraat,Leeuwarden
12,8922JK,Oenkerkstraat,Leeuwarden
14,8922JK,Oenkerkstraat,Leeuwarden
6,8915CG,Offenbachstraat,Leeuwarden
4,8925HJ,Okkingastate,Leeuwarden
9,8925HJ,Okkingastate,Leeuwarden
2,8922AE,Oldegalileën,Leeuwarden
4,8922AE,Oldegalileën,Leeuwarden
67,8911CK,Nieuwestad,Leeuwarden
80,8911CW,Nieuwestad,Leeuwarden
118,8911CZ,Nieuwestad,Leeuwarden
17,8933BR,Oranje-Nassaustraat,Leeuwarden
29,8938AG,Orionweg,Leeuwarden
3,8926LK,Osingastate,Leeuwarden
35,8911GX,Poststraat,Leeuwarden
4,8914AL,Potgieterstraat,Leeuwarden
25,8914AJ,Potgieterstraat,Leeuwarden
37,8914AK,Potgieterstraat,Leeuwarden
43,8914AK,Potgieterstraat,Leeuwarden
49,8914AK,Potgieterstraat,Leeuwarden
549,8924AE,Noordvliet,Leeuwarden
6,8911EL,Perkswaltje,Leeuwarden
1,8913CH,Pier Panderstraat,Leeuwarden
16,8913CH,Pier Panderstraat,Leeuwarden
20,8922AE,Oldegalileën,Leeuwarden
35,8922AA,Oldegalileën,Leeuwarden
38,8922AG,Oldegalileën,Leeuwarden
45,8922AB,Oldegalileën,Leeuwarden
50,8922AG,Oldegalileën,Leeuwarden
58,8922AG,Oldegalileën,Leeuwarden
66,8922AG,Oldegalileën,Leeuwarden
16,8933GD,Pieter Stuyvesantweg,Leeuwarden
33,8937AC,Pieter Stuyvesantweg,Leeuwarden
40,8933GE,Pieter Stuyvesantweg,Leeuwarden
23,8926LK,Osingastate,Leeuwarden
10,8926MD,Orxmastate,Leeuwarden
75,8923BE,Pilotenespel,Leeuwarden
97,8923BG,Pilotenespel,Leeuwarden
99,8923BG,Pilotenespel,Leeuwarden
8,8925HH,Papingastins,Leeuwarden
19,8912AT,Pascalstraat,Leeuwarden
2,8921VR,Pasteurweg,Leeuwarden
34,8921VR,Pasteurweg,Leeuwarden
41,8921VN,Pasteurweg,Leeuwarden
52,8921VS,Pasteurweg,Leeuwarden
53,8921VR,Pasteurweg,Leeuwarden
54,8921VS,Pasteurweg,Leeuwarden
57,8921VP,Pasteurweg,Leeuwarden
75,8921VP,Pasteurweg,Leeuwarden
17,8921GL,Piet Heinstraat,Leeuwarden
45,8937AD,Pieter Stuyvesantweg,Leeuwarden
48,8933GE,Pieter Stuyvesantweg,Leeuwarden
62,8933GE,Pieter Stuyvesantweg,Leeuwarden
85,8937AE,Pieter Stuyvesantweg,Leeuwarden
14,8931EA,Marijkestraat,Leeuwarden
22,8931EA,Marijkestraat,Leeuwarden
24,8931EA,Marijkestraat,Leeuwarden
105,8923BG,Pilotenespel,Leeuwarden
127,8923BH,Pilotenespel,Leeuwarden
135,8923BH,Pilotenespel,Leeuwarden
165,8923BJ,Pilotenespel,Leeuwarden
171,8923BJ,Pilotenespel,Leeuwarden
179,8923BJ,Pilotenespel,Leeuwarden
1,8921PT,Pinkstraat,Leeuwarden
3,8921PT,Pinkstraat,Leeuwarden
8,8921PT,Pinkstraat,Leeuwarden
12,8921PT,Pinkstraat,Leeuwarden
27,8922CJ,Meidoornstraat,Leeuwarden
16,8913BT,Midlumerstraat,Leeuwarden
19,8911GW,Minnemastraat,Leeuwarden
17,8911GW,Minnemastraat,Leeuwarden
39,8911GW,Poststraat,Leeuwarden
5,8926RJ,Mockemastate,Leeuwarden
16,8926RK,Mockemastate,Leeuwarden
9,8921BG,Molenpad,Leeuwarden
30,8921BH,Molenpad,Leeuwarden
53,8931ED,Prinsessenweg,Leeuwarden
75,8931EE,Prinsessenweg,Leeuwarden
20,8925BR,Monsmastate,Leeuwarden
24,8925BR,Monsmastate,Leeuwarden
5,8916GX,Mozartstraat,Leeuwarden
6,8916HC,Mozartstraat,Leeuwarden
11,8916GX,Mozartstraat,Leeuwarden
22,8916HC,Mozartstraat,Leeuwarden
30,8916HD,Mozartstraat,Leeuwarden
46,8916HD,Mozartstraat,Leeuwarden
55,8916GZ,Mozartstraat,Leeuwarden
61,8916GZ,Mozartstraat,Leeuwarden
63,8916GZ,Mozartstraat,Leeuwarden
65,8916GZ,Mozartstraat,Leeuwarden
69,8916GZ,Mozartstraat,Leeuwarden
12,8913GW,Marnixstraat,Leeuwarden
14,8913GW,Marnixstraat,Leeuwarden
24,8913GW,Marnixstraat,Leeuwarden
33,8935BG,Nieuw-Rapenburg,Leeuwarden
13,8932ES,Nieuwe Hollanderdijk,Leeuwarden
21,8932ES,Nieuwe Hollanderdijk,Leeuwarden
23,8932ES,Nieuwe Hollanderdijk,Leeuwarden
59,8932ET,Nieuwe Hollanderdijk,Leeuwarden
29,8922BN,Leliestraat,Leeuwarden
1,8914AM,van Lennepstraat,Leeuwarden
3,8914AM,van Lennepstraat,Leeuwarden
48,8935KZ,Lenteklokje,Leeuwarden
57,8935KS,Lenteklokje,Leeuwarden
60,8935KZ,Lenteklokje,Leeuwarden
61,8935KS,Lenteklokje,Leeuwarden
64,8935KZ,Lenteklokje,Leeuwarden
66,8935KZ,Lenteklokje,Leeuwarden
123,8915HN,Jan Jelles Hofleane,Leeuwarden
81,8916HA,Mozartstraat,Leeuwarden
107,8916HB,Mozartstraat,Leeuwarden
11,8921HL,Noordvlietstraat,Leeuwarden
15,8921HL,Noordvlietstraat,Leeuwarden
16,8921HM,Noordvlietstraat,Leeuwarden
23,8921HL,Noordvlietstraat,Leeuwarden
27,8921HL,Noordvlietstraat,Leeuwarden
29,8921HL,Noordvlietstraat,Leeuwarden
8,8922AJ,Noteboomstraat,Leeuwarden
11,8922AJ,Noteboomstraat,Leeuwarden
21,8933GV,Notenstraat,Leeuwarden
8,8915DS,Nyckle Haismawei,Leeuwarden
16,8915DS,Nyckle Haismawei,Leeuwarden
3,8911KM,Nieuwe Oosterstraat,Leeuwarden
24,8911KN,Nieuwe Oosterstraat,Leeuwarden
28,8911KN,Nieuwe Oosterstraat,Leeuwarden
2,8932HB,Nieuwe Schrans,Leeuwarden
8,8932HB,Nieuwe Schrans,Leeuwarden
13,8932HA,Nieuwe Schrans,Leeuwarden
85,8922AC,Oldegalileën,Leeuwarden
98,8922AG,Oldegalileën,Leeuwarden
105,8922AC,Oldegalileën,Leeuwarden
107,8922AC,Oldegalileën,Leeuwarden
119,8922AC,Oldegalileën,Leeuwarden
121,8922AC,Oldegalileën,Leeuwarden
145,8915HN,Jan Jelles Hofleane,Leeuwarden
155,8915HN,Jan Jelles Hofleane,Leeuwarden
165,8915HN,Jan Jelles Hofleane,Leeuwarden
167,8915HN,Jan Jelles Hofleane,Leeuwarden
10,8932BC,Jan Lievensstraat,Leeuwarden
11,8932AW,Jan Lievensstraat,Leeuwarden
13,8932AW,Jan Lievensstraat,Leeuwarden
14,8932BC,Jan Lievensstraat,Leeuwarden
32,8932BD,Jan Lievensstraat,Leeuwarden
33,8932AX,Jan Lievensstraat,Leeuwarden
40,8932BD,Jan Lievensstraat,Leeuwarden
50,8932BD,Jan Lievensstraat,Leeuwarden
51,8932AZ,Jan Lievensstraat,Leeuwarden
51,8917BL,Paul Krugerstraat,Leeuwarden
61,8917BL,Paul Krugerstraat,Leeuwarden
10,8915KD,Paulus Akkermanwei,Leeuwarden
19,8915KC,Paulus Akkermanwei,Leeuwarden
22,8915KD,Paulus Akkermanwei,Leeuwarden
26,8915KD,Paulus Akkermanwei,Leeuwarden
29,8915KC,Paulus Akkermanwei,Leeuwarden
39,8915KC,Paulus Akkermanwei,Leeuwarden
52,8915KD,Paulus Akkermanwei,Leeuwarden
17,8915DR,Nyckle Haismawei,Leeuwarden
30,8915DS,Nyckle Haismawei,Leeuwarden
8,8915JH,Nynke van Hichtumwei,Leeuwarden
4,8932LZ,Pieter de Hooghstraat,Leeuwarden
6,8932LZ,Pieter de Hooghstraat,Leeuwarden
11,8932LX,Pieter de Hooghstraat,Leeuwarden
15,8932LX,Pieter de Hooghstraat,Leeuwarden
19,8932LX,Pieter de Hooghstraat,Leeuwarden
20,8932LZ,Pieter de Hooghstraat,Leeuwarden
21,8932LX,Pieter de Hooghstraat,Leeuwarden
25,8932LX,Pieter de Hooghstraat,Leeuwarden
31,8932LX,Pieter de Hooghstraat,Leeuwarden
36,8932LZ,Pieter de Hooghstraat,Leeuwarden
15,8921BC,Pieter de Swartstraat,Leeuwarden
21,8921BC,Pieter de Swartstraat,Leeuwarden
22,8921BD,Pieter de Swartstraat,Leeuwarden
151,8922AD,Oldegalileën,Leeuwarden
169,8922AD,Oldegalileën,Leeuwarden
227,8922AD,Oldegalileën,Leeuwarden
98,8933GH,Pieter Stuyvesantweg,Leeuwarden
103,8937AE,Pieter Stuyvesantweg,Leeuwarden
104,8933GH,Pieter Stuyvesantweg,Leeuwarden
106,8933GH,Pieter Stuyvesantweg,Leeuwarden
112,8933GH,Pieter Stuyvesantweg,Leeuwarden
124,8933GH,Pieter Stuyvesantweg,Leeuwarden
127,8937AG,Pieter Stuyvesantweg,Leeuwarden
77,8931AG,Julianalaan,Leeuwarden
38,8931DK,Prins Bernhardstraat,Leeuwarden
48,8931DK,Prins Bernhardstraat,Leeuwarden
1,8935DA,Prins Clausplein,Leeuwarden
5,8935DA,Prins Clausplein,Leeuwarden
11,8935DA,Prins Clausplein,Leeuwarden
15,8935DA,Prins Clausplein,Leeuwarden
29,8935DB,Prins Clausplein,Leeuwarden
53,8935DC,Prins Clausplein,Leeuwarden
57,8935DC,Prins Clausplein,Leeuwarden
62,8935DC,Prins Clausplein,Leeuwarden
64,8935DC,Prins Clausplein,Leeuwarden
71,8935DC,Prins Clausplein,Leeuwarden
86,8935NG,Maagdepalm,Leeuwarden
104,8935NG,Maagdepalm,Leeuwarden
122,8935NH,Maagdepalm,Leeuwarden
126,8935NH,Maagdepalm,Leeuwarden
128,8935NH,Maagdepalm,Leeuwarden
134,8935NH,Maagdepalm,Leeuwarden
13,8921GV,Maerten Gerritszstraat,Leeuwarden
1,8924GC,Magnoliastraat,Leeuwarden
3,8924GC,Magnoliastraat,Leeuwarden
136,8933GJ,Pieter Stuyvesantweg,Leeuwarden
159,8937AH,Pieter Stuyvesantweg,Leeuwarden
36,8913GW,Marnixstraat,Leeuwarden
40,8913GX,Marnixstraat,Leeuwarden
46,8913GX,Marnixstraat,Leeuwarden
48,8913GX,Marnixstraat,Leeuwarden
54,8913GX,Marnixstraat,Leeuwarden
56,8913GX,Marnixstraat,Leeuwarden
17,8931BJ,Kinkhoornstraat,Leeuwarden
19,8931BJ,Kinkhoornstraat,Leeuwarden
7,8926KX,Kippenburg,Leeuwarden
14,8926KX,Kippenburg,Leeuwarden
25,8926KX,Kippenburg,Leeuwarden
8,8911BV,Klein Schavernek,Leeuwarden
22,8911BV,Klein Schavernek,Leeuwarden
5,8911HD,Kleine Hoogstraat,Leeuwarden
67,8935KT,Lenteklokje,Leeuwarden
73,8935KT,Lenteklokje,Leeuwarden
79,8935KT,Lenteklokje,Leeuwarden
9,8911BT,Molensteeg,Leeuwarden
7,8913BA,Molenstraat,Leeuwarden
11,8913BA,Molenstraat,Leeuwarden
23,8913BA,Molenstraat,Leeuwarden
26,8913BC,Molenstraat,Leeuwarden
40,8913BC,Molenstraat,Leeuwarden
78,8913BD,Molenstraat,Leeuwarden
3,8918DK,Mondriaanstraat,Leeuwarden
8,8924GE,Magnoliastraat,Leeuwarden
61,8936AH,Murkstraat,Leeuwarden
81,8936AH,Murkstraat,Leeuwarden
87,8936AH,Murkstraat,Leeuwarden
91,8936AH,Murkstraat,Leeuwarden
93,8936AH,Murkstraat,Leeuwarden
24,8931BT,Marowijnestraat,Leeuwarden
7,8912AC,Marshallweg,Leeuwarden
8,8913AH,Marssumerstraat,Leeuwarden
11,8913AE,Marssumerstraat,Leeuwarden
20,8913AH,Marssumerstraat,Leeuwarden
22,8932HB,Nieuwe Schrans,Leeuwarden
23,8932HA,Nieuwe Schrans,Leeuwarden
36,8911GA,Nieuweburen,Leeuwarden
14,8933EX,Polderstraat,Leeuwarden
35,8933EW,Polderstraat,Leeuwarden
37,8933EW,Polderstraat,Leeuwarden
2,8924AH,Poppeweg,Leeuwarden
12,8924AH,Poppeweg,Leeuwarden
19,8924AG,Poppeweg,Leeuwarden
35,8924AG,Poppeweg,Leeuwarden
3,8911GA,Poptasteeg,Leeuwarden
1,8924HL,Populierstraat,Leeuwarden
1,8937AA,de Merodestraat,Leeuwarden
39,8937AA,de Merodestraat,Leeuwarden
40,8937AA,de Merodestraat,Leeuwarden
1,8932HZ,Mesdagstraat,Leeuwarden
4,8932JA,Mesdagstraat,Leeuwarden
17,8918DK,Mondriaanstraat,Leeuwarden
18,8916BA,Nachtegaalstraat,Leeuwarden
10,8915JH,Nynke van Hichtumwei,Leeuwarden
11,8915JE,Nynke van Hichtumwei,Leeuwarden
12,8915JH,Nynke van Hichtumwei,Leeuwarden
16,8915JH,Nynke van Hichtumwei,Leeuwarden
17,8915JE,Nynke van Hichtumwei,Leeuwarden
23,8915JE,Nynke van Hichtumwei,Leeuwarden
25,8915JE,Nynke van Hichtumwei,Leeuwarden
26,8915JH,Nynke van Hichtumwei,Leeuwarden
29,8915JG,Nynke van Hichtumwei,Leeuwarden
31,8915JG,Nynke van Hichtumwei,Leeuwarden
46,8915JJ,Nynke van Hichtumwei,Leeuwarden
49,8915JG,Nynke van Hichtumwei,Leeuwarden
50,8915JJ,Nynke van Hichtumwei,Leeuwarden
80,8915JJ,Nynke van Hichtumwei,Leeuwarden
91,8911EX,Nieuweburen,Leeuwarden
7,8931AJ,Oostergoplein,Leeuwarden
95,8935KV,Lenteklokje,Leeuwarden
97,8935KV,Lenteklokje,Leeuwarden
107,8935KV,Lenteklokje,Leeuwarden
135,8935KW,Lenteklokje,Leeuwarden
145,8935KW,Lenteklokje,Leeuwarden
1,8926RC,Lettingastate,Leeuwarden
6,8926RC,Lettingastate,Leeuwarden
14,8926RC,Lettingastate,Leeuwarden
6,8911EK,A.S. Levissonstraat,Leeuwarden
3,8926NK,Liauckamastate,Leeuwarden
7,8926NK,Liauckamastate,Leeuwarden
99,8935RB,Poelruit,Leeuwarden
101,8935RC,Poelruit,Leeuwarden
109,8935RC,Poelruit,Leeuwarden
7,8922JH,Noordendorpstraat,Leeuwarden
21,8932HR,Paulus Moreelsestraat,Leeuwarden
24,8932HS,Paulus Moreelsestraat,Leeuwarden
30,8932HS,Paulus Moreelsestraat,Leeuwarden
6,8932KL,Paulus Potterstraat,Leeuwarden
12,8932KL,Paulus Potterstraat,Leeuwarden
55,8932KK,Paulus Potterstraat,Leeuwarden
3,8915DN,Obe Postmawei,Leeuwarden
9,8915DN,Obe Postmawei,Leeuwarden
14,8915DP,Obe Postmawei,Leeuwarden
26,8915DP,Obe Postmawei,Leeuwarden
17,8914AE,Pieter Langendijkstraat,Leeuwarden
19,8914AE,Pieter Langendijkstraat,Leeuwarden
26,8914AG,Pieter Langendijkstraat,Leeuwarden
50,8914AH,Pieter Langendijkstraat,Leeuwarden
5,8932LL,Pieter Lastmanstraat,Leeuwarden
11,8932LL,Pieter Lastmanstraat,Leeuwarden
13,8932LL,Pieter Lastmanstraat,Leeuwarden
15,8932LL,Pieter Lastmanstraat,Leeuwarden
21,8932LL,Pieter Lastmanstraat,Leeuwarden
25,8932LL,Pieter Lastmanstraat,Leeuwarden
35,8932LL,Pieter Lastmanstraat,Leeuwarden
8,8934BZ,Pieter Meeterstraat,Leeuwarden
16,8934BZ,Pieter Meeterstraat,Leeuwarden
22,8934BZ,Pieter Meeterstraat,Leeuwarden
1,8921VK,Pieter Pauwstraat,Leeuwarden
26,8911KH,Oosterkade,Leeuwarden
27,8911KH,Oosterkade,Leeuwarden
30,8911KH,Oosterkade,Leeuwarden
32,8911KH,Oosterkade,Leeuwarden
33,8911KH,Oosterkade,Leeuwarden
48,8911KJ,Oosterkade,Leeuwarden
52,8911KJ,Oosterkade,Leeuwarden
55,8911KJ,Oosterkade,Leeuwarden
56,8911KJ,Oosterkade,Leeuwarden
176,8933GK,Pieter Stuyvesantweg,Leeuwarden
188,8933GK,Pieter Stuyvesantweg,Leeuwarden
192,8933GK,Pieter Stuyvesantweg,Leeuwarden
198,8933GL,Pieter Stuyvesantweg,Leeuwarden
7,8932HZ,Mesdagstraat,Leeuwarden
14,8932JA,Mesdagstraat,Leeuwarden
19,8932HZ,Mesdagstraat,Leeuwarden
22,8932JA,Mesdagstraat,Leeuwarden
27,8932HZ,Mesdagstraat,Leeuwarden
28,8932JA,Mesdagstraat,Leeuwarden
29,8932HZ,Mesdagstraat,Leeuwarden
1,8916BL,Mezenstraat,Leeuwarden
8,8916BL,Mezenstraat,Leeuwarden
2,8931AK,Middelzeelaan,Leeuwarden
16,8931AK,Middelzeelaan,Leeuwarden
20,8931AK,Middelzeelaan,Leeuwarden
26,8931AK,Middelzeelaan,Leeuwarden
34,8931AK,Middelzeelaan,Leeuwarden
5,8913BT,Midlumerstraat,Leeuwarden
8,8913BT,Midlumerstraat,Leeuwarden
93,8935DD,Prins Clausplein,Leeuwarden
96,8935DD,Prins Clausplein,Leeuwarden
112,8935DE,Prins Clausplein,Leeuwarden
24,8915EA,Pieter Sipmawei,Leeuwarden
28,8915EA,Pieter Sipmawei,Leeuwarden
42,8915EA,Pieter Sipmawei,Leeuwarden
46,8915EA,Pieter Sipmawei,Leeuwarden
68,8915EB,Pieter Sipmawei,Leeuwarden
69,8935RT,Mannagras,Leeuwarden
7,8921AK,Margaretha de Heerstraat,Leeuwarden
9,8921AK,Margaretha de Heerstraat,Leeuwarden
11,8921AK,Margaretha de Heerstraat,Leeuwarden
13,8921AK,Margaretha de Heerstraat,Leeuwarden
27,8921AK,Margaretha de Heerstraat,Leeuwarden
4,8911HP,Maria Annastraatje,Leeuwarden
7,8911HP,Maria Annastraatje,Leeuwarden
8,8933AP,Maria Louisastraat,Leeuwarden
9,8933AN,Maria Louisastraat,Leeuwarden
11,8933AN,Maria Louisastraat,Leeuwarden
12,8933AP,Maria Louisastraat,Leeuwarden
17,8933AN,Maria Louisastraat,Leeuwarden
206,8933GL,Pieter Stuyvesantweg,Leeuwarden
208,8933GL,Pieter Stuyvesantweg,Leeuwarden
214,8933GL,Pieter Stuyvesantweg,Leeuwarden
5,8931DL,Mauritsplein,Leeuwarden
8,8931DL,Mauritsplein,Leeuwarden
12,8931DL,Mauritsplein,Leeuwarden
14,8931DL,Mauritsplein,Leeuwarden
21,8931DL,Mauritsplein,Leeuwarden
27,8931DL,Mauritsplein,Leeuwarden
74,8931GM,Nijlânsdyk,Leeuwarden
88,8931GM,Nijlânsdyk,Leeuwarden
97,8931ET,Nijlânsdyk,Leeuwarden
98,8931GN,Nijlânsdyk,Leeuwarden
9,8911LD,Oude Oosterstraat,Leeuwarden
20,8918DG,Mondriaanstraat,Leeuwarden
22,8918DG,Mondriaanstraat,Leeuwarden
23,8918DK,Mondriaanstraat,Leeuwarden
42,8918DG,Mondriaanstraat,Leeuwarden
56,8918DH,Mondriaanstraat,Leeuwarden
64,8918DH,Mondriaanstraat,Leeuwarden
66,8918DH,Mondriaanstraat,Leeuwarden
76,8918DH,Mondriaanstraat,Leeuwarden
20,8933AP,Maria Louisastraat,Leeuwarden
27,8933AN,Maria Louisastraat,Leeuwarden
7,8931EA,Marijkestraat,Leeuwarden
22,8917GD,Nelson Mandelaplein,Leeuwarden
22,8938AA,Neptunusweg,Leeuwarden
26,8938AA,Neptunusweg,Leeuwarden
49,8931DL,Mauritsplein,Leeuwarden
63,8931DL,Mauritsplein,Leeuwarden
67,8931DL,Mauritsplein,Leeuwarden
74,8931DL,Mauritsplein,Leeuwarden
1,8922CJ,Meidoornstraat,Leeuwarden
6,8922CL,Meidoornstraat,Leeuwarden
15,8922CJ,Meidoornstraat,Leeuwarden
2,8911JZ,Nieuwekade,Leeuwarden
8,8911JZ,Nieuwekade,Leeuwarden
9,8911JX,Nieuwekade,Leeuwarden
29,8924HL,Populierstraat,Leeuwarden
44,8924HS,Populierstraat,Leeuwarden
47,8924HM,Populierstraat,Leeuwarden
81,8924HN,Populierstraat,Leeuwarden
93,8924HN,Populierstraat,Leeuwarden
2,8916AZ,Merelplein,Leeuwarden
13,8922JH,Noordendorpstraat,Leeuwarden
15,8922JH,Noordendorpstraat,Leeuwarden
27,8922JJ,Noordendorpstraat,Leeuwarden
39,8922JJ,Noordendorpstraat,Leeuwarden
41,8922JJ,Noordendorpstraat,Leeuwarden
45,8922JJ,Noordendorpstraat,Leeuwarden
7,8911DE,Noorderplantage,Leeuwarden
20,8917BA,Noordersingel,Leeuwarden
44,8917BA,Noordersingel,Leeuwarden
52,8917BB,Noordersingel,Leeuwarden
54,8917BB,Noordersingel,Leeuwarden
70,8917BB,Noordersingel,Leeuwarden
78,8917BB,Noordersingel,Leeuwarden
96,8917BD,Noordersingel,Leeuwarden
10,8911ES,Noorderweg,Leeuwarden
12,8911ES,Noorderweg,Leeuwarden
14,8911ES,Noorderweg,Leeuwarden
7,8932LT,Nicolaes Maesstraat,Leeuwarden
8,8932LT,Nicolaes Maesstraat,Leeuwarden
9,8932LT,Nicolaes Maesstraat,Leeuwarden
12,8932LT,Nicolaes Maesstraat,Leeuwarden
13,8932LT,Nicolaes Maesstraat,Leeuwarden
3,8921RC,Nicolaas Tulpstraat,Leeuwarden
9,8916EM,Obrechtstraat,Leeuwarden
26,8916EN,Obrechtstraat,Leeuwarden
9,8926PN,Oenemastate,Leeuwarden
27,8926PN,Oenemastate,Leeuwarden
32,8926PR,Oenemastate,Leeuwarden
33,8926PN,Oenemastate,Leeuwarden
36,8926PR,Oenemastate,Leeuwarden
28,8911JZ,Nieuwekade,Leeuwarden
29,8911JX,Nieuwekade,Leeuwarden
32,8911JZ,Nieuwekade,Leeuwarden
38,8911JZ,Nieuwekade,Leeuwarden
46,8911JZ,Nieuwekade,Leeuwarden
52,8911JZ,Nieuwekade,Leeuwarden
57,8911JX,Nieuwekade,Leeuwarden
63,8911JX,Nieuwekade,Leeuwarden
64,8911JZ,Nieuwekade,Leeuwarden
5,8911CG,Nieuwestad,Leeuwarden
16,8911CS,Nieuwestad,Leeuwarden
76,8911KJ,Oosterkade,Leeuwarden
80,8911KJ,Oosterkade,Leeuwarden
81,8911KJ,Oosterkade,Leeuwarden
90,8911KJ,Oosterkade,Leeuwarden
9,8921LX,Paardestraat,Leeuwarden
3,8922CE,Papaverstraat,Leeuwarden
18,8922CG,Papaverstraat,Leeuwarden
19,8922CE,Papaverstraat,Leeuwarden
20,8922CG,Papaverstraat,Leeuwarden
38,8922CH,Papaverstraat,Leeuwarden
3,8921GD,Noordvliet,Leeuwarden
13,8921GD,Noordvliet,Leeuwarden
28,8916AE,Pelikaanstraat,Leeuwarden
31,8916AD,Pelikaanstraat,Leeuwarden
6,8911JA,Peperstraat,Leeuwarden
50,8926PS,Oenemastate,Leeuwarden
54,8926PS,Oenemastate,Leeuwarden
56,8926PS,Oenemastate,Leeuwarden
60,8926PS,Oenemastate,Leeuwarden
76,8926PS,Oenemastate,Leeuwarden
86,8926PS,Oenemastate,Leeuwarden
100,8915EB,Pieter Sipmawei,Leeuwarden
120,8915EC,Pieter Sipmawei,Leeuwarden
128,8915EC,Pieter Sipmawei,Leeuwarden
132,8915EC,Pieter Sipmawei,Leeuwarden
146,8915ED,Pieter Sipmawei,Leeuwarden
184,8915EE,Pieter Sipmawei,Leeuwarden
194,8915EE,Pieter Sipmawei,Leeuwarden
97,8911KJ,Oosterkade,Leeuwarden
98,8911KJ,Oosterkade,Leeuwarden
2,8921GA,Oostersingel,Leeuwarden
62,8921GA,Oostersingel,Leeuwarden
5,8933BR,Oranje-Nassaupark,Leeuwarden
12,8916AV,Merelstraat,Leeuwarden
16,8916AV,Merelstraat,Leeuwarden
19,8916AS,Merelstraat,Leeuwarden
24,8916AV,Merelstraat,Leeuwarden
32,8916AW,Merelstraat,Leeuwarden
40,8916AW,Merelstraat,Leeuwarden
48,8916AW,Merelstraat,Leeuwarden
70,8916AX,Merelstraat,Leeuwarden
76,8916AX,Merelstraat,Leeuwarden
82,8916AX,Merelstraat,Leeuwarden
86,8916AX,Merelstraat,Leeuwarden
89,8931EE,Prinsessenweg,Leeuwarden
4,8925GR,Putsmastins,Leeuwarden
14,8925GR,Putsmastins,Leeuwarden
14,8915BL,Purcellstraat,Leeuwarden
20,8932GX,Raadhuisstraat,Leeuwarden
1,8935ES,Raaigras,Leeuwarden
5,8935ES,Raaigras,Leeuwarden
10,8935GH,Raaigras,Leeuwarden
12,8935GH,Raaigras,Leeuwarden
19,8935ES,Raaigras,Leeuwarden
20,8935GH,Raaigras,Leeuwarden
28,8935GH,Raaigras,Leeuwarden
31,8935ES,Raaigras,Leeuwarden
34,8935GJ,Raaigras,Leeuwarden
208,8915EE,Pieter Sipmawei,Leeuwarden
218,8915EE,Pieter Sipmawei,Leeuwarden
240,8915EG,Pieter Sipmawei,Leeuwarden
254,8915EG,Pieter Sipmawei,Leeuwarden
268,8915EH,Pieter Sipmawei,Leeuwarden
21,8924GD,Magnoliastraat,Leeuwarden
7,8935RS,Mannagras,Leeuwarden
17,8935RS,Mannagras,Leeuwarden
22,8935RV,Mannagras,Leeuwarden
10,8911EM,Pijlsteeg,Leeuwarden
16,8911EM,Pijlsteeg,Leeuwarden
15,8923BE,Pilotenespel,Leeuwarden
19,8923BE,Pilotenespel,Leeuwarden
51,8923BE,Pilotenespel,Leeuwarden
59,8923BE,Pilotenespel,Leeuwarden
35,8913AG,Marssumerstraat,Leeuwarden
53,8913AG,Marssumerstraat,Leeuwarden
56,8913AJ,Marssumerstraat,Leeuwarden
126,8931GN,Nijlânsdyk,Leeuwarden
128,8931GN,Nijlânsdyk,Leeuwarden
41,8935ET,Raaigras,Leeuwarden
42,8935GJ,Raaigras,Leeuwarden
46,8935GJ,Raaigras,Leeuwarden
105,8918DM,Mondriaanstraat,Leeuwarden
112,8918DJ,Mondriaanstraat,Leeuwarden
80,8911GC,Monnikemuurstraat,Leeuwarden
94,8911GC,Monnikemuurstraat,Leeuwarden
96,8911GC,Monnikemuurstraat,Leeuwarden
102,8911GC,Monnikemuurstraat,Leeuwarden
35,8935RS,Mannagras,Leeuwarden
36,8935RV,Mannagras,Leeuwarden
43,8935RS,Mannagras,Leeuwarden
53,8935RT,Mannagras,Leeuwarden
58,8935RW,Mannagras,Leeuwarden
10,8921RC,Nicolaas Tulpstraat,Leeuwarden
11,8921RC,Nicolaas Tulpstraat,Leeuwarden
17,8921RC,Nicolaas Tulpstraat,Leeuwarden
12,8916DA,Nieuw Sonnenborgh,Leeuwarden
15,8916DB,Nieuw Sonnenborgh,Leeuwarden
19,8916DB,Nieuw Sonnenborgh,Leeuwarden
43,8916DB,Nieuw Sonnenborgh,Leeuwarden
48,8916DA,Nieuw Sonnenborgh,Leeuwarden
3,8926NH,Martenastate,Leeuwarden
26,8926NH,Martenastate,Leeuwarden
3,8932HC,Matthias van Pellicomstraat,Leeuwarden
9,8932HC,Matthias van Pellicomstraat,Leeuwarden
26,8932HD,Matthias van Pellicomstraat,Leeuwarden
41,8932HC,Matthias van Pellicomstraat,Leeuwarden
2,8931DL,Mauritsplein,Leeuwarden
27,8911CH,Nieuwestad,Leeuwarden
30,8911CT,Nieuwestad,Leeuwarden
43,8911CH,Nieuwestad,Leeuwarden
49,8911CJ,Nieuwestad,Leeuwarden
28,8926RN,Roptastate,Leeuwarden
37,8926RL,Roptastate,Leeuwarden
54,8932NG,Schrans,Leeuwarden
72,8932NG,Schrans,Leeuwarden
73,8932NB,Schrans,Leeuwarden
94,8932NH,Schrans,Leeuwarden
105,8932NC,Schrans,Leeuwarden
117,8932ND,Schrans,Leeuwarden
119,8932ND,Schrans,Leeuwarden
121,8932ND,Schrans,Leeuwarden
4,8925LG,Schroorsmastate,Leeuwarden
6,8925LG,Schroorsmastate,Leeuwarden
29,8921KJ,de Ruyterweg,Leeuwarden
56,8921KL,de Ruyterweg,Leeuwarden
57,8921KJ,de Ruyterweg,Leeuwarden
68,8921KM,de Ruyterweg,Leeuwarden
69,8921KK,de Ruyterweg,Leeuwarden
73,8921KK,de Ruyterweg,Leeuwarden
79,8921KK,de Ruyterweg,Leeuwarden
58,8923GH,Siebe Schootstrastraat,Leeuwarden
66,8923GH,Siebe Schootstrastraat,Leeuwarden
75,8923GD,Siebe Schootstrastraat,Leeuwarden
77,8923GD,Siebe Schootstrastraat,Leeuwarden
79,8923GD,Siebe Schootstrastraat,Leeuwarden
84,8923GH,Siebe Schootstrastraat,Leeuwarden
99,8923GE,Siebe Schootstrastraat,Leeuwarden
83,8925JK,Sassingastins,Leeuwarden
101,8925JL,Sassingastins,Leeuwarden
109,8925JL,Sassingastins,Leeuwarden
117,8925JL,Sassingastins,Leeuwarden
129,8925JL,Sassingastins,Leeuwarden
131,8925JL,Sassingastins,Leeuwarden
10,8917BR,Schalk Burgerstraat,Leeuwarden
18,8918LB,Skrok,Leeuwarden
26,8918LB,Skrok,Leeuwarden
32,8918LB,Skrok,Leeuwarden
40,8918LB,Skrok,Leeuwarden
105,8924CW,Schieringerweg,Leeuwarden
109,8924CW,Schieringerweg,Leeuwarden
121,8924CW,Schieringerweg,Leeuwarden
123,8924CW,Schieringerweg,Leeuwarden
133,8924GL,Schieringerweg,Leeuwarden
139,8924GL,Schieringerweg,Leeuwarden
50,8931DS,Soestdijkstraat,Leeuwarden
52,8931DS,Soestdijkstraat,Leeuwarden
5,8916GL,Schubertstraat,Leeuwarden
34,8935JW,Speenkruid,Leeuwarden
47,8935JT,Speenkruid,Leeuwarden
7,8916BR,Sperwerstraat,Leeuwarden
13,8916BR,Sperwerstraat,Leeuwarden
1,8913HS,Spieghelstraat,Leeuwarden
13,8913HS,Spieghelstraat,Leeuwarden
12,8936AM,Sierdswielstraat,Leeuwarden
15,8936AM,Sierdswielstraat,Leeuwarden
17,8936AM,Sierdswielstraat,Leeuwarden
7,8934AL,Sierksmastraat,Leeuwarden
10,8934AM,Sierksmastraat,Leeuwarden
11,8934AL,Sierksmastraat,Leeuwarden
21,8934AL,Sierksmastraat,Leeuwarden
25,8934AL,Sierksmastraat,Leeuwarden
3,8917CE,Stienserstraat,Leeuwarden
5,8917CE,Stienserstraat,Leeuwarden
9,8917CE,Stienserstraat,Leeuwarden
46,8935NM,Stinzenflora,Leeuwarden
52,8935NM,Stinzenflora,Leeuwarden
62,8935NM,Stinzenflora,Leeuwarden
76,8935NM,Stinzenflora,Leeuwarden
92,8935NM,Stinzenflora,Leeuwarden
105,8935LE,Stinzenflora,Leeuwarden
4,8935RP,Sleutelbloem,Leeuwarden
7,8935RM,Sleutelbloem,Leeuwarden
19,8935RM,Sleutelbloem,Leeuwarden
30,8933DW,van Sytzamastraat,Leeuwarden
4,8921LC,Tabagostraat,Leeuwarden
9,8921LB,Tabagostraat,Leeuwarden
12,8921LC,Tabagostraat,Leeuwarden
18,8925EH,Solckamastins,Leeuwarden
22,8925EH,Solckamastins,Leeuwarden
26,8925EH,Solckamastins,Leeuwarden
3,8921KT,Sontdwarsstraat,Leeuwarden
10,8921KV,Sontdwarsstraat,Leeuwarden
27,8921KT,Sontdwarsstraat,Leeuwarden
3,8921LL,Sontstraat,Leeuwarden
6,8921LM,Sontstraat,Leeuwarden
8,8921LM,Sontstraat,Leeuwarden
11,8921LL,Sontstraat,Leeuwarden
24,8921LM,Sontstraat,Leeuwarden
55,8935CA,Timothee,Leeuwarden
82,8933CD,Spoorstraat,Leeuwarden
96,8933CD,Spoorstraat,Leeuwarden
10,8917CL,Mr. P.J. Troelstraweg,Leeuwarden
14,8917CL,Mr. P.J. Troelstraweg,Leeuwarden
22,8917CM,Mr. P.J. Troelstraweg,Leeuwarden
31,8916AB,Mr. P.J. Troelstraweg,Leeuwarden
38,8917CN,Mr. P.J. Troelstraweg,Leeuwarden
53,8916CM,Mr. P.J. Troelstraweg,Leeuwarden
67,8916CM,Mr. P.J. Troelstraweg,Leeuwarden
73,8916CN,Mr. P.J. Troelstraweg,Leeuwarden
74,8917CP,Mr. P.J. Troelstraweg,Leeuwarden
119,8935LE,Stinzenflora,Leeuwarden
141,8935LG,Stinzenflora,Leeuwarden
149,8935LG,Stinzenflora,Leeuwarden
10,8921CS,Straat van Welgelegen,Leeuwarden
16,8915DH,Reinder Brolsmawei,Leeuwarden
33,8915DE,Reinder Brolsmawei,Leeuwarden
37,8915DE,Reinder Brolsmawei,Leeuwarden
45,8915DG,Reinder Brolsmawei,Leeuwarden
49,8915DG,Reinder Brolsmawei,Leeuwarden
57,8915DG,Reinder Brolsmawei,Leeuwarden
59,8915DG,Reinder Brolsmawei,Leeuwarden
28,8921LC,Tabagostraat,Leeuwarden
33,8932PJ,Tadingastraat,Leeuwarden
35,8932PJ,Tadingastraat,Leeuwarden
37,8932PJ,Tadingastraat,Leeuwarden
49,8932PK,Tadingastraat,Leeuwarden
59,8932PK,Tadingastraat,Leeuwarden
69,8932PK,Tadingastraat,Leeuwarden
79,8932PK,Tadingastraat,Leeuwarden
45,8915JR,Rixtwei,Leeuwarden
50,8915JM,Rixtwei,Leeuwarden
55,8915JS,Rixtwei,Leeuwarden
63,8915JS,Rixtwei,Leeuwarden
65,8915JS,Rixtwei,Leeuwarden
73,8915JS,Rixtwei,Leeuwarden
63,8935CB,Timothee,Leeuwarden
9,8926MJ,Tjaardastate,Leeuwarden
10,8926MK,Tjaardastate,Leeuwarden
6,8934CA,Tjallingaweg,Leeuwarden
8,8934CA,Tjallingaweg,Leeuwarden
10,8934CA,Tjallingaweg,Leeuwarden
5,8937AP,Tjalkstraat,Leeuwarden
4,8921NP,Tjerk Hiddesstraat,Leeuwarden
91,8916CP,Mr. P.J. Troelstraweg,Leeuwarden
93,8916CP,Mr. P.J. Troelstraweg,Leeuwarden
97,8916CP,Mr. P.J. Troelstraweg,Leeuwarden
98,8917CS,Mr. P.J. Troelstraweg,Leeuwarden
104,8917CT,Mr. P.J. Troelstraweg,Leeuwarden
43,8926RL,Roptastate,Leeuwarden
58,8926RP,Roptastate,Leeuwarden
60,8926RP,Roptastate,Leeuwarden
75,8926RM,Roptastate,Leeuwarden
86,8926RP,Roptastate,Leeuwarden
118,8926RR,Roptastate,Leeuwarden
12,8921RB,Reinier de Graafstraat,Leeuwarden
14,8921RB,Reinier de Graafstraat,Leeuwarden
22,8921RB,Reinier de Graafstraat,Leeuwarden
24,8921RB,Reinier de Graafstraat,Leeuwarden
1,8921EC,1e Rembrandtdwarsstraat,Leeuwarden
2,8921EC,1e Rembrandtdwarsstraat,Leeuwarden
7,8921EC,1e Rembrandtdwarsstraat,Leeuwarden
9,8931CZ,Sabastraat,Leeuwarden
