10,7051BD,Anna van Saksenstraat,Varsseveld
17,7071VS,Singel,Ulft
25,7071VS,Singel,Ulft
1,7071WH,Ankerstraat,Ulft
26,7071KB,Hofstraat,Ulft
3,7071WJ,Steenakker,Ulft
11,7071WJ,Steenakker,Ulft
32,7071KB,Hofstraat,Ulft
8,7071WH,Ankerstraat,Ulft
3,7071WH,Ankerstraat,Ulft
5,7071WH,Ankerstraat,Ulft
9,7071WJ,Steenakker,Ulft
4,7071XV,Wethouder van Akenstraat,Ulft
8,7071XS,Mr Reigersstraat,Ulft
9,7071SH,Biezenakker,Ulft
9,7071WD,Praestingsweg,Ulft
15,7071VE,Venus,Ulft
14,7071TV,Grote Beer,Ulft
19,7071VS,Singel,Ulft
27,7071VS,Singel,Ulft
29,7071VS,Singel,Ulft
16,7071XV,Wethouder van Akenstraat,Ulft
9,7071VH,Neptunus,Ulft
11,7071VH,Neptunus,Ulft
13,7071VE,Venus,Ulft
20,7071VG,Neptunus,Ulft
2,7071VG,Neptunus,Ulft
12,7071XV,Wethouder van Akenstraat,Ulft
19,7071VH,Neptunus,Ulft
7,7071VX,Parkstraat,Ulft
9,7071VX,Parkstraat,Ulft
14,7071VG,Neptunus,Ulft
9,7071VS,Singel,Ulft
13,7071WD,Praestingsweg,Ulft
12,7071XS,Mr Reigersstraat,Ulft
24,7051CB,Graaf van Lohnstraat,Varsseveld
12,7051CB,Graaf van Lohnstraat,Varsseveld
19,7071XS,Mr Reigersstraat,Ulft
9,7071XR,Heuvesstraat,Ulft
16,7071XS,Mr Reigersstraat,Ulft
6,7071XS,Mr Reigersstraat,Ulft
33,7071VS,Singel,Ulft
37,7071VS,Singel,Ulft
3,7071VX,Parkstraat,Ulft
35,7071VS,Singel,Ulft
4,7071XS,Mr Reigersstraat,Ulft
49,7071XE,Schuttersweg,Ulft
105,7071XE,Schuttersweg,Ulft
43,7071XE,Schuttersweg,Ulft
111,7071XE,Schuttersweg,Ulft
55,7071XE,Schuttersweg,Ulft
57,7071XE,Schuttersweg,Ulft
61,7071XE,Schuttersweg,Ulft
20,7071XD,Schuttersweg,Ulft
24,7071XD,Schuttersweg,Ulft
30,7071XD,Schuttersweg,Ulft
32,7071XD,Schuttersweg,Ulft
34,7071XD,Schuttersweg,Ulft
38,7071XD,Schuttersweg,Ulft
3,7071XE,Schuttersweg,Ulft
5,7071XE,Schuttersweg,Ulft
47,7071XE,Schuttersweg,Ulft
60,7051AK,Oranjestraat,Varsseveld
17,7071WL,Heggenseveld,Ulft
19,7071WL,Heggenseveld,Ulft
23,7071WL,Heggenseveld,Ulft
1,7071CW,Kortestraat,Ulft
5,7071CW,Kortestraat,Ulft
23,7071WV,Diergaarde,Ulft
9,7071WP,Ptr Hafkenscheidstraat,Ulft
28,7071CC,Veldstraat,Ulft
36,7071CC,Veldstraat,Ulft
38,7071CC,Veldstraat,Ulft
42,7071CC,Veldstraat,Ulft
13,7071WV,Diergaarde,Ulft
15,7071WV,Diergaarde,Ulft
28,7051AS,Koningin Wilhelminalaan,Varsseveld
24,7071WX,Diergaarde,Ulft
19,7071WV,Diergaarde,Ulft
26,7071WS,Dr van Hengelstraat,Ulft
26,7071CC,Veldstraat,Ulft
80,7051WS,Reigershof,Varsseveld
55,7071VZ,Parkstraat,Ulft
21,7051XR,Zwaluwenhof,Varsseveld
9,7051XR,Zwaluwenhof,Varsseveld
57,7051XJ,Spreeuwenhof,Varsseveld
19,7051ZB,Zelhemseweg,Varsseveld
8,7051XM,Merelstraat,Varsseveld
9,7051XP,Mezenhof,Varsseveld
59,7051XJ,Spreeuwenhof,Varsseveld
73,7071BW,Allee,Ulft
77,7071BW,Allee,Ulft
28,7071WT,Middelgraaf,Ulft
26,7071WZ,Kerkstraat,Ulft
30,7071WZ,Kerkstraat,Ulft
40,7071BJ,F B Deurvorststraat,Ulft
1,7071BX,Waterstraat,Ulft
4,7071BT,J F Kennedyplein,Ulft
13,7071WP,Ptr Hafkenscheidstraat,Ulft
50,7051XL,Spreeuwenhof,Varsseveld
22,7071WR,Kanunnik Terwindtstraat,Ulft
11,7071WS,Dr van Hengelstraat,Ulft
14,7071WS,Dr van Hengelstraat,Ulft
20,7071WS,Dr van Hengelstraat,Ulft
22,7071WS,Dr van Hengelstraat,Ulft
28,7071WS,Dr van Hengelstraat,Ulft
16,7051CA,Pastoriehof,Varsseveld
8,7071WX,Diergaarde,Ulft
12,7071WX,Diergaarde,Ulft
3,7071WP,Ptr Hafkenscheidstraat,Ulft
16,7071WR,Kanunnik Terwindtstraat,Ulft
7,7071WR,Kanunnik Terwindtstraat,Ulft
24,7071WR,Kanunnik Terwindtstraat,Ulft
23,7071WR,Kanunnik Terwindtstraat,Ulft
9,7071WR,Kanunnik Terwindtstraat,Ulft
10,7071WR,Kanunnik Terwindtstraat,Ulft
1,7071WP,Ptr Hafkenscheidstraat,Ulft
9,7071WS,Dr van Hengelstraat,Ulft
5,7071WS,Dr van Hengelstraat,Ulft
3,7071WS,Dr van Hengelstraat,Ulft
4,7071WS,Dr van Hengelstraat,Ulft
8,7071WS,Dr van Hengelstraat,Ulft
11,7071WV,Diergaarde,Ulft
10,7071WP,Ptr Hafkenscheidstraat,Ulft
18,7071WP,Ptr Hafkenscheidstraat,Ulft
26,7071WP,Ptr Hafkenscheidstraat,Ulft
7,7071WP,Ptr Hafkenscheidstraat,Ulft
4,7071WP,Ptr Hafkenscheidstraat,Ulft
12,7071WP,Ptr Hafkenscheidstraat,Ulft
22,7071WP,Ptr Hafkenscheidstraat,Ulft
20,7071WP,Ptr Hafkenscheidstraat,Ulft
13,7071CA,Veldstraat,Ulft
8,7071WR,Kanunnik Terwindtstraat,Ulft
7,7071WT,Middelgraaf,Ulft
4,7051AS,Koningin Wilhelminalaan,Varsseveld
2,7071WS,Dr van Hengelstraat,Ulft
12,7071WS,Dr van Hengelstraat,Ulft
15,7071WT,Middelgraaf,Ulft
17,7071WT,Middelgraaf,Ulft
7,7071WL,Heggenseveld,Ulft
9,7071WL,Heggenseveld,Ulft
11,7071WL,Heggenseveld,Ulft
1,7071WR,Kanunnik Terwindtstraat,Ulft
45,7071KL,Vendeliers,Ulft
4,7071WX,Diergaarde,Ulft
19,7071HJ,Puttershof,Ulft
26,7064CS,Dassenhof,Silvolde
76,7071HD,Merellaan,Ulft
78,7071HD,Merellaan,Ulft
56,7071GG,Hogeweg,Ulft
20,7071GP,Eksterstraat,Ulft
30,7071GP,Eksterstraat,Ulft
10,7071GV,Meeuwenstraat,Ulft
5,7071HJ,Puttershof,Ulft
72,7071JR,Mezenpad,Ulft
13,7071HJ,Puttershof,Ulft
28,7064CH,Hazenhof,Silvolde
41,7064HC,Thorbeckestraat,Silvolde
14,7071HJ,Puttershof,Ulft
15,7071JN,Mezenpad,Ulft
24,7064GS,Oranjestraat,Silvolde
42,7071JL,Kwartellaan,Ulft
48,7071JR,Mezenpad,Ulft
56,7071JR,Mezenpad,Ulft
96,7071JR,Mezenpad,Ulft
80,7071JR,Mezenpad,Ulft
19,7071HK,Kievitstraat,Ulft
9,7071HJ,Puttershof,Ulft
19,7071HL,Colibriestraat,Ulft
41,7071KL,Vendeliers,Ulft
10,7071GX,Zwaluwpad,Ulft
1,7071GW,Sperwerstraat,Ulft
41,7071JG,Kwartellaan,Ulft
1,7071HL,Colibriestraat,Ulft
71,7071HB,Merellaan,Ulft
2,7071HL,Colibriestraat,Ulft
36,7064CS,Dassenhof,Silvolde
33,7071HE,Fazantstraat,Ulft
41,7071HB,Merellaan,Ulft
51,7071HB,Merellaan,Ulft
35,7071HG,Fazantstraat,Ulft
47,7071HG,Fazantstraat,Ulft
39,7071HA,Merellaan,Ulft
21,7071HM,Colibriestraat,Ulft
67,7071JH,Kwartellaan,Ulft
11,7071VW,Tuinstraat,Ulft
3,7061CD,Sint Antoniastraat,Terborg
12,7071VW,Tuinstraat,Ulft
30,7071TH,Dierenriem,Ulft
1,7071VS,Singel,Ulft
24,7061CD,Sint Antoniastraat,Terborg
8,7071WN,Heggenseveld,Ulft
10,7071WN,Heggenseveld,Ulft
12,7071WN,Heggenseveld,Ulft
34,7061CD,Sint Antoniastraat,Terborg
18,7071WN,Heggenseveld,Ulft
20,7071WN,Heggenseveld,Ulft
24,7071TH,Dierenriem,Ulft
35,7071CB,Veldstraat,Ulft
13,7071VW,Tuinstraat,Ulft
20,7071WC,Sleegstraat,Ulft
12,7071TV,Grote Beer,Ulft
23,7061AE,Tuinstraat,Terborg
7,7061BJ,van Gelderstraat,Terborg
101,7061ZX,van Wischstraat,Terborg
19,7071WB,Sleegstraat,Ulft
21,7071WB,Sleegstraat,Ulft
49,7071CB,Veldstraat,Ulft
18,7071WC,Sleegstraat,Ulft
8,7061BM,Neering Bögelstraat,Terborg
22,7071WC,Sleegstraat,Ulft
87,7061ZX,van Wischstraat,Terborg
75,7061ZX,van Wischstraat,Terborg
47,7071VZ,Parkstraat,Ulft
51,7071VZ,Parkstraat,Ulft
8,7071XV,Wethouder van Akenstraat,Ulft
45,7071VX,Parkstraat,Ulft
32,7071TH,Dierenriem,Ulft
16,7071WC,Sleegstraat,Ulft
19,7064EJ,Jachtlaan,Silvolde
17,7064BM,Roomberg,Silvolde
54,7071TT,Grote Beer,Ulft
36,7071TV,Grote Beer,Ulft
46,7071TV,Grote Beer,Ulft
62,7064BP,Roomberg,Silvolde
33,7064BM,Roomberg,Silvolde
8,7071TV,Grote Beer,Ulft
35,7064EJ,Jachtlaan,Silvolde
24,7071TV,Grote Beer,Ulft
12,7071VD,Venus,Ulft
16,7071VD,Venus,Ulft
38,7071TV,Grote Beer,Ulft
40,7071TV,Grote Beer,Ulft
77,7051DP,Doetinchemseweg,Varsseveld
48,7071TV,Grote Beer,Ulft
1,7071TK,Voerman,Ulft
14,7071TH,Dierenriem,Ulft
16,7071TH,Dierenriem,Ulft
22,7071VG,Neptunus,Ulft
29,7071TJ,Dierenriem,Ulft
31,7071TJ,Dierenriem,Ulft
32,7064BN,Roomberg,Silvolde
22,7071TH,Dierenriem,Ulft
18,7064BN,Roomberg,Silvolde
59,7071CB,Veldstraat,Ulft
13,7071WG,Meidoornstraat,Ulft
6,7071CX,Anton Tijdinklaan,Ulft
11,7071WG,Meidoornstraat,Ulft
38,7071TH,Dierenriem,Ulft
4,7071WG,Meidoornstraat,Ulft
6,7071WG,Meidoornstraat,Ulft
10,7071WG,Meidoornstraat,Ulft
16,7071WG,Meidoornstraat,Ulft
11,7071HT,Akkerstraat,Ulft
39,7071HT,Akkerstraat,Ulft
98,7071LD,Bongerd,Ulft
138,7071LE,Bongerd,Ulft
128,7071LE,Bongerd,Ulft
70,7071LD,Bongerd,Ulft
26,7071LC,Bongerd,Ulft
16,7071HM,Colibriestraat,Ulft
26,7071HM,Colibriestraat,Ulft
77,7071JH,Kwartellaan,Ulft
50,7071JL,Kwartellaan,Ulft
16,7071XW,Korenstraat,Ulft
21,7071AT,Frank Daamenstraat,Ulft
25,7071AT,Frank Daamenstraat,Ulft
21,7071XW,Korenstraat,Ulft
27,7071XW,Korenstraat,Ulft
33,7071ZA,Roggestraat,Ulft
18,7071ZB,Roggestraat,Ulft
11,7071XW,Korenstraat,Ulft
13,7071XW,Korenstraat,Ulft
2,7071XW,Korenstraat,Ulft
14,7071XW,Korenstraat,Ulft
13,7071AT,Frank Daamenstraat,Ulft
64,7071GG,Hogeweg,Ulft
12,7064GX,Doctor Schaepmanstraat,Silvolde
49,7071GC,Hogeweg,Ulft
38,7064GH,Prins Bernhardstraat,Silvolde
27,7071PT,Vogelenzangweg,Ulft
29,7071PT,Vogelenzangweg,Ulft
29,7071PS,Buizerdweg,Ulft
11,7064GA,Koningin Julianastraat,Silvolde
38,7064HB,Doctor Dreesstraat,Silvolde
15,7071XX,Tarwestraat,Ulft
23,7071JN,Mezenpad,Ulft
17,7071JN,Mezenpad,Ulft
42,7064HW,Dennenberg,Silvolde
29,7071AT,Frank Daamenstraat,Ulft
2,7071XZ,Tarwestraat,Ulft
10,7071XZ,Tarwestraat,Ulft
18,7071XZ,Tarwestraat,Ulft
17,7071AT,Frank Daamenstraat,Ulft
15,7071AT,Frank Daamenstraat,Ulft
15,7071ZA,Roggestraat,Ulft
8,7071ZB,Roggestraat,Ulft
10,7071ZB,Roggestraat,Ulft
14,7071ZB,Roggestraat,Ulft
14,7064GP,Schoolstraat,Silvolde
26,7064GP,Schoolstraat,Silvolde
23,7071ZA,Roggestraat,Ulft
27,7071ZA,Roggestraat,Ulft
20,7071XZ,Tarwestraat,Ulft
36,7071KN,Vendeliers,Ulft
38,7071XG,Piet Molpad,Ulft
18,7054CL,Houtkampstraat,Westendorp
25,7071KL,Vendeliers,Ulft
10,7071KB,Hofstraat,Ulft
48,7071KN,Vendeliers,Ulft
50,7071KN,Vendeliers,Ulft
18,7071KM,Vendeliers,Ulft
56,7071KN,Vendeliers,Ulft
34,7071XG,Piet Molpad,Ulft
66,7071KN,Vendeliers,Ulft
22,7071KM,Vendeliers,Ulft
26,7071KM,Vendeliers,Ulft
30,7071KM,Vendeliers,Ulft
10,7071KM,Vendeliers,Ulft
12,7071KM,Vendeliers,Ulft
54,7071KN,Vendeliers,Ulft
26,7071XG,Piet Molpad,Ulft
47,7071KL,Vendeliers,Ulft
49,7071KL,Vendeliers,Ulft
53,7071KL,Vendeliers,Ulft
85,7071XE,Schuttersweg,Ulft
102,7054BJ,Doetinchemseweg,Westendorp
10,7071XG,Piet Molpad,Ulft
12,7071XG,Piet Molpad,Ulft
14,7071XG,Piet Molpad,Ulft
18,7071XG,Piet Molpad,Ulft
20,7071XG,Piet Molpad,Ulft
42,7071XG,Piet Molpad,Ulft
40,7071XG,Piet Molpad,Ulft
28,7071XG,Piet Molpad,Ulft
30,7071XG,Piet Molpad,Ulft
5,7071XG,Piet Molpad,Ulft
9,7071XG,Piet Molpad,Ulft
11,7071XG,Piet Molpad,Ulft
44,7071XG,Piet Molpad,Ulft
46,7071XG,Piet Molpad,Ulft
50,7071XG,Piet Molpad,Ulft
35,7071GK,Eksterstraat,Ulft
1,7071KK,Vendeliers,Ulft
3,7071KK,Vendeliers,Ulft
13,7071KK,Vendeliers,Ulft
22,7064GZ,Melkweg,Silvolde
97,7071XE,Schuttersweg,Ulft
46,7064DR,Marterhof,Silvolde
1,7064KN,Geurinkstraat,Silvolde
31,7071GK,Eksterstraat,Ulft
62,7071GG,Hogeweg,Ulft
21,7064EA,Reeënstraat,Silvolde
33,7064EA,Reeënstraat,Silvolde
16,7064CT,Wezelhof,Silvolde
17,7071GJ,Eksterstraat,Ulft
12,7071HK,Kievitstraat,Ulft
27,7071GK,Eksterstraat,Ulft
33,7071XE,Schuttersweg,Ulft
35,7071XE,Schuttersweg,Ulft
23,7071XE,Schuttersweg,Ulft
42,7064DZ,Snippenhof,Silvolde
15,7071KA,Hofstraat,Ulft
13,7071KA,Hofstraat,Ulft
4,7071XD,Schuttersweg,Ulft
6,7071KB,Hofstraat,Ulft
29,7071KL,Vendeliers,Ulft
12,7071XD,Schuttersweg,Ulft
16,7071KB,Hofstraat,Ulft
8,7071XD,Schuttersweg,Ulft
18,7071XD,Schuttersweg,Ulft
37,7071KL,Vendeliers,Ulft
39,7071KL,Vendeliers,Ulft
4,7071XG,Piet Molpad,Ulft
6,7071XG,Piet Molpad,Ulft
47,7051WP,Eksterhof,Varsseveld
6,7071XD,Schuttersweg,Ulft
3,7071VS,Singel,Ulft
51,7071CB,Veldstraat,Ulft
37,7061ZV,van Wischstraat,Terborg
118,7071CE,Veldstraat,Ulft
90,7071CE,Veldstraat,Ulft
1,7071VW,Tuinstraat,Ulft
8,7071VW,Tuinstraat,Ulft
13,7071CV,Lindenstraat,Ulft
14,7061XK,Koningin Emmastraat,Terborg
6,7061XS,Acerstraat,Terborg
12,7071WC,Sleegstraat,Ulft
17,7071VX,Parkstraat,Ulft
19,7071VX,Parkstraat,Ulft
5,7071WB,Sleegstraat,Ulft
15,7071WB,Sleegstraat,Ulft
29,7061WZ,Prins Pieter Christiaanstraat,Terborg
83,7061WG,Nassauhof,Terborg
20,7061XD,Prins Constantijnstraat,Terborg
10,7071WC,Sleegstraat,Ulft
28,7061XD,Prins Constantijnstraat,Terborg
45,7061WX,Prins Pieter Christiaanstraat,Terborg
62,7061XE,Prins Constantijnstraat,Terborg
27,7071VX,Parkstraat,Ulft
29,7071VX,Parkstraat,Ulft
31,7071VX,Parkstraat,Ulft
33,7071VX,Parkstraat,Ulft
50,7061XD,Prins Constantijnstraat,Terborg
7,7071VH,Neptunus,Ulft
5,7071VH,Neptunus,Ulft
21,7071WH,Ankerstraat,Ulft
8,7071WC,Sleegstraat,Ulft
29,7071WB,Sleegstraat,Ulft
11,7061XM,Prins Clausstraat,Terborg
20,7061AK,IJsselstraat,Terborg
17,7061AH,Hofstraat,Terborg
16,7071CV,Lindenstraat,Ulft
20,7071CV,Lindenstraat,Ulft
21,7071CV,Lindenstraat,Ulft
24,7061AR,Industrieweg,Terborg
8,7061XP,Pr Willem Alexanderstr,Terborg
27,7071WB,Sleegstraat,Ulft
31,7071WB,Sleegstraat,Ulft
33,7071WB,Sleegstraat,Ulft
35,7071WB,Sleegstraat,Ulft
26,7071WC,Sleegstraat,Ulft
28,7071WC,Sleegstraat,Ulft
32,7071WC,Sleegstraat,Ulft
34,7071WC,Sleegstraat,Ulft
36,7071WC,Sleegstraat,Ulft
110,7071CE,Veldstraat,Ulft
25,7071WB,Sleegstraat,Ulft
19,7071WD,Praestingsweg,Ulft
23,7071WH,Ankerstraat,Ulft
18,7071WH,Ankerstraat,Ulft
20,7071WH,Ankerstraat,Ulft
31,7061XJ,Koningin Emmastraat,Terborg
6,7071HC,Merellaan,Ulft
4,7071HC,Merellaan,Ulft
16,7071JD,Parkietstraat,Ulft
8,7071JD,Parkietstraat,Ulft
40,7071VB,Lekstraat,Ulft
9,7071JC,Vinkenpad,Ulft
5,7071JC,Vinkenpad,Ulft
3,7071JC,Vinkenpad,Ulft
7,7054CH,Oostelijke Noorderbroekweg,Westendorp
6,7071JC,Vinkenpad,Ulft
4,7071JC,Vinkenpad,Ulft
7,7071JA,Vinkenstraat,Ulft
2,7081DJ,IJsselstraat,Gendringen
5,7071XB,Tamboerpad,Ulft
10,7071XA,Tamboerpad,Ulft
12,7071XA,Tamboerpad,Ulft
6,7051AA,Prins Clausstraat,Varsseveld
25,7071XB,Tamboerpad,Ulft
29,7071XB,Tamboerpad,Ulft
24,7051BS,Beckingstraat,Varsseveld
10,7051BS,Beckingstraat,Varsseveld
37,7071XB,Tamboerpad,Ulft
39,7071XB,Tamboerpad,Ulft
54,7071XD,Schuttersweg,Ulft
9,7071XB,Tamboerpad,Ulft
13,7071XB,Tamboerpad,Ulft
15,7071XB,Tamboerpad,Ulft
2,7051AD,Prinses Beatrixstraat,Varsseveld
44,7071XD,Schuttersweg,Ulft
46,7071XD,Schuttersweg,Ulft
48,7071XD,Schuttersweg,Ulft
42,7071XD,Schuttersweg,Ulft
24,7071XA,Tamboerpad,Ulft
18,7071WS,Dr van Hengelstraat,Ulft
1,7071XB,Tamboerpad,Ulft
43,7071KL,Vendeliers,Ulft
19,7071WR,Kanunnik Terwindtstraat,Ulft
21,7071WR,Kanunnik Terwindtstraat,Ulft
11,7071WR,Kanunnik Terwindtstraat,Ulft
5,7071WR,Kanunnik Terwindtstraat,Ulft
4,7071WR,Kanunnik Terwindtstraat,Ulft
6,7071WR,Kanunnik Terwindtstraat,Ulft
12,7071WR,Kanunnik Terwindtstraat,Ulft
19,7071WT,Middelgraaf,Ulft
41,7051CB,Graaf van Lohnstraat,Varsseveld
4,7051CA,Pastoriehof,Varsseveld
28,7071XD,Schuttersweg,Ulft
40,7071XD,Schuttersweg,Ulft
1,7071XE,Schuttersweg,Ulft
11,7071XE,Schuttersweg,Ulft
19,7071XE,Schuttersweg,Ulft
51,7071XE,Schuttersweg,Ulft
42,7071XA,Tamboerpad,Ulft
63,7071XE,Schuttersweg,Ulft
50,7071XD,Schuttersweg,Ulft
5,7051BK,Burgemeester Fabiusstraat,Varsseveld
17,7071KA,Hofstraat,Ulft
107,7071XE,Schuttersweg,Ulft
90,7071XC,Schuttersweg,Ulft
64,7071XC,Schuttersweg,Ulft
70,7071XC,Schuttersweg,Ulft
72,7071XC,Schuttersweg,Ulft
80,7071XC,Schuttersweg,Ulft
82,7071XC,Schuttersweg,Ulft
98,7071XC,Schuttersweg,Ulft
102,7071XC,Schuttersweg,Ulft
8,7051CB,Graaf van Lohnstraat,Varsseveld
22,7051CB,Graaf van Lohnstraat,Varsseveld
5,7051AE,Prinses Marijkestraat,Varsseveld
60,7071XD,Schuttersweg,Ulft
9,7071XE,Schuttersweg,Ulft
109,7071XE,Schuttersweg,Ulft
68,7071XC,Schuttersweg,Ulft
84,7071XC,Schuttersweg,Ulft
86,7071XC,Schuttersweg,Ulft
16,7054BC,Beerninkkampstraat,Westendorp
100,7071XC,Schuttersweg,Ulft
5,7054AX,Veldkamperstraat,Westendorp
92,7071XC,Schuttersweg,Ulft
58,7071XD,Schuttersweg,Ulft
53,7071XE,Schuttersweg,Ulft
15,7051BL,Nassaustraat,Varsseveld
26,7071XA,Tamboerpad,Ulft
28,7071XA,Tamboerpad,Ulft
30,7071XA,Tamboerpad,Ulft
36,7071XA,Tamboerpad,Ulft
38,7071XA,Tamboerpad,Ulft
15,7071XE,Schuttersweg,Ulft
54,7051DT,Doetinchemseweg,Varsseveld
63,7071KL,Vendeliers,Ulft
11,7071CK,Industrieweg,Ulft
14,7061XN,Prins Clausstraat,Terborg
9,7061XM,Prins Clausstraat,Terborg
1,7071PA,Over de IJssel,Ulft
7,7071CK,Industrieweg,Ulft
53,7071BG,F B Deurvorststraat,Ulft
5,7071CK,Industrieweg,Ulft
80,7071KN,Vendeliers,Ulft
78,7071KN,Vendeliers,Ulft
72,7071KN,Vendeliers,Ulft
70,7071KN,Vendeliers,Ulft
7,7081AG,IJsselweg,Gendringen
34,7061CW,Looiersweg,Terborg
32,7071CN,Bongersstraat,Ulft
20,7071BR,Pastoor Vernooijstraat,Ulft
39,7075ED,Zeddamseweg,Etten
41,7075ED,Zeddamseweg,Etten
28,7071BR,Pastoor Vernooijstraat,Ulft
11,7071BS,Kloosterstraat,Ulft
9,7071BS,Kloosterstraat,Ulft
13,7071BS,Kloosterstraat,Ulft
45,7064EA,Reeënstraat,Silvolde
14,7081DT,Veldweg,Gendringen
17,7071BE,F B Deurvorststraat,Ulft
7,7071PV,Riezenweg,Ulft
3,7071PR,Riezenweg,Ulft
23,7071BA,Ir Sassenstraat,Ulft
5,7084BE,Luimesweg,Breedenbroek
43,7084BL,den Dam,Breedenbroek
42,7075BE,Beethovenlaan,Etten
5,7075AP,Alexanderhof,Etten
3,7075BB,Molenstraat,Etten
1,7075BB,Molenstraat,Etten
14,7075BC,Molenstraat,Etten
25,7075BD,Beethovenlaan,Etten
9,7075BB,Molenstraat,Etten
38,7075BE,Beethovenlaan,Etten
3,7075AV,Christinastraat,Etten
37,7075AS,Loo,Etten
33,7075AS,Loo,Etten
15,7075BJ,Vivaldilaan,Etten
24,7075AP,Alexanderhof,Etten
17,7075DK,Oude IJsselweg,Etten
6,7075EG,Meesterijweg,Etten
5,7075BB,Molenstraat,Etten
15,7075BB,Molenstraat,Etten
11,7075AV,Christinastraat,Etten
21,7064DD,Hermelijnhof,Silvolde
5,7064DH,Jagershof,Silvolde
7,7064DH,Jagershof,Silvolde
4,7064DJ,Jagershof,Silvolde
6,7064DJ,Jagershof,Silvolde
82,7064LM,Bontebrug,Silvolde
16,7051GN,Lichtenvoordseweg,Varsseveld
2,7051DE,van Pallandtstraat,Varsseveld
14,7051DS,Gasthuisweg,Varsseveld
62,7064DR,Marterhof,Silvolde
23,7051XN,Vinkenhof,Varsseveld
8,7064DJ,Jagershof,Silvolde
31,7064DD,Hermelijnhof,Silvolde
47,7064DE,Hermelijnhof,Silvolde
45,7064DE,Hermelijnhof,Silvolde
39,7064DD,Hermelijnhof,Silvolde
39,7054AW,Veldkamperstraat,Westendorp
42,7054AW,Veldkamperstraat,Westendorp
3,7064DH,Jagershof,Silvolde
52,7064DR,Marterhof,Silvolde
2,7064KX,Kroezendijk,Silvolde
90,7064LM,Bontebrug,Silvolde
6,7051XP,Mezenhof,Varsseveld
8,7051XN,Vinkenhof,Varsseveld
6,7051XN,Vinkenhof,Varsseveld
22,7051XP,Mezenhof,Varsseveld
20,7051XP,Mezenhof,Varsseveld
17,7051XP,Mezenhof,Varsseveld
15,7051XP,Mezenhof,Varsseveld
13,7051XP,Mezenhof,Varsseveld
11,7051XP,Mezenhof,Varsseveld
5,7051XP,Mezenhof,Varsseveld
3,7051XP,Mezenhof,Varsseveld
14,7051XP,Mezenhof,Varsseveld
13,7051XR,Zwaluwenhof,Varsseveld
10,7051DS,Gasthuisweg,Varsseveld
20,7051DS,Gasthuisweg,Varsseveld
22,7051DS,Gasthuisweg,Varsseveld
3,7051XR,Zwaluwenhof,Varsseveld
7,7051XR,Zwaluwenhof,Varsseveld
8,7051XP,Mezenhof,Varsseveld
17,7051XR,Zwaluwenhof,Varsseveld
19,7051XR,Zwaluwenhof,Varsseveld
6,7051XM,Merelstraat,Varsseveld
4,7051XP,Mezenhof,Varsseveld
5,7051XR,Zwaluwenhof,Varsseveld
18,7051XL,Spreeuwenhof,Varsseveld
12,7051XN,Vinkenhof,Varsseveld
79,7051XJ,Spreeuwenhof,Varsseveld
81,7051XJ,Spreeuwenhof,Varsseveld
73,7051XJ,Spreeuwenhof,Varsseveld
40,7051XL,Spreeuwenhof,Varsseveld
63,7051XJ,Spreeuwenhof,Varsseveld
20,7051XL,Spreeuwenhof,Varsseveld
10,7051XL,Spreeuwenhof,Varsseveld
4,7051XL,Spreeuwenhof,Varsseveld
33,7051XH,Spreeuwenhof,Varsseveld
61,7051XJ,Spreeuwenhof,Varsseveld
111,7051XK,Spreeuwenhof,Varsseveld
5,7051AN,Willem de Zwijgerstraat,Varsseveld
64,7051CK,Spoorstraat,Varsseveld
36,7081DP,Oosterstraat,Gendringen
24,7081DP,Oosterstraat,Gendringen
14,7081DP,Oosterstraat,Gendringen
57,7081GL,Veenbes,Gendringen
43,7081DH,IJsselstraat,Gendringen
41,7081DN,Oosterstraat,Gendringen
15,7051AP,Prinsenhof,Varsseveld
23,7061BW,Wijnwaarden,Terborg
17,7051AP,Prinsenhof,Varsseveld
19,7051AP,Prinsenhof,Varsseveld
20,7051AR,Prinsenhof,Varsseveld
17,7061BW,Wijnwaarden,Terborg
15,7061BW,Wijnwaarden,Terborg
100,7061CD,Sint Antoniastraat,Terborg
96,7061CD,Sint Antoniastraat,Terborg
92,7061CD,Sint Antoniastraat,Terborg
90,7061CD,Sint Antoniastraat,Terborg
16,7051AR,Prinsenhof,Varsseveld
9,7051BL,Nassaustraat,Varsseveld
16,7061BZ,Burgemeester van Tuyllpl,Terborg
17,7061BZ,Burgemeester van Tuyllpl,Terborg
8,7061BZ,Burgemeester van Tuyllpl,Terborg
104,7061AV,Industrieweg,Terborg
11,7061BZ,Burgemeester van Tuyllpl,Terborg
20,7051BM,Nassaustraat,Varsseveld
14,7051BZ,Burgemeester van Tuyllstraat,Varsseveld
12,7061BZ,Burgemeester van Tuyllpl,Terborg
24,7061BZ,Burgemeester van Tuyllpl,Terborg
13,7051BL,Nassaustraat,Varsseveld
13,7061BZ,Burgemeester van Tuyllpl,Terborg
2,7061BZ,Burgemeester van Tuyllpl,Terborg
90,7061AV,Industrieweg,Terborg
3,7061BZ,Burgemeester van Tuyllpl,Terborg
4,7061BZ,Burgemeester van Tuyllpl,Terborg
40,7061BZ,Burgemeester van Tuyllpl,Terborg
39,7061BZ,Burgemeester van Tuyllpl,Terborg
5,7061BZ,Burgemeester van Tuyllpl,Terborg
22,7051BM,Nassaustraat,Varsseveld
76,7061XL,Koningin Emmastraat,Terborg
44,7061CD,Sint Antoniastraat,Terborg
130,7061AV,Industrieweg,Terborg
80,7061XL,Koningin Emmastraat,Terborg
128,7061AV,Industrieweg,Terborg
82,7061XL,Koningin Emmastraat,Terborg
84,7061XL,Koningin Emmastraat,Terborg
126,7061AV,Industrieweg,Terborg
19,7061XT,IJsselweg,Terborg
1,7051HL,W Oude Aaltensewg,Varsseveld
26,7061BZ,Burgemeester van Tuyllpl,Terborg
35,7061BZ,Burgemeester van Tuyllpl,Terborg
120,7061AV,Industrieweg,Terborg
118,7061AV,Industrieweg,Terborg
34,7061BZ,Burgemeester van Tuyllpl,Terborg
21,7061BZ,Burgemeester van Tuyllpl,Terborg
114,7061AV,Industrieweg,Terborg
23,7061BZ,Burgemeester van Tuyllpl,Terborg
17,7051ZK,Haverstraat,Varsseveld
5,7061AH,Hofstraat,Terborg
25,7061ZN,Borgsche Rieten,Terborg
29,7051XH,Spreeuwenhof,Varsseveld
19,7061AH,Hofstraat,Terborg
23,7061AH,Hofstraat,Terborg
104,7051WS,Reigershof,Varsseveld
31,7051XH,Spreeuwenhof,Varsseveld
80,7061ZE,Vulcaanstraat,Terborg
17,7051ZB,Zelhemseweg,Varsseveld
13,7061XM,Prins Clausstraat,Terborg
7,7051XP,Mezenhof,Varsseveld
22,7051ZD,Zelhemseweg,Varsseveld
78,7061ZE,Vulcaanstraat,Terborg
28,7061XN,Prins Clausstraat,Terborg
19,7051XP,Mezenhof,Varsseveld
90,7061ZE,Vulcaanstraat,Terborg
18,7051XP,Mezenhof,Varsseveld
100,7061ZE,Vulcaanstraat,Terborg
7,7054AZ,Bijvankstraat,Westendorp
32,7065CB,Harmenskampstraat,Sinderen
62,7071AL,Dr Ariënsstraat,Ulft
3,7054CR,de Houtwerf,Westendorp
16,7051EB,Euroweg,Varsseveld
1,7051HX,Kronenweg,Varsseveld
32,7051ZH,Klaproosstraat,Varsseveld
58,7051ZH,Klaproosstraat,Varsseveld
52,7051ZH,Klaproosstraat,Varsseveld
72,7051ZH,Klaproosstraat,Varsseveld
36,7075BG,Mozartlaan,Etten
19,7071AX,Molenbeek,Ulft
15,7071AX,Molenbeek,Ulft
13,7071AX,Molenbeek,Ulft
11,7071AX,Molenbeek,Ulft
9,7071AX,Molenbeek,Ulft
7,7071AX,Molenbeek,Ulft
5,7071AX,Molenbeek,Ulft
3,7071AX,Molenbeek,Ulft
18,7064CS,Dassenhof,Silvolde
33,7051VL,de Zicht,Varsseveld
40,7064CK,Konijnenhof,Silvolde
3,7071BS,Kloosterstraat,Ulft
1,7064DD,Hermelijnhof,Silvolde
51,7071BG,F B Deurvorststraat,Ulft
1,7071AX,Molenbeek,Ulft
11,7071BA,Ir Sassenstraat,Ulft
6,7071AS,Thorbeckestraat,Ulft
42,7064CS,Dassenhof,Silvolde
14,7071AS,Thorbeckestraat,Ulft
12,7071AS,Thorbeckestraat,Ulft
10,7071AS,Thorbeckestraat,Ulft
64,7071BW,Allee,Ulft
28,7064DR,Marterhof,Silvolde
56,7081DL,Haverkamp,Gendringen
28,7071VM,De Schouwgraaf,Ulft
34,7071VM,De Schouwgraaf,Ulft
33,7071VN,De Schouwgraaf,Ulft
32,7071VM,De Schouwgraaf,Ulft
8,7071VM,De Schouwgraaf,Ulft
6,7071VM,De Schouwgraaf,Ulft
4,7071VM,De Schouwgraaf,Ulft
26,7071VM,De Schouwgraaf,Ulft
42,7064EH,Fazantplein,Silvolde
40,7064EH,Fazantplein,Silvolde
10,7051BK,Burgemeester Fabiusstraat,Varsseveld
27,7064EC,Patrijsplein,Silvolde
27,7061AW,Vulcaanstraat,Terborg
21,7064EC,Patrijsplein,Silvolde
25,7071VN,De Schouwgraaf,Ulft
29,7064EC,Patrijsplein,Silvolde
1,7081BV,Kerkpad,Gendringen
29,7071AX,Molenbeek,Ulft
2,7083AJ,Marmelhorstweg,Voorst
34,7064CS,Dassenhof,Silvolde
2,7084BZ,Marmelhorstweg,Breedenbroek
42,7064CK,Konijnenhof,Silvolde
21,7075BA,Irenestraat,Etten
5,7075EG,Meesterijweg,Etten
8,7075AP,Alexanderhof,Etten
4,7075AW,Christinastraat,Etten
10,7075AW,Christinastraat,Etten
7,7075AP,Alexanderhof,Etten
2,7075BC,Molenstraat,Etten
12,7071JC,Vinkenpad,Ulft
22,7071KB,Hofstraat,Ulft
3,7071GJ,Eksterstraat,Ulft
25,7071XL,Kempermanstraat,Ulft
44,7071XM,Kempermanstraat,Ulft
46,7071XM,Kempermanstraat,Ulft
38,7071XM,Kempermanstraat,Ulft
11,7071KK,Vendeliers,Ulft
36,7071XM,Kempermanstraat,Ulft
5,7071XL,Kempermanstraat,Ulft
82,7071JM,Kwartellaan,Ulft
2,7064BH,Kerkenstraat,Silvolde
29,7071KA,Hofstraat,Ulft
122,7071JS,Mezenpad,Ulft
132,7071JS,Mezenpad,Ulft
114,7071JS,Mezenpad,Ulft
120,7071JS,Mezenpad,Ulft
142,7071JS,Mezenpad,Ulft
146,7071JS,Mezenpad,Ulft
148,7071JT,Mezenpad,Ulft
158,7071JT,Mezenpad,Ulft
160,7071JT,Mezenpad,Ulft
14,7071HR,Lijsterstraat,Ulft
78,7071JM,Kwartellaan,Ulft
84,7071JM,Kwartellaan,Ulft
92,7071JM,Kwartellaan,Ulft
98,7071JM,Kwartellaan,Ulft
134,7071JS,Mezenpad,Ulft
60,7071JM,Kwartellaan,Ulft
70,7071JM,Kwartellaan,Ulft
76,7071JM,Kwartellaan,Ulft
91,7071JJ,Kwartellaan,Ulft
99,7071JJ,Kwartellaan,Ulft
168,7071JT,Mezenpad,Ulft
2,7051HX,Kronenweg,Varsseveld
29,7071SC,Ruvenkamp,Ulft
10,7051EA,Valutaweg,Varsseveld
3,7051EA,Valutaweg,Varsseveld
2,7051EB,Euroweg,Varsseveld
4,7051EB,Euroweg,Varsseveld
6,7051EB,Euroweg,Varsseveld
10,7051EB,Euroweg,Varsseveld
25,7071SC,Ruvenkamp,Ulft
12,7051EB,Euroweg,Varsseveld
14,7051EB,Euroweg,Varsseveld
25,7051EB,Euroweg,Varsseveld
27,7051EB,Euroweg,Varsseveld
6,7051EA,Valutaweg,Varsseveld
6,7051HX,Kronenweg,Varsseveld
26,7071SB,Botterkoel,Ulft
34,7071SB,Botterkoel,Ulft
10,7051HX,Kronenweg,Varsseveld
3,7051HX,Kronenweg,Varsseveld
5,7051HX,Kronenweg,Varsseveld
2,7071KB,Hofstraat,Ulft
66,7051ZH,Klaproosstraat,Varsseveld
29,7051EB,Euroweg,Varsseveld
9,7071SB,Botterkoel,Ulft
25,7071SB,Botterkoel,Ulft
46,7071SB,Botterkoel,Ulft
24,7081AE,Nijverheidsweg,Gendringen
26,7081GJ,Gentiaan,Gendringen
31,7081DM,Oosterstraat,Gendringen
19,7081GK,Veenbes,Gendringen
7,7081BW,Pavordskamp,Gendringen
2,7081BZ,Kerkplein,Gendringen
7,7081DM,Oosterstraat,Gendringen
6,7081GJ,Gentiaan,Gendringen
10,7081GR,Ranonkel,Gendringen
4,7081GR,Ranonkel,Gendringen
13,7081GH,Gentiaan,Gendringen
15,7081DR,Beukenstraat,Gendringen
39,7081DN,Oosterstraat,Gendringen
25,7081GP,Ranonkel,Gendringen
33,7081DN,Oosterstraat,Gendringen
15,7081DM,Oosterstraat,Gendringen
17,7081DM,Oosterstraat,Gendringen
18,7081GJ,Gentiaan,Gendringen
68,7081GG,Bloemersweide,Gendringen
13,7081AW,Brederostraat,Gendringen
5,7081BB,Alberdingk Thijmstraat,Gendringen
3,7081BB,Alberdingk Thijmstraat,Gendringen
33,7081AA,Ulftseweg,Gendringen
29,7081AA,Ulftseweg,Gendringen
27,7081AA,Ulftseweg,Gendringen
4,7081BJ,Vondelstraat,Gendringen
4,7081BB,Alberdingk Thijmstraat,Gendringen
14,7081AZ,Brederostraat,Gendringen
26,7081AZ,Brederostraat,Gendringen
6,7081BA,Tollensstraat,Gendringen
4,7081BA,Tollensstraat,Gendringen
30,7081AZ,Brederostraat,Gendringen
13,7081BB,Alberdingk Thijmstraat,Gendringen
21,7081AW,Brederostraat,Gendringen
16,7081AS,Multatulihof,Gendringen
12,7081AS,Multatulihof,Gendringen
10,7081AS,Multatulihof,Gendringen
27,7081AW,Brederostraat,Gendringen
11,7081BB,Alberdingk Thijmstraat,Gendringen
35,7081AA,Ulftseweg,Gendringen
21,7081AB,Rijnweg,Gendringen
15,7081AB,Rijnweg,Gendringen
9,7081AB,Rijnweg,Gendringen
5,7081AB,Rijnweg,Gendringen
13,7081AA,Ulftseweg,Gendringen
25,7081AW,Brederostraat,Gendringen
37,7081BE,Dominee van Dorpstraat,Gendringen
31,7081BE,Dominee van Dorpstraat,Gendringen
29,7081BE,Dominee van Dorpstraat,Gendringen
16,7081DJ,IJsselstraat,Gendringen
22,7081BL,Jacob Catsstraat,Gendringen
8,7081BL,Jacob Catsstraat,Gendringen
2,7081BL,Jacob Catsstraat,Gendringen
1,7081BT,Pastoor Wijfkerstraat,Gendringen
8,7081BP,Staringstraat,Gendringen
11,7071AA,Ettenseweg,Ulft
24,7081BJ,Vondelstraat,Gendringen
19,7081BD,Dominee van Dorpstraat,Gendringen
17,7081BD,Dominee van Dorpstraat,Gendringen
9,7081AW,Brederostraat,Gendringen
12,7081BG,Dominee van Dorpstraat,Gendringen
41,7081BE,Dominee van Dorpstraat,Gendringen
2,7081BK,van Lennepstraat,Gendringen
122,7081EN,Touwslagersbaan,Gendringen
17,7081CX,Broerdijk,Gendringen
130,7081EN,Touwslagersbaan,Gendringen
61,7061ZC,Vulcaanstraat,Terborg
63,7061ZC,Vulcaanstraat,Terborg
25,7061XM,Prins Clausstraat,Terborg
6,7061XN,Prins Clausstraat,Terborg
31,7061ZN,Borgsche Rieten,Terborg
35,7061ZN,Borgsche Rieten,Terborg
37,7061ZN,Borgsche Rieten,Terborg
43,7061ZN,Borgsche Rieten,Terborg
20,7051ZD,Zelhemseweg,Varsseveld
4,7061XN,Prins Clausstraat,Terborg
16,7061WK,Oranjehof,Terborg
10,7061XN,Prins Clausstraat,Terborg
16,7061XN,Prins Clausstraat,Terborg
20,7061XN,Prins Clausstraat,Terborg
22,7061XN,Prins Clausstraat,Terborg
45,7061ZN,Borgsche Rieten,Terborg
20,7051BZ,Burgemeester van Tuyllstraat,Varsseveld
68,7051CC,Graaf van Lohnstraat,Varsseveld
66,7051CC,Graaf van Lohnstraat,Varsseveld
35,7051BW,Juliana van Stolbergstraat,Varsseveld
29,7051BW,Juliana van Stolbergstraat,Varsseveld
21,7051BW,Juliana van Stolbergstraat,Varsseveld
19,7051BW,Juliana van Stolbergstraat,Varsseveld
13,7051BW,Juliana van Stolbergstraat,Varsseveld
3,7051BW,Juliana van Stolbergstraat,Varsseveld
58,7051CC,Graaf van Lohnstraat,Varsseveld
56,7051CC,Graaf van Lohnstraat,Varsseveld
50,7051CC,Graaf van Lohnstraat,Varsseveld
46,7051CC,Graaf van Lohnstraat,Varsseveld
45,7051XJ,Spreeuwenhof,Varsseveld
4,7051CB,Graaf van Lohnstraat,Varsseveld
107,7061ZP,Borgsche Rieten,Terborg
35,7061WX,Prins Pieter Christiaanstraat,Terborg
13,7051XN,Vinkenhof,Varsseveld
39,7061WH,Nassauhof,Terborg
40,7051CC,Graaf van Lohnstraat,Varsseveld
14,7051CB,Graaf van Lohnstraat,Varsseveld
18,7051CB,Graaf van Lohnstraat,Varsseveld
48,7061WK,Oranjehof,Terborg
20,7051BV,Arentzenstraat,Varsseveld
70,7051CC,Graaf van Lohnstraat,Varsseveld
16,7051BS,Beckingstraat,Varsseveld
18,7051BS,Beckingstraat,Varsseveld
22,7051BS,Beckingstraat,Varsseveld
4,7051BV,Arentzenstraat,Varsseveld
6,7051BS,Beckingstraat,Varsseveld
22,7051BV,Arentzenstraat,Varsseveld
21,7051BT,Arentzenstraat,Varsseveld
23,7051BT,Arentzenstraat,Varsseveld
25,7051BT,Arentzenstraat,Varsseveld
21,7051ZG,Klaproosstraat,Varsseveld
37,7061WH,Nassauhof,Terborg
13,7051XH,Spreeuwenhof,Varsseveld
97,7051XK,Spreeuwenhof,Varsseveld
2,7075BA,Irenestraat,Etten
22,7075AW,Christinastraat,Etten
14,7075AT,Loo,Etten
1,7075BA,Irenestraat,Etten
5,7075AS,Loo,Etten
15,7075AC,Dorpsstraat,Etten
10,7075AD,Dorpsstraat,Etten
12,7075AD,Dorpsstraat,Etten
3,7081BW,Pavordskamp,Gendringen
152,7071LE,Bongerd,Ulft
64,7071LD,Bongerd,Ulft
80,7071LD,Bongerd,Ulft
82,7071LD,Bongerd,Ulft
84,7071LD,Bongerd,Ulft
110,7071LD,Bongerd,Ulft
108,7071LD,Bongerd,Ulft
104,7071LD,Bongerd,Ulft
96,7071LD,Bongerd,Ulft
74,7071LD,Bongerd,Ulft
72,7071LD,Bongerd,Ulft
78,7071LD,Bongerd,Ulft
76,7071PN,Pol,Ulft
68,7071PN,Pol,Ulft
18,7071PN,Pol,Ulft
14,7071PN,Pol,Ulft
10,7071JV,Valkenhof,Ulft
104,7061CM,Hoofdstraat,Terborg
19,7061ZL,Koningin Wilhelminastraat,Terborg
21,7061ZL,Koningin Wilhelminastraat,Terborg
23,7061ZL,Koningin Wilhelminastraat,Terborg
11,7061ZM,Borgsche Rieten,Terborg
3,7061ZM,Borgsche Rieten,Terborg
21,7071BV,Hutteweg,Ulft
1,7071BZ,Gietijzerlaan,Ulft
11,7071BZ,Gietijzerlaan,Ulft
3,7071BZ,Gietijzerlaan,Ulft
9,7071BZ,Gietijzerlaan,Ulft
27,7071CA,Veldstraat,Ulft
32,7071BC,Ir Sassenstraat,Ulft
120,7071CE,Veldstraat,Ulft
11,7071DA,Oversluis,Ulft
18,7071EC,de Hogenkamp,Ulft
57,7071GC,Hogeweg,Ulft
15,7071SC,Ruvenkamp,Ulft
36,7071SB,Botterkoel,Ulft
39,7071PW,Berghseweg,Ulft
8,7051EA,Valutaweg,Varsseveld
36,7051ZH,Klaproosstraat,Varsseveld
13,7071SB,Botterkoel,Ulft
38,7071KR,Elzenstraat,Ulft
