44,3271XN,Grasgors,Mijnsheerenland
20,3297GG,Biezensnijder,Puttershoek
11,3295RL,Meidoornerf,'s-Gravendeel
46,3295CD,Constantijnstraat,'s-Gravendeel
45,3271LL,Westdijk,Mijnsheerenland
31,3297GE,Biezenklamp,Puttershoek
14,3295CR,Van Groningenstraat,'s-Gravendeel
28,3299WJ,Striene,Maasdam
16,3297LC,Molendijk,Puttershoek
1,3273LC,Grote Riethure,Westmaas
217,3271LP,Blaaksedijk,Mijnsheerenland
36,3295VD,Damaststraat,'s-Gravendeel
16,3271TK,Schepenlaan,Mijnsheerenland
115,3295XB,Beneden Havendijk,'s-Gravendeel
63,3295LD,Molendijk,'s-Gravendeel
24,3295XC,Bosveldstraat,'s-Gravendeel
21,3274AK,Oranjestraat,Heinenoord
5,3271TA,Doelenstraat,Mijnsheerenland
38,3274CT,Avenhil,Heinenoord
12,3271TE,Binnenbans,Mijnsheerenland
45,3295KN,Strijenseweg,'s-Gravendeel
55,3295XB,Beneden Havendijk,'s-Gravendeel
11,3299LL,Polderdijk,Maasdam
34,3297EK,Nieuw Weverseinde,Puttershoek
53,3295TM,Vlasstraat,'s-Gravendeel
14,3274CB,De Laagjes,Heinenoord
39,3271BJ,Laan van Westmolen,Mijnsheerenland
10,3297EM,Pieter Boelenstraat,Puttershoek
9,3274AC,Emmastraat,Heinenoord
4,3274CW,Abraham Kuyperhof,Heinenoord
1,3295XD,Boven Havendijk,'s-Gravendeel
69,3297TL,Standerdmolen,Puttershoek
26,3297XB,Eikenlaan,Puttershoek
16,3299BK,Molenlaan,Maasdam
22,3295RG,Narcisstraat,'s-Gravendeel
82,3295EH,Schenkeldijk,'s-Gravendeel
66,3295VH,Lokkenstraat,'s-Gravendeel
83,3297TL,Standerdmolen,Puttershoek
40,3297GL,Biezenbloker,Puttershoek
6,3274CV,Boerengorzen,Heinenoord
43,3271VH,Vrijland,Mijnsheerenland
11,3297AP,Ring,Puttershoek
4,3274LP,Mollekade,Heinenoord
12,3271VD,Vingerling,Mijnsheerenland
24,3274AP,Wilhelminastraat,Heinenoord
29,3295SX,Tulpstraat,'s-Gravendeel
2,3273BC,Nikolaus Boutstraat,Westmaas
37,3271TE,Binnenbans,Mijnsheerenland
13,3271CB,Noordernesse,Mijnsheerenland
6,3273XG,Vlasakkers,Westmaas
191,3295CT,Weegje,'s-Gravendeel
44,3299XB,Kilstraat,Maasdam
22,3273XR,Hermesweide,Westmaas
15,3273LC,Grote Riethure,Westmaas
39,3297WN,Valeriaan,Puttershoek
11,3274KD,Oud-Heinenoordseweg,Heinenoord
17,3295BT,Smidsweg,'s-Gravendeel
34,3295LB,Boendersweg,'s-Gravendeel
13,3274BM,Sluisendijk,Heinenoord
9,3273BC,Nikolaus Boutstraat,Westmaas
7,3297GC,Biezendroger,Puttershoek
5,3271LC,Boomgaardstraat,Mijnsheerenland
43,3297BT,Singel,Puttershoek
85,3297BL,Pieter Repelaerstraat,Puttershoek
22,3271VJ,Vrijland,Mijnsheerenland
45,3299BW,Roodborst,Maasdam
18,3271TE,Binnenbans,Mijnsheerenland
69,3299WC,de Heul,Maasdam
59,3295KG,Mijlweg,'s-Gravendeel
44,3295KM,Strijensedijk,'s-Gravendeel
3,3273AP,Nieuwstraat,Westmaas
43,3297VE,Polaris,Puttershoek
1,3297LD,Oosthavenzijde,Puttershoek
56,3297XL,Hazelaarstraat,Puttershoek
5,3297VA,Andromeda,Puttershoek
25,3271XC,Rietgors,Mijnsheerenland
23,3271XB,Lisgors,Mijnsheerenland
57,3295TD,Hekelstraat,'s-Gravendeel
1,3299WB,de Heul,Maasdam
9,3295VG,Lokkenstraat,'s-Gravendeel
6,3295AP,Nassaustraat,'s-Gravendeel
35,3295XP,Leerambachtstraat,'s-Gravendeel
21,3297BA,Jasmijnstraat,Puttershoek
7,3297GM,Oudeland,Puttershoek
26,3273AL,van Koetsveldlaan,Westmaas
45,3299BJ,Molenlaan,Maasdam
17,3274CH,Kalesland,Heinenoord
46,3295TN,Vlasstraat,'s-Gravendeel
11,3271XA,Lisgors,Mijnsheerenland
36,3273XJ,Cabbeweide,Westmaas
13,3295CM,Repelstraat,'s-Gravendeel
49,3295TD,Hekelstraat,'s-Gravendeel
2,3271BZ,Wilhelminastraat,Mijnsheerenland
35,3295EK,Zweedsestraat,'s-Gravendeel
31,3295AR,Oranjestraat,'s-Gravendeel
61,3299BJ,Molenlaan,Maasdam
2,3297XP,Meidoornstraat,Puttershoek
79,3274BC,Dorpsstraat,Heinenoord
146,3297BJ,Nassaulaan,Puttershoek
32,3271AC,Eendrachtslaan,Mijnsheerenland
23,3271XJ,Zeggegors,Mijnsheerenland
3,3271BG,Kerkplein,Mijnsheerenland
30,3295VP,Vezelstraat,'s-Gravendeel
23,3271LD,Brabersweg,Mijnsheerenland
3,3295BH,Kortestraat,'s-Gravendeel
36,3274AG,Julianastraat,Heinenoord
66,3295KM,Strijensedijk,'s-Gravendeel
53,3295LL,Onder de molen,'s-Gravendeel
36,3295GH,Kreekstraat,'s-Gravendeel
5,3297WB,De Grienden,Puttershoek
9,3297VJ,Sirius,Puttershoek
133,3271KB,Stougjesdijk,Mijnsheerenland
28,3297CW,Prinsenhof,Puttershoek
15,3295BJ,Langestraat,'s-Gravendeel
23,3295BL,Noord Voorstraat,'s-Gravendeel
53,3271VE,Vlietland,Mijnsheerenland
16,3299XJ,Spuistraat,Maasdam
7,3274AM,Wilhelminaplein,Heinenoord
31,3274KB,Oosteinde,Heinenoord
33,3297ED,Dwarsstraat,Puttershoek
63,3295PB,Atalanta,'s-Gravendeel
27,3297TW,Paltrok,Puttershoek
54,3274AA,Beatrixstraat,Heinenoord
57,3297XR,Plataanstraat,Puttershoek
2,3295GD,Slikhof,'s-Gravendeel
11,3299CA,Grutto,Maasdam
50,3295GH,Kreekstraat,'s-Gravendeel
52,3299AH,Hoeksedijk,Maasdam
65,3295BP,Roodenburg Vermaatstraat,'s-Gravendeel
36,3297WJ,Haagwinde,Puttershoek
33,3274BG,Goidschalxoordsedijk,Heinenoord
30,3297GD,Biezenbleek,Puttershoek
25,3295GX,Kwelderpad,'s-Gravendeel
6,3274LE,Blaaksedijk West,Heinenoord
6,3274KE,Reedijk,Heinenoord
2,3274LP,Mollekade,Heinenoord
52,3295AN,Marijkestraat,'s-Gravendeel
38,3274BA,Buitendijk,Heinenoord
4,3297GD,Biezenbleek,Puttershoek
26,3295RE,Leliestraat,'s-Gravendeel
35,3297WR,Dotter,Puttershoek
24,3295GW,Welhof,'s-Gravendeel
30,3295RA,Anjerstraat,'s-Gravendeel
59,3297XG,Hazelaarstraat,Puttershoek
28,3297WJ,Haagwinde,Puttershoek
158,3295KS,Strijenseweg,'s-Gravendeel
130,3274BE,Dorpsstraat,Heinenoord
114,3299LX,Oud Bonaventurasedijk,Maasdam
23,3295EK,Zweedsestraat,'s-Gravendeel
3,3274CN,Talmahof,Heinenoord
35,3295TD,Hekelstraat,'s-Gravendeel
57,3297TN,Sterrenlaan,Puttershoek
40,3274LC,Blaaksedijk Oost,Heinenoord
14,3271BD,Hoflaan,Mijnsheerenland
5,3295SB,Anemoonpad,'s-Gravendeel
84,3295TG,Hekelstraat,'s-Gravendeel
14,3297AE,Gerrit de Voslaan,Puttershoek
42,3295SC,Crocuserf,'s-Gravendeel
53,3299WC,de Heul,Maasdam
38,3295WE,Lindehof,'s-Gravendeel
16,3274CD,Heyne van Althenastraat,Heinenoord
187,3271KC,Stougjesdijk,Mijnsheerenland
10,3295AA,Badhuisstraat,'s-Gravendeel
18,3295PJ,Kleine Vos,'s-Gravendeel
29,3274AN,Wilhelminastraat,Heinenoord
47,3295TH,Lijnzaadstraat,'s-Gravendeel
4,3271VG,Vlietland,Mijnsheerenland
32,3271VJ,Vrijland,Mijnsheerenland
26,3295GR,Wetering,'s-Gravendeel
5,3297BN,Prunuslaan,Puttershoek
4,3295BA,Achterdijk,'s-Gravendeel
33,3273AX,Rootweide,Westmaas
3,3295KG,Mijlweg,'s-Gravendeel
10,3297GA,Biezengors,Puttershoek
68,3297AW,Zijdewinde,Puttershoek
70,3295TN,Vlasstraat,'s-Gravendeel
208,3271LR,Blaaksedijk,Mijnsheerenland
56,3274CL,Martin Luther Kingstraat,Heinenoord
2,3271TC,Haantjesvliet,Mijnsheerenland
74,3274BD,Dorpsstraat,Heinenoord
48,3297WC,Gele lis,Puttershoek
9,3295VC,Damaststraat,'s-Gravendeel
26,3295GW,Welhof,'s-Gravendeel
24,3271VG,Vlietland,Mijnsheerenland
58,3271TA,Doelenstraat,Mijnsheerenland
19,3295HC,Vijverhof,'s-Gravendeel
28,3299XD,Merwedestraat,Maasdam
1,3297TT,Wipmolen,Puttershoek
10,3295AJ,In 't Veldstraat,'s-Gravendeel
203,3271KC,Stougjesdijk,Mijnsheerenland
22,3295GJ,Singel,'s-Gravendeel
142,3297BJ,Nassaulaan,Puttershoek
39,3295SR,Korenbloemerf,'s-Gravendeel
26,3271XN,Grasgors,Mijnsheerenland
22,3273AN,Mastland,Westmaas
3,3297GM,Oudeland,Puttershoek
2,3271LG,Groeneweg,Mijnsheerenland
7,3273AD,de Roolaan,Westmaas
45,3299XC,Merwedestraat,Maasdam
7,3295BE,Kooijstraat,'s-Gravendeel
91,3299WC,de Heul,Maasdam
4,3295AM,Margrietstraat,'s-Gravendeel
14,3295GL,Schuilingenweg,'s-Gravendeel
28,3274LV,van Galenstraat,Heinenoord
22,3295WD,Lindehof,'s-Gravendeel
29,3299BN,Trambaan,Maasdam
10,3274AH,Margrietstraat,Heinenoord
5,3271AG,Lodewijk van Praetstraat,Mijnsheerenland
10,3274AK,Oranjestraat,Heinenoord
80,3295PD,Atalanta,'s-Gravendeel
32,3274AA,Beatrixstraat,Heinenoord
6,3299AP,Raadhuisstraat,Maasdam
27,3273AD,de Roolaan,Westmaas
28,3295AX,Verbruggestraat,'s-Gravendeel
21,3271XJ,Zeggegors,Mijnsheerenland
4,3295VD,Damaststraat,'s-Gravendeel
36,3295KM,Strijensedijk,'s-Gravendeel
23,3299XK,Vliet,Maasdam
127,3295KP,Strijenseweg,'s-Gravendeel
9,3274AN,Wilhelminastraat,Heinenoord
41,3295AH,Groene Kruisstraat,'s-Gravendeel
8,3297CC,Irenestraat,Puttershoek
242,3271LR,Blaaksedijk,Mijnsheerenland
20,3274CE,Hermannushof,Heinenoord
6,3274LP,Gorzenweg,Heinenoord
18,3295BA,Achterdijk,'s-Gravendeel
39,3295TH,Lijnzaadstraat,'s-Gravendeel
3,3295LD,Molendijk,'s-Gravendeel
91,3271BJ,Laan van Westmolen,Mijnsheerenland
84,3295EJ,Schenkeldijk,'s-Gravendeel
11,3295XS,Nieuweweg,'s-Gravendeel
4,3297CG,Margrietstraat,Puttershoek
49,3297AD,Eendrachtsweg,Puttershoek
55,3295CT,Weegje,'s-Gravendeel
50,3274CH,Kalesland,Heinenoord
35,3297ED,Dwarsstraat,Puttershoek
9,3295GJ,Singel,'s-Gravendeel
1,3297CH,Marijkestraat,Puttershoek
8,3271LM,Westdijk,Mijnsheerenland
57,3299BB,Dorpsstraat,Maasdam
53,3297TK,Standerdmolen,Puttershoek
8,3297TX,Grondzeiler,Puttershoek
29,3295TM,Vlasstraat,'s-Gravendeel
49,3271AH,Laan van Moerkerken,Mijnsheerenland
265,3271LP,Blaaksedijk,Mijnsheerenland
5,3295KD,Lagedijk,'s-Gravendeel
79,3295WC,Lindehof,'s-Gravendeel
67,3273AT,Prins Willem Alexanderln,Westmaas
33,3295CN,Roterijstraat,'s-Gravendeel
14,3273AM,Margrietlaan,Westmaas
12,3273XH,Manhille,Westmaas
26,3295WD,Lindehof,'s-Gravendeel
16,3273XB,Langeweer,Westmaas
185,3295CJ,Hendrik Hamerstraat,'s-Gravendeel
47,3271TN,Landheerlaan,Mijnsheerenland
8,3299BR,van der Doeslaan,Maasdam
6,3274MB,Buitenlanden,Heinenoord
57,3271LL,Westdijk,Mijnsheerenland
6,3295CM,Repelstraat,'s-Gravendeel
37,3297GH,Biezenveld,Puttershoek
7,3297TK,Standerdmolen,Puttershoek
1,3274CT,Avenhil,Heinenoord
74,3297CT,Oranjelaan Westzijde,Puttershoek
15,3274AJ,Marijkestraat,Heinenoord
131,3295AE,Bevershoekstraat,'s-Gravendeel
14,3295CL,Hendrik Hamerstraat,'s-Gravendeel
7,3271AA,Burg.de Jongplein,Mijnsheerenland
1,3273AJ,Kartuizerveld,Westmaas
10,3295XR,Leerambachtstraat,'s-Gravendeel
4,3271BH,Kerkstraat,Mijnsheerenland
23,3295TK,Schelfstraat,'s-Gravendeel
57,3297CP,Wilhelminastraat,Puttershoek
34,3297TP,Sterrenlaan,Puttershoek
5,3274KH,Kuipersveer,Heinenoord
10,3299XJ,Spuistraat,Maasdam
16,3299XD,Merwedestraat,Maasdam
28,3297EK,Nieuw Weverseinde,Puttershoek
50,3271BR,Nieuwegeer,Mijnsheerenland
16,3299XB,Kilstraat,Maasdam
33,3299AP,Raadhuisstraat,Maasdam
102,3297AW,Zijdewinde,Puttershoek
18,3274KG,Westdijk,Heinenoord
7,3297TM,Sterrenlaan,Puttershoek
55,3271BW,van der Waalstraat,Mijnsheerenland
4,3295RG,Narcisstraat,'s-Gravendeel
25,3295PH,Kleine Vos,'s-Gravendeel
36,3274KJ,Nijverheidsweg,Heinenoord
29,3295AR,Oranjestraat,'s-Gravendeel
7,3297AA,Arent van Lierstraat,Puttershoek
28,3295GH,Kreekstraat,'s-Gravendeel
6,3295AG,dr Bossersstraat,'s-Gravendeel
25,3295EC,Schenkeldijk,'s-Gravendeel
25,3295CN,Roterijstraat,'s-Gravendeel
63,3297DA,Schorredijk,Puttershoek
55,3271TE,Binnenbans,Mijnsheerenland
3,3297VB,Hamal,Puttershoek
10,3273LE,Munnikendijk,Westmaas
2,3274BR,Haven,Heinenoord
49,3271TN,Landheerlaan,Mijnsheerenland
10,3295SZ,Zonnebloemlaan,'s-Gravendeel
18,3274CW,Abraham Kuyperhof,Heinenoord
6,3299AN,Parallelweg,Maasdam
7,3295BH,Kortestraat,'s-Gravendeel
179,3295CJ,Hendrik Hamerstraat,'s-Gravendeel
6,3295BH,Kortestraat,'s-Gravendeel
27,3295KG,Mijlweg,'s-Gravendeel
27,3295CT,Weegje,'s-Gravendeel
4,3297VH,Rigel,Puttershoek
9,3295RC,Gladioolerf,'s-Gravendeel
22,3297BV,Singel,Puttershoek
11,3295HA,Spuihof,'s-Gravendeel
16,3297BV,Singel,Puttershoek
14,3297EK,Nieuw Weverseinde,Puttershoek
64,3299XJ,Spuistraat,Maasdam
77,3274BC,Dorpsstraat,Heinenoord
57,3295AR,Oranjestraat,'s-Gravendeel
49,3273LM,Stougjesdijk,Westmaas
253,3295CT,Weegje,'s-Gravendeel
88,3297AW,Zijdewinde,Puttershoek
43,3274CT,Avenhil,Heinenoord
15,3295GD,Slikhof,'s-Gravendeel
13,3271TD,Albert Verweystraat,Mijnsheerenland
5,3295XE,Elshoffstraat,'s-Gravendeel
50,3295RA,Anjerstraat,'s-Gravendeel
35,3295TR,Akkerwinde,'s-Gravendeel
49,3297TD,Bovenkruier,Puttershoek
5,3295SC,Crocuserf,'s-Gravendeel
45,3271BS,Raadhuislaan,Mijnsheerenland
12,3295XX,Van der Merckstraat,'s-Gravendeel
20,3299XG,Sportlaan,Maasdam
10,3297VC,Noordster,Puttershoek
11,3297GA,Biezengors,Puttershoek
67,3297BE,Nassaulaan,Puttershoek
5,3274AB,Bernhardstraat,Heinenoord
10,3299BW,Roodborst,Maasdam
12,3273XN,Boomweide,Westmaas
45,3274LN,Mollekade,Heinenoord
2,3273XG,Vlasakkers,Westmaas
45,3295XW,Van der Merckstraat,'s-Gravendeel
27,3295GZ,Plaszoom,'s-Gravendeel
15,3297GJ,Biezenvlechter,Puttershoek
12,3274AH,Margrietstraat,Heinenoord
18,3295CP,Roterijstraat,'s-Gravendeel
24,3274BH,Goidschalxoordsedijk,Heinenoord
8,3297CW,Prinsenhof,Puttershoek
5,3295XM,Pasmanstraat,'s-Gravendeel
43,3273AS,Prins Willem Alexanderln,Westmaas
18,3297TV,Wipmolen,Puttershoek
15,3271BJ,Laan van Westmolen,Mijnsheerenland
22,3299LB,Gatsedijk,Maasdam
32,3295SC,Crocuserf,'s-Gravendeel
13,3295GM,Vlietstraat,'s-Gravendeel
49,3271BS,Raadhuislaan,Mijnsheerenland
38,3299BC,Dorpsstraat,Maasdam
15,3295GX,Kwelderpad,'s-Gravendeel
4,3297EH,Jan Steenstraat,Puttershoek
35,3295PH,Kleine Vos,'s-Gravendeel
15,3297WJ,Haagwinde,Puttershoek
95,3297XA,Eikenlaan,Puttershoek
13,3295SL,Irisstraat,'s-Gravendeel
22,3295XR,Leerambachtstraat,'s-Gravendeel
2,3297XS,Plataanstraat,Puttershoek
8,3295GD,Slikhof,'s-Gravendeel
3,3297TR,Tjasker,Puttershoek
17,3271BJ,Laan van Westmolen,Mijnsheerenland
38,3295CR,Van Groningenstraat,'s-Gravendeel
33,3274LA,Blaaksedijk Oost,Heinenoord
160,3295WH,Lindehof,'s-Gravendeel
1,3299XK,Vliet,Maasdam
6,3274CB,De Laagjes,Heinenoord
7,3295GX,Kwelderpad,'s-Gravendeel
15,3295GM,Vlietstraat,'s-Gravendeel
31,3297TA,Binnenkruier,Puttershoek
12,3295AN,Marijkestraat,'s-Gravendeel
6,3295AC,Bernhardstraat,'s-Gravendeel
21,3295SN,Klaprooslaan,'s-Gravendeel
21,3295TD,Hekelstraat,'s-Gravendeel
20,3297GB,Biezenweide,Puttershoek
40,3271TM,Ambachtsherenlaan,Mijnsheerenland
31,3273AP,Nieuwstraat,Westmaas
69,3295WC,Lindehof,'s-Gravendeel
17,3297AS,Schouteneinde,Puttershoek
11,3295KD,Lagedijk,'s-Gravendeel
16,3274MA,Rietwaard,Heinenoord
1,3274AK,Oranjestraat,Heinenoord
11,3295EB,Ronduitstraat,'s-Gravendeel
17,3271CA,Maasdijk,Mijnsheerenland
18,3297AJ,Laan van Heemstede,Puttershoek
2,3271AM,Molenweg,Mijnsheerenland
5,3297GM,Oudeland,Puttershoek
23,3295TB,Bootstraat,'s-Gravendeel
33,3295RG,Narcisstraat,'s-Gravendeel
22,3299BN,Trambaan,Maasdam
3,3274CB,De Laagjes,Heinenoord
23,3295PA,Atalanta,'s-Gravendeel
37,3297CP,Wilhelminastraat,Puttershoek
39,3295EC,Schenkeldijk,'s-Gravendeel
19,3299WK,Hof van Weede,Maasdam
18,3274LK,Doormanstraat,Heinenoord
77,3299LM,Polderdijk,Maasdam
267,3295CK,Hendrik Hamerstraat,'s-Gravendeel
44,3295GN,Vlietstraat,'s-Gravendeel
21,3295GW,Welhof,'s-Gravendeel
19,3274CW,Abraham Kuyperhof,Heinenoord
17,3295BA,Achterdijk,'s-Gravendeel
99,3295CT,Weegje,'s-Gravendeel
49,3299XC,Merwedestraat,Maasdam
3,3273AS,Prins Willem Alexanderln,Westmaas
88,3297XL,Hazelaarstraat,Puttershoek
13,3297EL,Pieter Abelszstraat,Puttershoek
19,3299XH,Spuistraat,Maasdam
34,3274AP,Wilhelminastraat,Heinenoord
8,3297AL,Maasdamsedijk,Puttershoek
5,3271DB,Stelleveld,Mijnsheerenland
8,3299XL,Vliet,Maasdam
10,3274AJ,Marijkestraat,Heinenoord
7,3295XL,Hiesveltstraat,'s-Gravendeel
9,3297WN,Valeriaan,Puttershoek
20,3274CR,Wouter van den Walestr,Heinenoord
8,3274CT,Avenhil,Heinenoord
15,3299XK,Vliet,Maasdam
66,3274CH,Kalesland,Heinenoord
34,3299XB,Kilstraat,Maasdam
29,3299XC,Merwedestraat,Maasdam
22,3271XH,Zandgors,Mijnsheerenland
60,3299AH,Hoeksedijk,Maasdam
27,3295EC,Schenkeldijk,'s-Gravendeel
18,3271VJ,Vrijland,Mijnsheerenland
2,3295AT,Oranjestraat,'s-Gravendeel
69,3273LD,Munnikendijk,Westmaas
35,3271AB,Eendrachtslaan,Mijnsheerenland
122,3295TG,Hekelstraat,'s-Gravendeel
29,3271BW,van der Waalstraat,Mijnsheerenland
9,3297BZ,Te Hoecke,Puttershoek
2,3297XM,Lindestraat,Puttershoek
2,3274CH,Kalesland,Heinenoord
103,3295KN,Strijenseweg,'s-Gravendeel
14,3299AG,Hoeksedijk,Maasdam
3,3274CJ,Kooimansland,Heinenoord
4,3273XJ,Cabbeweide,Westmaas
113,3295XB,Beneden Havendijk,'s-Gravendeel
4,3295SJ,Hyacinterf,'s-Gravendeel
10,3295TB,Bootstraat,'s-Gravendeel
46,3274AP,Wilhelminastraat,Heinenoord
9,3274LJ,de Ruyterstraat,Heinenoord
10,3271VC,Hoofdland,Mijnsheerenland
41,3295CD,Constantijnstraat,'s-Gravendeel
39,3297AS,Schouteneinde,Puttershoek
26,3295VD,Damaststraat,'s-Gravendeel
20,3274LV,van Galenstraat,Heinenoord
22,3295AT,Oranjestraat,'s-Gravendeel
3,3299BV,Merel,Maasdam
1,3297VJ,Sirius,Puttershoek
5,3299XC,Merwedestraat,Maasdam
9,3274BK,Hofweg,Heinenoord
205,3295CJ,Hendrik Hamerstraat,'s-Gravendeel
16,3274KG,Westdijk,Heinenoord
12,3295GR,Wetering,'s-Gravendeel
57,3271BL,Molenvlietlaan,Mijnsheerenland
10,3273XJ,Cabbeweide,Westmaas
20,3299LB,Gatsedijk,Maasdam
33,3297TM,Sterrenlaan,Puttershoek
16,3299BT,Lijster,Maasdam
30,3271XK,Zeggegors,Mijnsheerenland
4,3274CC,Dreeshof,Heinenoord
1,3274BK,Hofweg,Heinenoord
57,3297WJ,Haagwinde,Puttershoek
36,3297CR,Wilhelminastraat,Puttershoek
76,3297WC,Gele lis,Puttershoek
21,3295RG,Narcisstraat,'s-Gravendeel
18,3295BW,Zuid Voorstraat,'s-Gravendeel
2,3273AR,Nieuwstraat,Westmaas
40,3295VH,Lokkenstraat,'s-Gravendeel
26,3295VR,Weverijstraat,'s-Gravendeel
7,3271BP,Nieuwegeer,Mijnsheerenland
34,3274KG,Westdijk,Heinenoord
57,3271TE,Binnenbans,Mijnsheerenland
23,3274MB,Buitenlanden,Heinenoord
36,3295RA,Anjerstraat,'s-Gravendeel
105,3299LX,Oud Bonaventurasedijk,Maasdam
31,3274KJ,Nijverheidsweg,Heinenoord
3,3299XK,Vliet,Maasdam
95,3295AE,Bevershoekstraat,'s-Gravendeel
136,3297AW,Zijdewinde,Puttershoek
47,3297XA,Eikenlaan,Puttershoek
86,3271AC,Eendrachtslaan,Mijnsheerenland
34,3295PC,Atalanta,'s-Gravendeel
3,3295XK,Heeremanstraat,'s-Gravendeel
26,3299XL,Vliet,Maasdam
34,3297AJ,Laan van Heemstede,Puttershoek
3,3299AL,Lageweg,Maasdam
5,3295GV,Poldervaart,'s-Gravendeel
9,3295CE,Frisostraat,'s-Gravendeel
15,3295RG,Narcisstraat,'s-Gravendeel
118,3271KG,Stougjesdijk,Mijnsheerenland
11,3299WD,Weeda,Maasdam
9,3273LG,Munnikenweg,Westmaas
28,3299XJ,Spuistraat,Maasdam
15,3297TK,Standerdmolen,Puttershoek
3,3295SN,Klaprooslaan,'s-Gravendeel
27,3295RJ,Jasmijnstraat,'s-Gravendeel
54,3295TE,Hekelstraat,'s-Gravendeel
2,3271BC,Elisabeth van Loonstraat,Mijnsheerenland
66,3299AH,Hoeksedijk,Maasdam
24,3295CL,Hendrik Hamerstraat,'s-Gravendeel
28,3295XS,Nieuweweg,'s-Gravendeel
7,3273LG,Munnikenweg,Westmaas
30,3297WB,De Grienden,Puttershoek
21,3295PA,Atalanta,'s-Gravendeel
5,3273AN,Mastland,Westmaas
4,3273LK,Smidsweg,Westmaas
38,3273XP,Groteweide,Westmaas
44,3271VD,Vingerling,Mijnsheerenland
115,3271KB,Stougjesdijk,Mijnsheerenland
21,3295TK,Schelfstraat,'s-Gravendeel
1,3271AH,Laan van Moerkerken,Mijnsheerenland
2,3295GL,Schuilingenweg,'s-Gravendeel
43,3297AK,Maasdamsedijk,Puttershoek
88,3297CT,Oranjelaan Westzijde,Puttershoek
31,3271XB,Lisgors,Mijnsheerenland
3,3295HC,Vijverhof,'s-Gravendeel
5,3295AG,dr Bossersstraat,'s-Gravendeel
1,3271LW,Provincialeweg,Mijnsheerenland
12,3274KJ,Nijverheidsweg,Heinenoord
2,3299BG,Lindenlaan,Maasdam
118,3297BJ,Nassaulaan,Puttershoek
16,3273XJ,Cabbeweide,Westmaas
9,3271TB,Frederik van Eedenstraat,Mijnsheerenland
13,3299BP,van der Doeslaan,Maasdam
42,3297BB,Kastanjelaan,Puttershoek
13,3297WC,Gele lis,Puttershoek
19,3295XB,Beneden Havendijk,'s-Gravendeel
95,3271BJ,Laan van Westmolen,Mijnsheerenland
25,3299XN,Boezemvliet,Maasdam
17,3295CM,Repelstraat,'s-Gravendeel
4,3297EG,Frans Halsstraat,Puttershoek
11,3295BC,Korte Smidsweg,'s-Gravendeel
17,3297WP,Barbarakruid,Puttershoek
43,3271VD,Vingerling,Mijnsheerenland
8,3299LN,Polderdijk,Maasdam
30,3295AN,Marijkestraat,'s-Gravendeel
32,3299BT,Lijster,Maasdam
5,3297WL,Dauwbraam,Puttershoek
42,3273AR,Nieuwstraat,Westmaas
23,3297GH,Biezenveld,Puttershoek
7,3274LK,Doormanstraat,Heinenoord
1,3297XR,Plataanstraat,Puttershoek
19,3274AA,Beatrixstraat,Heinenoord
33,3274BB,Dorpsstraat,Heinenoord
67,3297TL,Standerdmolen,Puttershoek
8,3297EC,Arie van Drielstraat,Puttershoek
5,3274LN,Mollekade,Heinenoord
25,3274BM,Sluisendijk,Heinenoord
44,3274BA,Buitendijk,Heinenoord
6,3295TP,Zwingellaan,'s-Gravendeel
23,3297WP,Barbarakruid,Puttershoek
54,3271VJ,Vrijland,Mijnsheerenland
13,3295TM,Vlasstraat,'s-Gravendeel
32,3295TN,Vlasstraat,'s-Gravendeel
58,3295PD,Atalanta,'s-Gravendeel
4,3297WB,De Grienden,Puttershoek
93,3295KN,Strijenseweg,'s-Gravendeel
109,3299LX,Oud Bonaventurasedijk,Maasdam
75,3297XA,Eikenlaan,Puttershoek
11,3271TH,Schoutlaan,Mijnsheerenland
45,3295GG,Kreekstraat,'s-Gravendeel
48,3271TN,Landheerlaan,Mijnsheerenland
13,3299XC,Merwedestraat,Maasdam
60,3274CH,Kalesland,Heinenoord
27,3295TR,Akkerwinde,'s-Gravendeel
21,3271TE,Binnenbans,Mijnsheerenland
18,3271BC,Elisabeth van Loonstraat,Mijnsheerenland
55,3271AB,Eendrachtslaan,Mijnsheerenland
8,3297XC,Elzenstraat,Puttershoek
2,3299BK,Molenlaan,Maasdam
49,3273CA,Johannes Kolfstraat,Westmaas
55,3295XP,Leerambachtstraat,'s-Gravendeel
19,3295VG,Lokkenstraat,'s-Gravendeel
13,3271VA,Aveling,Mijnsheerenland
33,3299WE,Poelwijk,Maasdam
77,3297XG,Hazelaarstraat,Puttershoek
8,3273BA,Zuidernesse,Westmaas
44,3274AG,Julianastraat,Heinenoord
9,3274BG,Goidschalxoordsedijk,Heinenoord
19,3295XT,Renooishoekstraat,'s-Gravendeel
2,3297TX,Grondzeiler,Puttershoek
18,3273XG,Vlasakkers,Westmaas
16,3297BW,Wilgenlaan,Puttershoek
69,3297BT,Singel,Puttershoek
28,3271VJ,Vrijland,Mijnsheerenland
11,3297BS,Singel,Puttershoek
9,3273XC,Leeuwendaal,Westmaas
73,3297CT,Oranjelaan Westzijde,Puttershoek
85,3297XH,Hazelaarstraat,Puttershoek
52,3297AV,Schouteneinde,Puttershoek
3,3295EB,Ronduitstraat,'s-Gravendeel
6,3271TB,Frederik van Eedenstraat,Mijnsheerenland
14,3274CG,John F. Kennedystraat,Heinenoord
61,3274LB,Blaaksedijk Oost,Heinenoord
15,3295RN,Seringenstraat,'s-Gravendeel
10,3295LC,Maasdamseweg,'s-Gravendeel
44,3295SC,Crocuserf,'s-Gravendeel
47,3299BP,van der Doeslaan,Maasdam
92,3299BD,Dorpsstraat,Maasdam
25,3297GE,Biezenklamp,Puttershoek
19,3274MA,Rietwaard,Heinenoord
11,3295CN,Roterijstraat,'s-Gravendeel
56,3295GN,Vlietstraat,'s-Gravendeel
26,3297WH,Penningkruid,Puttershoek
34,3274CR,Wouter van den Walestr,Heinenoord
34,3295XD,Boven Havendijk,'s-Gravendeel
71,3299LM,Polderdijk,Maasdam
101,3295KN,Strijenseweg,'s-Gravendeel
29,3295BN,Roodenburg Vermaatstraat,'s-Gravendeel
110,3299BS,Fazant,Maasdam
53,3295CT,Weegje,'s-Gravendeel
32,3299AB,Burg G de Katerstraat,Maasdam
16,3271CB,Noordernesse,Mijnsheerenland
77,3271BJ,Laan van Westmolen,Mijnsheerenland
8,3295AC,Bernhardstraat,'s-Gravendeel
17,3295CC,Constantijnstraat,'s-Gravendeel
105,3295ED,Schenkeldijk,'s-Gravendeel
14,3299AW,Resenburgh,Maasdam
24,3271BT,Raadhuislaan,Mijnsheerenland
33,3299BB,Dorpsstraat,Maasdam
3,3295EE,Boomdijk,'s-Gravendeel
20,3297BZ,Te Hoecke,Puttershoek
23,3297BC,Magnoliastraat,Puttershoek
23,3295TM,Vlasstraat,'s-Gravendeel
3,3297XP,Meidoornstraat,Puttershoek
2,3271XN,Grasgors,Mijnsheerenland
26,3295AN,Marijkestraat,'s-Gravendeel
30,3271VJ,Vrijland,Mijnsheerenland
38,3297WD,Speenkruid,Puttershoek
4,3295SV,Rozenerf,'s-Gravendeel
55,3297BT,Singel,Puttershoek
17,3297EM,Pieter Boelenstraat,Puttershoek
22,3297CS,Oranjelaan Oostzijde,Puttershoek
2,3299AK,Julianastraat,Maasdam
13,3271BD,Hoflaan,Mijnsheerenland
4,3297LC,Molendijk,Puttershoek
9,3295XC,Bosveldstraat,'s-Gravendeel
17,3299AR,van Hogendorplaan,Maasdam
82,3295WG,Lindehof,'s-Gravendeel
40,3295WE,Lindehof,'s-Gravendeel
17,3274AJ,Marijkestraat,Heinenoord
98,3295TG,Hekelstraat,'s-Gravendeel
23,3274BM,Sluisendijk,Heinenoord
229,3295CT,Weegje,'s-Gravendeel
3,3299XR,Noordstraat,Maasdam
6,3274CD,Heyne van Althenastraat,Heinenoord
93,3271AJ,Laan van Moerkerken,Mijnsheerenland
5,3274CW,Abraham Kuyperhof,Heinenoord
4,3271BM,Molenvlietlaan,Mijnsheerenland
10,3299XG,Sportlaan,Maasdam
34,3274CD,Heyne van Althenastraat,Heinenoord
13,3273XP,Groteweide,Westmaas
16,3295RD,Lavendelpad,'s-Gravendeel
60,3299BD,Dorpsstraat,Maasdam
1,3295AA,Badhuisstraat,'s-Gravendeel
49,3274BG,Goidschalxoordsedijk,Heinenoord
2,3295TK,Schelfstraat,'s-Gravendeel
19,3295VA,Batiststraat,'s-Gravendeel
56,3295PD,Atalanta,'s-Gravendeel
14,3295XK,Heeremanstraat,'s-Gravendeel
14,3297AT,Schouteneinde,Puttershoek
6,3297WK,Kleefkruid,Puttershoek
20,3295GZ,Plaszoom,'s-Gravendeel
7,3273AN,Mastland,Westmaas
16,3295KB,De Wacht,'s-Gravendeel
25,3295KG,Mijlweg,'s-Gravendeel
20,3297LC,Molendijk,Puttershoek
1,3297AM,Narvikstraat,Puttershoek
55,3299BP,van der Doeslaan,Maasdam
13,3295RG,Narcisstraat,'s-Gravendeel
28,3274BJ,Hofplein,Heinenoord
2,3271LJ,Papeweg,Mijnsheerenland
1,3295AC,Bernhardstraat,'s-Gravendeel
10,3271TL,Hertoglaan,Mijnsheerenland
8,3297VJ,Sirius,Puttershoek
30,3271TM,Ambachtsherenlaan,Mijnsheerenland
15,3274AA,Beatrixstraat,Heinenoord
16,3271TM,Ambachtsherenlaan,Mijnsheerenland
229,3295CK,Hendrik Hamerstraat,'s-Gravendeel
2,3297AT,Schouteneinde,Puttershoek
24,3273XG,Vlasakkers,Westmaas
32,3274LE,Blaaksedijk West,Heinenoord
91,3297BL,Pieter Repelaerstraat,Puttershoek
80,3299LC,Gatsedijk,Maasdam
22,3274CD,Heyne van Althenastraat,Heinenoord
34,3295BG,Kooijstraat,'s-Gravendeel
35,3299BB,Dorpsstraat,Maasdam
25,3295TC,Dauwrootstraat,'s-Gravendeel
33,3297VL,Zuidster,Puttershoek
1,3295GZ,Plaszoom,'s-Gravendeel
7,3297WN,Valeriaan,Puttershoek
81,3295CG,Hendrik Hamerstraat,'s-Gravendeel
65,3271LL,Westdijk,Mijnsheerenland
6,3297AJ,Laan van Heemstede,Puttershoek
66,3274CL,Martin Luther Kingstraat,Heinenoord
19,3273AN,Mastland,Westmaas
3,3295HA,Spuihof,'s-Gravendeel
33,3271TN,Landheerlaan,Mijnsheerenland
12,3271TJ,Gravinnenlaan,Mijnsheerenland
8,3271XH,Zandgors,Mijnsheerenland
18,3271XD,Rietgors,Mijnsheerenland
2,3299AP,Raadhuisstraat,Maasdam
11,3297EM,Pieter Boelenstraat,Puttershoek
1,3297WN,Valeriaan,Puttershoek
7,3297GK,Biezenvijver,Puttershoek
15,3274CG,John F. Kennedystraat,Heinenoord
2,3299XB,Kilstraat,Maasdam
3,3295CM,Repelstraat,'s-Gravendeel
64,3295VP,Vezelstraat,'s-Gravendeel
59,3295XW,Van der Merckstraat,'s-Gravendeel
10,3295SP,Klaprooslaan,'s-Gravendeel
7,3295BB,Hoefpad,'s-Gravendeel
8,3274AJ,Marijkestraat,Heinenoord
1,3295AL,Julianastraat,'s-Gravendeel
18,3299BS,Fazant,Maasdam
18,3299BZ,Leeuwerik,Maasdam
18,3273AC,Breestraat,Westmaas
23,3271XC,Rietgors,Mijnsheerenland
17,3297WE,Penningkruid,Puttershoek
19,3274KE,Reedijk,Heinenoord
1,3274LX,Zomerlandseweg,Heinenoord
28,3297WC,Gele lis,Puttershoek
29,3297VE,Polaris,Puttershoek
36,3295LB,Boendersweg,'s-Gravendeel
16,3295TN,Vlasstraat,'s-Gravendeel
76,3274BD,Dorpsstraat,Heinenoord
4,3295TN,Vlasstraat,'s-Gravendeel
16,3274KD,Oud-Heinenoordseweg,Heinenoord
4,3274MA,Rietwaard,Heinenoord
22,3295RD,Lavendelpad,'s-Gravendeel
33,3274LD,Blaaksedijk West,Heinenoord
1,3297AP,Ring,Puttershoek
11,3295VG,Lokkenstraat,'s-Gravendeel
19,3273XG,Vlasakkers,Westmaas
7,3297WE,Penningkruid,Puttershoek
34,3274CH,Kalesland,Heinenoord
57,3299XK,Vliet,Maasdam
17,3297XE,Hazelaarstraat,Puttershoek
52,3297AJ,Laan van Heemstede,Puttershoek
9,3274CX,Wiardi Beckmanhof,Heinenoord
9,3295GE,Kreekpad,'s-Gravendeel
47,3297AD,Eendrachtsweg,Puttershoek
19,3297WJ,Haagwinde,Puttershoek
21,3295RJ,Jasmijnstraat,'s-Gravendeel
31,3295RG,Narcisstraat,'s-Gravendeel
15,3297GA,Biezengors,Puttershoek
9,3297EP,Rembrandtstraat,Puttershoek
21,3297TT,Wipmolen,Puttershoek
5,3273LB,Blauwesteenweg,Westmaas
85,3274CG,John F. Kennedystraat,Heinenoord
5,3297TG,Sportlaan,Puttershoek
12,3271AK,Laan van Moerkerken,Mijnsheerenland
29,3271AH,Laan van Moerkerken,Mijnsheerenland
27,3274CT,Avenhil,Heinenoord
13,3297WE,Penningkruid,Puttershoek
4,3295AD,Nestpad,'s-Gravendeel
20,3295AX,Verbruggestraat,'s-Gravendeel
47,3295RN,Seringenstraat,'s-Gravendeel
26,3295CP,Roterijstraat,'s-Gravendeel
8,3297CX,Máximaplein,Puttershoek
45,3297EB,Arie van Drielstraat,Puttershoek
8,3295AX,Verbruggestraat,'s-Gravendeel
13,3295BJ,Langestraat,'s-Gravendeel
13,3295TC,Dauwrootstraat,'s-Gravendeel
85,3297WG,Penningkruid,Puttershoek
20,3295VR,Weverijstraat,'s-Gravendeel
15,3271BW,van der Waalstraat,Mijnsheerenland
2,3295LC,Maasdamseweg,'s-Gravendeel
40,3295KM,Strijensedijk,'s-Gravendeel
4,3274CX,Wiardi Beckmanhof,Heinenoord
101,3297BL,Pieter Repelaerstraat,Puttershoek
65,3271TE,Binnenbans,Mijnsheerenland
51,3295WC,Lindehof,'s-Gravendeel
53,3297WN,Valeriaan,Puttershoek
110,3295EJ,Schenkeldijk,'s-Gravendeel
12,3297BC,Magnoliastraat,Puttershoek
4,3295XM,Pasmanstraat,'s-Gravendeel
7,3295VG,Lokkenstraat,'s-Gravendeel
15,3299AA,Burg G de Katerstraat,Maasdam
17,3297VL,Zuidster,Puttershoek
10,3299BT,Lijster,Maasdam
26,3297TP,Sterrenlaan,Puttershoek
8,3273AM,Margrietlaan,Westmaas
3,3295BJ,Langestraat,'s-Gravendeel
61,3295CT,Weegje,'s-Gravendeel
16,3295BW,Zuid Voorstraat,'s-Gravendeel
2,3274CT,Avenhil,Heinenoord
27,3271VC,Hoofdland,Mijnsheerenland
24,3297TZ,Wiekenkruis,Puttershoek
14,3297TH,Standerdmolen,Puttershoek
3,3271TM,Ambachtsherenlaan,Mijnsheerenland
82,3297BM,Pieter Repelaerstraat,Puttershoek
84,3297BH,Nassaulaan,Puttershoek
49,3295EC,Schenkeldijk,'s-Gravendeel
17,3297TZ,Wiekenkruis,Puttershoek
15,3295SW,Tuinstraat,'s-Gravendeel
16,3271BR,Nieuwegeer,Mijnsheerenland
35,3299WE,Poelwijk,Maasdam
59,3295AR,Oranjestraat,'s-Gravendeel
64,3299AB,Burg G de Katerstraat,Maasdam
21,3297WJ,Haagwinde,Puttershoek
111,3297XH,Hazelaarstraat,Puttershoek
114,3274BE,Dorpsstraat,Heinenoord
45,3297XG,Hazelaarstraat,Puttershoek
12,3273XJ,Cabbeweide,Westmaas
24,3271XB,Lisgors,Mijnsheerenland
27,3297TK,Standerdmolen,Puttershoek
48,3274LC,Blaaksedijk Oost,Heinenoord
39,3295GG,Kreekstraat,'s-Gravendeel
48,3271TL,Hertoglaan,Mijnsheerenland
23,3297XE,Hazelaarstraat,Puttershoek
17,3297TM,Sterrenlaan,Puttershoek
2,3271TG,Ridderlaan,Mijnsheerenland
1,3271XA,Lisgors,Mijnsheerenland
15,3295XT,Renooishoekstraat,'s-Gravendeel
49,3271VD,Vingerling,Mijnsheerenland
176,3297BK,Nassaulaan,Puttershoek
43,3295LL,Onder de molen,'s-Gravendeel
24,3273AK,Kartuizerveld,Westmaas
8,3295AJ,In 't Veldstraat,'s-Gravendeel
44,3271XL,Zeggegors,Mijnsheerenland
25,3299BN,Trambaan,Maasdam
79,3299WC,de Heul,Maasdam
120,3274BE,Dorpsstraat,Heinenoord
37,3295AJ,In 't Veldstraat,'s-Gravendeel
65,3295KN,Strijenseweg,'s-Gravendeel
67,3271AJ,Laan van Moerkerken,Mijnsheerenland
27,3271VD,Vingerling,Mijnsheerenland
22,3295PJ,Kleine Vos,'s-Gravendeel
4,3295BC,Korte Smidsweg,'s-Gravendeel
71,3297BL,Pieter Repelaerstraat,Puttershoek
73,3299LM,Polderdijk,Maasdam
9,3295GD,Slikhof,'s-Gravendeel
17,3295BE,Kooijstraat,'s-Gravendeel
53,3273AX,Rootweide,Westmaas
29,3295GW,Welhof,'s-Gravendeel
71,3271BW,van der Waalstraat,Mijnsheerenland
12,3299BV,Merel,Maasdam
23,3295SN,Klaprooslaan,'s-Gravendeel
63,3271BL,Molenvlietlaan,Mijnsheerenland
21,3295PH,Kleine Vos,'s-Gravendeel
35,3274BB,Dorpsstraat,Heinenoord
49,3297TK,Standerdmolen,Puttershoek
28,3295AT,Oranjestraat,'s-Gravendeel
35,3299AP,Raadhuisstraat,Maasdam
17,3297WJ,Haagwinde,Puttershoek
45,3295BL,Noord Voorstraat,'s-Gravendeel
8,3295AH,Groene Kruisstraat,'s-Gravendeel
44,3274AA,Beatrixstraat,Heinenoord
30,3273AK,Kartuizerveld,Westmaas
5,3271BH,Kerkstraat,Mijnsheerenland
8,3295GH,Kreekstraat,'s-Gravendeel
29,3297XA,Eikenlaan,Puttershoek
47,3297CT,Oranjelaan Westzijde,Puttershoek
38,3271XN,Grasgors,Mijnsheerenland
24,3295TE,Hekelstraat,'s-Gravendeel
12,3295AK,Irenestraat,'s-Gravendeel
9,3274AD,Irenestraat,Heinenoord
74,3274CS,Wouter van den Walestr,Heinenoord
112,3274BE,Dorpsstraat,Heinenoord
21,3295PE,Dagpauwoog,'s-Gravendeel
38,3295RA,Anjerstraat,'s-Gravendeel
20,3297LG,Rustenburgstraat,Puttershoek
17,3273AM,Margrietlaan,Westmaas
23,3295CE,Frisostraat,'s-Gravendeel
2,3299AR,van Hogendorplaan,Maasdam
20,3273CB,Johannes Kolfstraat,Westmaas
40,3295VP,Vezelstraat,'s-Gravendeel
7,3273AL,van Koetsveldlaan,Westmaas
58,3273XD,Leeuwendaal,Westmaas
36,3295GN,Vlietstraat,'s-Gravendeel
26,3297EK,Nieuw Weverseinde,Puttershoek
63,3295WC,Lindehof,'s-Gravendeel
21,3271AG,Lodewijk van Praetstraat,Mijnsheerenland
39,3295SC,Crocuserf,'s-Gravendeel
25,3273AD,de Roolaan,Westmaas
55,3295WC,Lindehof,'s-Gravendeel
7,3271AD,Everocken,Mijnsheerenland
69,3297BL,Pieter Repelaerstraat,Puttershoek
30,3271AA,Burg.de Jongplein,Mijnsheerenland
129,3295CT,Weegje,'s-Gravendeel
7,3273AZ,van Gaesbeekstraat,Westmaas
12,3274CG,John F. Kennedystraat,Heinenoord
203,3295CT,Weegje,'s-Gravendeel
38,3299XL,Vliet,Maasdam
35,3297XR,Plataanstraat,Puttershoek
46,3295LB,Boendersweg,'s-Gravendeel
13,3274AN,Wilhelminastraat,Heinenoord
27,3299WB,de Heul,Maasdam
2,3274BJ,Hofplein,Heinenoord
6,3274CN,Talmahof,Heinenoord
13,3295GZ,Plaszoom,'s-Gravendeel
60,3274CS,Wouter van den Walestr,Heinenoord
25,3274AN,Wilhelminastraat,Heinenoord
1,3297XE,Hazelaarstraat,Puttershoek
37,3297WJ,Haagwinde,Puttershoek
33,3297AS,Schouteneinde,Puttershoek
66,3271BZ,Wilhelminastraat,Mijnsheerenland
9,3271LX,Vrouwehuisjesweg,Mijnsheerenland
1,3271TJ,Gravinnenlaan,Mijnsheerenland
16,3271VD,Vingerling,Mijnsheerenland
8,3295CA,Alexanderstraat,'s-Gravendeel
30,3297EK,Nieuw Weverseinde,Puttershoek
7,3297AP,Ring,Puttershoek
21,3295AZ,Wilhelminastraat,'s-Gravendeel
65,3297WE,Penningkruid,Puttershoek
65,3295RA,Anjerstraat,'s-Gravendeel
17,3299AA,Burg G de Katerstraat,Maasdam
10,3295BD,Kerkstraat,'s-Gravendeel
89,3295AE,Bevershoekstraat,'s-Gravendeel
57,3297CT,Oranjelaan Westzijde,Puttershoek
66,3271XL,Zeggegors,Mijnsheerenland
17,3295VR,Weverijstraat,'s-Gravendeel
17,3297GE,Biezenklamp,Puttershoek
7,3274CJ,Kooimansland,Heinenoord
46,3295TE,Hekelstraat,'s-Gravendeel
7,3271VE,Vlietland,Mijnsheerenland
27,3273XG,Vlasakkers,Westmaas
11,3295SZ,Zonnebloemlaan,'s-Gravendeel
37,3295BS,Rijkestraat,'s-Gravendeel
4,3271TP,Koningspark,Mijnsheerenland
10,3297XJ,Hazelaarstraat,Puttershoek
14,3297AP,Ring,Puttershoek
8,3299AT,van der Duyn v Maasdamln,Maasdam
100,3295KH,Mijlweg,'s-Gravendeel
36,3295SC,Crocuserf,'s-Gravendeel
14,3271XA,Lisgors,Mijnsheerenland
70,3299BD,Dorpsstraat,Maasdam
32,3295AX,Verbruggestraat,'s-Gravendeel
19,3271XC,Rietgors,Mijnsheerenland
11,3295EA,Breedveldstraat,'s-Gravendeel
8,3295VP,Vezelstraat,'s-Gravendeel
1,3273AP,Nieuwstraat,Westmaas
14,3271TP,Koningspark,Mijnsheerenland
47,3295XP,Leerambachtstraat,'s-Gravendeel
62,3295XR,Leerambachtstraat,'s-Gravendeel
48,3295EG,Schenkeldijk,'s-Gravendeel
45,3295CN,Roterijstraat,'s-Gravendeel
1,3297TB,Laning,Puttershoek
3,3295HB,Graaflandweg,'s-Gravendeel
36,3297VA,Andromeda,Puttershoek
47,3297VL,Zuidster,Puttershoek
39,3295XP,Leerambachtstraat,'s-Gravendeel
11,3295VC,Damaststraat,'s-Gravendeel
95,3297BE,Nassaulaan,Puttershoek
19,3299LR,Zuiddijk,Maasdam
43,3299BJ,Molenlaan,Maasdam
32,3299BN,Trambaan,Maasdam
30,3295AX,Verbruggestraat,'s-Gravendeel
83,3297XA,Eikenlaan,Puttershoek
15,3295SX,Tulpstraat,'s-Gravendeel
44,3295AN,Marijkestraat,'s-Gravendeel
31,3299BH,Molenlaan,Maasdam
53,3295BP,Roodenburg Vermaatstraat,'s-Gravendeel
25,3297TX,Grondzeiler,Puttershoek
18,3297GJ,Biezenvlechter,Puttershoek
79,3297WG,Penningkruid,Puttershoek
22,3299WG,Poelwijk,Maasdam
42,3299BC,Dorpsstraat,Maasdam
12,3295TA,Bolkafstraat,'s-Gravendeel
2,3271TB,Frederik van Eedenstraat,Mijnsheerenland
38,3271TM,Ambachtsherenlaan,Mijnsheerenland
1,3297LK,Tweede Kruisweg,Puttershoek
82,3271BK,Laan van Westmolen,Mijnsheerenland
8,3297BB,Kastanjelaan,Puttershoek
6,3295TK,Schelfstraat,'s-Gravendeel
13,3299AC,Hoeksedijk,Maasdam
5,3295TR,Akkerwinde,'s-Gravendeel
25,3274KD,Oud-Heinenoordseweg,Heinenoord
5,3299AW,Resenburgh,Maasdam
84,3297XL,Hazelaarstraat,Puttershoek
5,3299WJ,Striene,Maasdam
5,3274CN,Talmahof,Heinenoord
26,3295XR,Leerambachtstraat,'s-Gravendeel
22,3295AX,Verbruggestraat,'s-Gravendeel
31,3295SX,Tulpstraat,'s-Gravendeel
38,3297AJ,Laan van Heemstede,Puttershoek
18,3271VC,Hoofdland,Mijnsheerenland
29,3271AD,Everocken,Mijnsheerenland
9,3271TD,Albert Verweystraat,Mijnsheerenland
9,3297XP,Meidoornstraat,Puttershoek
31,3295BN,Roodenburg Vermaatstraat,'s-Gravendeel
15,3297XC,Elzenstraat,Puttershoek
14,3274AE,Irenestraat,Heinenoord
13,3273AZ,van Gaesbeekstraat,Westmaas
1,3299BS,Fazant,Maasdam
12,3295XS,Nieuweweg,'s-Gravendeel
44,3297XS,Plataanstraat,Puttershoek
5,3274KG,Westdijk,Heinenoord
92,3295LE,Molendijk,'s-Gravendeel
9,3273XG,Vlasakkers,Westmaas
237,3295CK,Hendrik Hamerstraat,'s-Gravendeel
45,3299BN,Trambaan,Maasdam
7,3295WB,Lindehof,'s-Gravendeel
4,3297WJ,Haagwinde,Puttershoek
