3,3295XM,Pasmanstraat,'s-Gravendeel
23,3299BH,Molenlaan,Maasdam
55,3295KG,Mijlweg,'s-Gravendeel
154,3297BK,Nassaulaan,Puttershoek
33,3297WJ,Haagwinde,Puttershoek
7,3271AM,Molenweg,Mijnsheerenland
4,3299AP,Raadhuisstraat,Maasdam
94,3295TG,Hekelstraat,'s-Gravendeel
5,3295BL,Noord Voorstraat,'s-Gravendeel
116,3295KR,Strijenseweg,'s-Gravendeel
9,3297WB,De Grienden,Puttershoek
20,3273XD,Leeuwendaal,Westmaas
18,3297WJ,Haagwinde,Puttershoek
5,3295CN,Roterijstraat,'s-Gravendeel
10,3271TM,Ambachtsherenlaan,Mijnsheerenland
23,3295KB,De Wacht,'s-Gravendeel
8,3299BG,Lindenlaan,Maasdam
30,3274AC,Emmastraat,Heinenoord
72,3295CS,Van Groningenstraat,'s-Gravendeel
66,3271BN,Molenvlietlaan,Mijnsheerenland
115,3271BJ,Laan van Westmolen,Mijnsheerenland
36,3274CS,Wouter van den Walestr,Heinenoord
12,3271BZ,Wilhelminastraat,Mijnsheerenland
9,3271VH,Vrijland,Mijnsheerenland
19,3299AW,Resenburgh,Maasdam
7,3295EK,Zweedsestraat,'s-Gravendeel
52,3295BW,Zuid Voorstraat,'s-Gravendeel
21,3295GD,Slikhof,'s-Gravendeel
97,3297TL,Standerdmolen,Puttershoek
1,3295KT,Viltweg,'s-Gravendeel
41,3271XG,Zandgors,Mijnsheerenland
10,3271XD,Rietgors,Mijnsheerenland
2,3274LL,Gorzenweg,Heinenoord
41,3271TE,Binnenbans,Mijnsheerenland
34,3299XL,Vliet,Maasdam
13,3297XC,Elzenstraat,Puttershoek
4,3295GR,Wetering,'s-Gravendeel
21,3295AH,Groene Kruisstraat,'s-Gravendeel
32,3299BZ,Leeuwerik,Maasdam
13,3295BT,Smidsweg,'s-Gravendeel
32,3274AC,Emmastraat,Heinenoord
65,3295LD,Molendijk,'s-Gravendeel
38,3299BW,Roodborst,Maasdam
5,3295RK,Liserf,'s-Gravendeel
7,3295GM,Vlietstraat,'s-Gravendeel
12,3297AE,Gerrit de Voslaan,Puttershoek
41,3271XJ,Zeggegors,Mijnsheerenland
54,3299XJ,Spuistraat,Maasdam
1,3295RG,Narcisstraat,'s-Gravendeel
1,3295KV,Griendweg,'s-Gravendeel
25,3271BP,Nieuwegeer,Mijnsheerenland
1,3271TK,Schepenlaan,Mijnsheerenland
30,3297CR,Wilhelminastraat,Puttershoek
3,3297WK,Kleefkruid,Puttershoek
11,3274AH,Margrietstraat,Heinenoord
38,3299XB,Kilstraat,Maasdam
41,3295XW,Van der Merckstraat,'s-Gravendeel
21,3274CB,De Laagjes,Heinenoord
42,3299LB,Gatsedijk,Maasdam
24,3299WG,Poelwijk,Maasdam
1,3274MB,Buitenlanden,Heinenoord
14,3271LB,Blauwesteenweg,Mijnsheerenland
27,3295VG,Lokkenstraat,'s-Gravendeel
8,3297EE,Dwarsstraat,Puttershoek
104,3295KR,Strijenseweg,'s-Gravendeel
7,3295AC,Bernhardstraat,'s-Gravendeel
34,3297LC,Molendijk,Puttershoek
3,3274AD,Irenestraat,Heinenoord
81,3295CT,Weegje,'s-Gravendeel
75,3297CP,Wilhelminastraat,Puttershoek
36,3274AE,Irenestraat,Heinenoord
20,3274AC,Emmastraat,Heinenoord
15,3295HB,Graaflandweg,'s-Gravendeel
39,3295TR,Akkerwinde,'s-Gravendeel
17,3299LT,Zwanegatsedijk,Maasdam
15,3271BV,ter Kuilestraat,Mijnsheerenland
41,3295KC,Kilweg,'s-Gravendeel
41,3274KB,Oosteinde,Heinenoord
46,3295XR,Leerambachtstraat,'s-Gravendeel
82,3295CS,Van Groningenstraat,'s-Gravendeel
29,3295SB,Anemoonpad,'s-Gravendeel
12,3299AG,Hoeksedijk,Maasdam
99,3297XH,Hazelaarstraat,Puttershoek
36,3297XK,Hazelaarstraat,Puttershoek
30,3297TS,Tjasker,Puttershoek
31,3297BS,Singel,Puttershoek
15,3295KC,Kilweg,'s-Gravendeel
16,3295XA,Beneden Gorsdijk,'s-Gravendeel
1,3271AB,Eendrachtslaan,Mijnsheerenland
16,3273XN,Boomweide,Westmaas
35,3274CG,John F. Kennedystraat,Heinenoord
56,3297AV,Schouteneinde,Puttershoek
31,3297AB,Arent van Lierstraat,Puttershoek
5,3297VE,Polaris,Puttershoek
59,3297AS,Schouteneinde,Puttershoek
11,3295TM,Vlasstraat,'s-Gravendeel
47,3295XW,Van der Merckstraat,'s-Gravendeel
11,3271TB,Frederik van Eedenstraat,Mijnsheerenland
4,3271AE,Everocken,Mijnsheerenland
21,3299AT,van der Duyn v Maasdamln,Maasdam
22,3295VP,Vezelstraat,'s-Gravendeel
25,3295AZ,Wilhelminastraat,'s-Gravendeel
38,3271VJ,Vrijland,Mijnsheerenland
2,3297TE,Bovenkruier,Puttershoek
11,3271BX,Wilhelminastraat,Mijnsheerenland
4,3274BP,Willem Alexanderplein,Heinenoord
81,3299AD,Hoeksedijk,Maasdam
33,3271VH,Vrijland,Mijnsheerenland
5,3297XC,Elzenstraat,Puttershoek
8,3299BS,Fazant,Maasdam
273,3271LP,Blaaksedijk,Mijnsheerenland
111,3295CT,Weegje,'s-Gravendeel
14,3295LE,Molendijk,'s-Gravendeel
29,3295RG,Narcisstraat,'s-Gravendeel
56,3295VD,Damaststraat,'s-Gravendeel
4,3295CC,Constantijnstraat,'s-Gravendeel
22,3297XS,Plataanstraat,Puttershoek
12,3297WR,Dotter,Puttershoek
8,3271BD,Hoflaan,Mijnsheerenland
11,3299AA,Burg G de Katerstraat,Maasdam
66,3297BH,Nassaulaan,Puttershoek
2,3297EN,Paulus Potterstraat,Puttershoek
107,3271KB,Stougjesdijk,Mijnsheerenland
4,3273LC,Grote Riethure,Westmaas
30,3274CT,Avenhil,Heinenoord
19,3295TM,Vlasstraat,'s-Gravendeel
17,3274LN,Mollekade,Heinenoord
22,3295GH,Kreekstraat,'s-Gravendeel
103,3271LL,Westdijk,Mijnsheerenland
17,3295XS,Nieuweweg,'s-Gravendeel
61,3297TL,Standerdmolen,Puttershoek
16,3297TZ,Wiekenkruis,Puttershoek
1,3295GB,Lek,'s-Gravendeel
21,3274LN,Mollekade,Heinenoord
3,3297TM,Sterrenlaan,Puttershoek
1,3299XG,Sportlaan,Maasdam
25,3299AA,Burg G de Katerstraat,Maasdam
5,3299XH,Spuistraat,Maasdam
39,3297EA,Arie van Drielstraat,Puttershoek
32,3295CR,Van Groningenstraat,'s-Gravendeel
93,3297XH,Hazelaarstraat,Puttershoek
20,3271TL,Hertoglaan,Mijnsheerenland
18,3271AK,Laan van Moerkerken,Mijnsheerenland
1,3273XH,Manhille,Westmaas
12,3295TK,Schelfstraat,'s-Gravendeel
30,3273LE,Munnikendijk,Westmaas
8,3297GA,Biezengors,Puttershoek
2,3295BR,Roodenburg Vermaatstraat,'s-Gravendeel
44,3274KG,Westdijk,Heinenoord
29,3295CD,Constantijnstraat,'s-Gravendeel
34,3295GR,Wetering,'s-Gravendeel
15,3273LG,Munnikenweg,Westmaas
29,3295AZ,Wilhelminastraat,'s-Gravendeel
2,3297AL,Maasdamsedijk,Puttershoek
69,3271BS,Raadhuislaan,Mijnsheerenland
8,3295RB,Dahliastraat,'s-Gravendeel
31,3295XP,Leerambachtstraat,'s-Gravendeel
9,3295VE,Linnenstraat,'s-Gravendeel
4,3295RA,Anjerstraat,'s-Gravendeel
19,3271AH,Laan van Moerkerken,Mijnsheerenland
2,3295VR,Weverijstraat,'s-Gravendeel
6,3299WG,Poelwijk,Maasdam
11,3297WE,Penningkruid,Puttershoek
71,3271LL,Westdijk,Mijnsheerenland
41,3297CW,Prinsenhof,Puttershoek
9,3273LD,Munnikendijk,Westmaas
15,3274KE,Reedijk,Heinenoord
13,3297AP,Ring,Puttershoek
21,3299WK,Hof van Weede,Maasdam
11,3274LA,Blaaksedijk Oost,Heinenoord
11,3297XA,Eikenlaan,Puttershoek
7,3271VK,Vroonland,Mijnsheerenland
14,3297BA,Jasmijnstraat,Puttershoek
11,3299WJ,Striene,Maasdam
33,3295KG,Mijlweg,'s-Gravendeel
78,3297BH,Nassaulaan,Puttershoek
5,3297VH,Rigel,Puttershoek
56,3295XR,Leerambachtstraat,'s-Gravendeel
18,3295RD,Lavendelpad,'s-Gravendeel
18,3271BV,ter Kuilestraat,Mijnsheerenland
11,3273LH,Ritselaarsdijk,Westmaas
12,3273XB,Langeweer,Westmaas
10,3297BZ,Te Hoecke,Puttershoek
73,3297BT,Singel,Puttershoek
13,3271AG,Lodewijk van Praetstraat,Mijnsheerenland
4,3297CH,Marijkestraat,Puttershoek
68,3297BH,Nassaulaan,Puttershoek
59,3274LB,Blaaksedijk Oost,Heinenoord
8,3299AW,Resenburgh,Maasdam
55,3274CG,John F. Kennedystraat,Heinenoord
47,3271VH,Vrijland,Mijnsheerenland
11,3273CA,Johannes Kolfstraat,Westmaas
34,3274CL,Martin Luther Kingstraat,Heinenoord
24,3295LB,Boendersweg,'s-Gravendeel
19,3297XE,Hazelaarstraat,Puttershoek
15,3274AG,Julianastraat,Heinenoord
46,3273AW,Prins Willem Alexanderln,Westmaas
49,3274KJ,Nijverheidsweg,Heinenoord
67,3295KG,Mijlweg,'s-Gravendeel
187,3295CT,Weegje,'s-Gravendeel
4,3297VJ,Sirius,Puttershoek
3,3271XA,Lisgors,Mijnsheerenland
2,3295XG,Gorsdijk,'s-Gravendeel
13,3271AA,Burg.de Jongplein,Mijnsheerenland
13,3271VE,Vlietland,Mijnsheerenland
1,3299XN,Boezemvliet,Maasdam
12,3273BA,Zuidernesse,Westmaas
7,3297BZ,Te Hoecke,Puttershoek
2,3297GA,Biezengors,Puttershoek
16,3271VJ,Vrijland,Mijnsheerenland
3,3299XH,Spuistraat,Maasdam
62,3271BZ,Wilhelminastraat,Mijnsheerenland
276,3271LR,Blaaksedijk,Mijnsheerenland
29,3295HC,Vijverhof,'s-Gravendeel
28,3297TV,Wipmolen,Puttershoek
23,3295RJ,Jasmijnstraat,'s-Gravendeel
23,3297TC,Bovenkruier,Puttershoek
19,3297TA,Binnenkruier,Puttershoek
50,3299LZ,Vlasoever,Maasdam
1,3295AX,Verbruggestraat,'s-Gravendeel
251,3295CT,Weegje,'s-Gravendeel
106,3295EJ,Schenkeldijk,'s-Gravendeel
1,3295XM,Pasmanstraat,'s-Gravendeel
89,3297BL,Pieter Repelaerstraat,Puttershoek
34,3295VH,Lokkenstraat,'s-Gravendeel
10,3274BJ,Hofplein,Heinenoord
6,3274CJ,Kooimansland,Heinenoord
30,3297VG,Polaris,Puttershoek
13,3295SN,Klaprooslaan,'s-Gravendeel
22,3299AG,Hoeksedijk,Maasdam
109,3295AE,Bevershoekstraat,'s-Gravendeel
80,3297XL,Hazelaarstraat,Puttershoek
12,3295RD,Lavendelpad,'s-Gravendeel
19,3297WL,Dauwbraam,Puttershoek
95,3295CT,Weegje,'s-Gravendeel
195,3295CT,Weegje,'s-Gravendeel
7,3295GB,Lek,'s-Gravendeel
28,3295CR,Van Groningenstraat,'s-Gravendeel
8,3274CV,Boerengorzen,Heinenoord
16,3295AM,Margrietstraat,'s-Gravendeel
58,3299XD,Merwedestraat,Maasdam
53,3295CG,Hendrik Hamerstraat,'s-Gravendeel
12,3274KG,Westdijk,Heinenoord
177,3295CJ,Hendrik Hamerstraat,'s-Gravendeel
127,3297XH,Hazelaarstraat,Puttershoek
1,3295AJ,In 't Veldstraat,'s-Gravendeel
8,3274BA,Buitendijk,Heinenoord
5,3295GK,Singelhof,'s-Gravendeel
2,3274KG,Westdijk,Heinenoord
17,3299LL,Polderdijk,Maasdam
34,3274BA,Buitendijk,Heinenoord
2,3271LT,Langeweg,Mijnsheerenland
31,3297TR,Tjasker,Puttershoek
21,3295AR,Oranjestraat,'s-Gravendeel
22,3295CL,Hendrik Hamerstraat,'s-Gravendeel
65,3297AS,Schouteneinde,Puttershoek
17,3295AC,Bernhardstraat,'s-Gravendeel
3,3297AK,Maasdamsedijk,Puttershoek
3,3299AW,Resenburgh,Maasdam
6,3295KV,Griendweg,'s-Gravendeel
10,3297WC,Gele lis,Puttershoek
158,3295WH,Lindehof,'s-Gravendeel
45,3274BG,Goidschalxoordsedijk,Heinenoord
50,3274LC,Blaaksedijk Oost,Heinenoord
16,3271LB,Blauwesteenweg,Mijnsheerenland
4,3297CV,Oranjeplein,Puttershoek
20,3274AH,Margrietstraat,Heinenoord
23,3295VC,Damaststraat,'s-Gravendeel
42,3271XL,Zeggegors,Mijnsheerenland
1,3295AP,Nassaustraat,'s-Gravendeel
31,3295BJ,Langestraat,'s-Gravendeel
7,3297TR,Tjasker,Puttershoek
28,3271TA,Doelenstraat,Mijnsheerenland
7,3274LR,Piet Heinstraat,Heinenoord
8,3273AE,Haagje,Westmaas
31,3271BS,Raadhuislaan,Mijnsheerenland
88,3271AL,Laan van Moerkerken,Mijnsheerenland
185,3295CT,Weegje,'s-Gravendeel
7,3299BS,Fazant,Maasdam
56,3271TA,Doelenstraat,Mijnsheerenland
31,3295VL,Spinnerijstraat,'s-Gravendeel
11,3297EJ,Nieuw Weverseinde,Puttershoek
40,3273AV,Prins Willem Alexanderln,Westmaas
10,3274LJ,de Ruyterstraat,Heinenoord
28,3297GG,Biezensnijder,Puttershoek
31,3271VH,Vrijland,Mijnsheerenland
14,3273XG,Vlasakkers,Westmaas
5,3274CG,John F. Kennedystraat,Heinenoord
76,3299AH,Hoeksedijk,Maasdam
8,3274LL,Gorzenweg,Heinenoord
32,3295RB,Dahliastraat,'s-Gravendeel
18,3274BJ,Hofplein,Heinenoord
28,3295BW,Zuid Voorstraat,'s-Gravendeel
14,3295RB,Dahliastraat,'s-Gravendeel
2,3295AW,Van Heesenstraat,'s-Gravendeel
60,3271AC,Eendrachtslaan,Mijnsheerenland
69,3297TN,Sterrenlaan,Puttershoek
72,3274CH,Kalesland,Heinenoord
87,3271LL,Westdijk,Mijnsheerenland
6,3271TJ,Gravinnenlaan,Mijnsheerenland
62,3299LC,Gatsedijk,Maasdam
9,3297VK,Wega,Puttershoek
18,3297LC,Molendijk,Puttershoek
17,3297ED,Dwarsstraat,Puttershoek
68,3295TE,Hekelstraat,'s-Gravendeel
65,3271BW,van der Waalstraat,Mijnsheerenland
10,3271BD,Hoflaan,Mijnsheerenland
12,3295RA,Anjerstraat,'s-Gravendeel
55,3297XA,Eikenlaan,Puttershoek
1,3299AW,Resenburgh,Maasdam
67,3274CG,John F. Kennedystraat,Heinenoord
28,3274CR,Wouter van den Walestr,Heinenoord
31,3274LN,Mollekade,Heinenoord
11,3274CC,Dreeshof,Heinenoord
22,3297BC,Magnoliastraat,Puttershoek
73,3297TL,Standerdmolen,Puttershoek
7,3295TK,Schelfstraat,'s-Gravendeel
6,3273AD,de Roolaan,Westmaas
24,3295TL,Schrankstraat,'s-Gravendeel
77,3273LM,Stougjesdijk,Westmaas
8,3299BW,Hoeksedijk,Maasdam
4,3297BN,Prunuslaan,Puttershoek
22,3274CG,John F. Kennedystraat,Heinenoord
40,3297VG,Polaris,Puttershoek
8,3297LC,Molendijk,Puttershoek
3,3274LN,Mollekade,Heinenoord
28,3274AP,Wilhelminastraat,Heinenoord
6,3295GR,Wetering,'s-Gravendeel
16,3297GC,Biezendroger,Puttershoek
253,3295CK,Hendrik Hamerstraat,'s-Gravendeel
18,3274CH,Kalesland,Heinenoord
18,3274CJ,Kooimansland,Heinenoord
34,3274KJ,Nijverheidsweg,Heinenoord
4,3274CV,Boerengorzen,Heinenoord
20,3273AN,Mastland,Westmaas
5,3271TE,Binnenbans,Mijnsheerenland
13,3273AE,Haagje,Westmaas
19,3274AG,Julianastraat,Heinenoord
55,3295TH,Lijnzaadstraat,'s-Gravendeel
3,3271TK,Schepenlaan,Mijnsheerenland
32,3295GL,Schuilingenweg,'s-Gravendeel
43,3297XG,Hazelaarstraat,Puttershoek
36,3274LC,Blaaksedijk Oost,Heinenoord
12,3295GJ,Singel,'s-Gravendeel
5,3295RC,Gladioolerf,'s-Gravendeel
23,3297TX,Grondzeiler,Puttershoek
19,3295SX,Tulpstraat,'s-Gravendeel
51,3297BE,Nassaulaan,Puttershoek
40,3297GB,Biezenweide,Puttershoek
38,3295RB,Dahliastraat,'s-Gravendeel
14,3297WK,Kleefkruid,Puttershoek
6,3295TL,Schrankstraat,'s-Gravendeel
40,3274AG,Julianastraat,Heinenoord
13,3274CG,John F. Kennedystraat,Heinenoord
23,3295SB,Anemoonpad,'s-Gravendeel
30,3297VA,Andromeda,Puttershoek
84,3273LN,Stougjesdijk,Westmaas
24,3274MA,Rietwaard,Heinenoord
31,3297BA,Jasmijnstraat,Puttershoek
74,3299BD,Dorpsstraat,Maasdam
54,3295VH,Lokkenstraat,'s-Gravendeel
21,3295SX,Tulpstraat,'s-Gravendeel
73,3271AJ,Laan van Moerkerken,Mijnsheerenland
10,3271BC,Elisabeth van Loonstraat,Mijnsheerenland
55,3297BE,Nassaulaan,Puttershoek
106,3297AW,Zijdewinde,Puttershoek
1,3271LV,Polderweg,Mijnsheerenland
30,3295PC,Atalanta,'s-Gravendeel
72,3273XK,Cabbeweide,Westmaas
21,3299WE,Poelwijk,Maasdam
44,3297GL,Biezenbloker,Puttershoek
51,3295TH,Lijnzaadstraat,'s-Gravendeel
88,3295WG,Lindehof,'s-Gravendeel
4,3295KH,Mijlweg,'s-Gravendeel
5,3295RH,Vioolerf,'s-Gravendeel
80,3295KH,Mijlweg,'s-Gravendeel
16,3295XK,Heeremanstraat,'s-Gravendeel
9,3295GM,Vlietstraat,'s-Gravendeel
3,3295VE,Linnenstraat,'s-Gravendeel
27,3295TD,Hekelstraat,'s-Gravendeel
7,3295AJ,In 't Veldstraat,'s-Gravendeel
89,3297BE,Nassaulaan,Puttershoek
76,3297AW,Zijdewinde,Puttershoek
2,3295TA,Bolkafstraat,'s-Gravendeel
3,3274KD,Oud-Heinenoordseweg,Heinenoord
30,3274CD,Heyne van Althenastraat,Heinenoord
33,3295AJ,In 't Veldstraat,'s-Gravendeel
19,3271VH,Vrijland,Mijnsheerenland
18,3273LK,Smidsweg,Westmaas
159,3295CT,Weegje,'s-Gravendeel
27,3295XT,Renooishoekstraat,'s-Gravendeel
31,3274LK,Doormanstraat,Heinenoord
28,3271VC,Hoofdland,Mijnsheerenland
67,3295CG,Hendrik Hamerstraat,'s-Gravendeel
68,3295KM,Strijensedijk,'s-Gravendeel
36,3295BV,Smidsweg,'s-Gravendeel
35,3297WJ,Haagwinde,Puttershoek
15,3295AG,dr Bossersstraat,'s-Gravendeel
9,3273AS,Prins Willem Alexanderln,Westmaas
16,3295LB,Boendersweg,'s-Gravendeel
21,3297CW,Prinsenhof,Puttershoek
41,3274LH,Boonsweg,Heinenoord
1,3295GV,Poldervaart,'s-Gravendeel
27,3271BP,Nieuwegeer,Mijnsheerenland
14,3273BA,Zuidernesse,Westmaas
32,3295TE,Hekelstraat,'s-Gravendeel
37,3271TN,Landheerlaan,Mijnsheerenland
48,3273AW,Prins Willem Alexanderln,Westmaas
1,3295PH,Kleine Vos,'s-Gravendeel
21,3297XE,Hazelaarstraat,Puttershoek
33,3295WB,Lindehof,'s-Gravendeel
25,3297CS,Oranjelaan Oostzijde,Puttershoek
31,3295KG,Mijlweg,'s-Gravendeel
1,3273LD,Munnikendijk,Westmaas
42,3297EC,Arie van Drielstraat,Puttershoek
31,3271AA,Burg.de Jongplein,Mijnsheerenland
32,3271AA,Burg.de Jongplein,Mijnsheerenland
7,3273LC,Grote Riethure,Westmaas
1,3295AW,Van Heesenstraat,'s-Gravendeel
99,3299LX,Oud Bonaventurasedijk,Maasdam
4,3299LB,Gatsedijk,Maasdam
22,3297TZ,Wiekenkruis,Puttershoek
147,3295CT,Weegje,'s-Gravendeel
53,3295KC,Kilweg,'s-Gravendeel
10,3295KV,Griendweg,'s-Gravendeel
193,3271KC,Stougjesdijk,Mijnsheerenland
20,3299XL,Vliet,Maasdam
30,3295PJ,Kleine Vos,'s-Gravendeel
61,3297CP,Wilhelminastraat,Puttershoek
7,3274CH,Kalesland,Heinenoord
16,3295LE,Molendijk,'s-Gravendeel
22,3295AB,Beatrixstraat,'s-Gravendeel
72,3295PD,Atalanta,'s-Gravendeel
49,3273AX,Rootweide,Westmaas
29,3297AK,Maasdamsedijk,Puttershoek
26,3273AB,Beatrixlaan,Westmaas
41,3297VL,Zuidster,Puttershoek
54,3299AB,Burg G de Katerstraat,Maasdam
10,3295EA,Breedveldstraat,'s-Gravendeel
17,3273LJ,Smidsweg,Westmaas
22,3297WK,Kleefkruid,Puttershoek
20,3297GL,Biezenbloker,Puttershoek
67,3271BJ,Laan van Westmolen,Mijnsheerenland
275,3271LP,Blaaksedijk,Mijnsheerenland
23,3295RN,Seringenstraat,'s-Gravendeel
5,3273LG,Munnikenweg,Westmaas
73,3274BC,Dorpsstraat,Heinenoord
36,3297BG,Nassaulaan,Puttershoek
21,3297GH,Biezenveld,Puttershoek
46,3274AG,Julianastraat,Heinenoord
4,3299WG,Poelwijk,Maasdam
16,3295CM,Repelstraat,'s-Gravendeel
24,3295KB,De Wacht,'s-Gravendeel
5,3297GK,Biezenvijver,Puttershoek
1,3274LL,Gorzenweg,Heinenoord
7,3274LW,van Speykstraat,Heinenoord
2,3297TH,Standerdmolen,Puttershoek
1,3274AJ,Marijkestraat,Heinenoord
11,3274KE,Reedijk,Heinenoord
271,3271LP,Blaaksedijk,Mijnsheerenland
44,3271TN,Landheerlaan,Mijnsheerenland
80,3271AL,Laan van Moerkerken,Mijnsheerenland
1,3295TC,Dauwrootstraat,'s-Gravendeel
10,3274AE,Irenestraat,Heinenoord
19,3299BH,Molenlaan,Maasdam
168,3297BK,Nassaulaan,Puttershoek
16,3295GL,Schuilingenweg,'s-Gravendeel
28,3297BB,Kastanjelaan,Puttershoek
32,3297WJ,Haagwinde,Puttershoek
54,3271BN,Molenvlietlaan,Mijnsheerenland
57,3295RA,Anjerstraat,'s-Gravendeel
7,3274CX,Wiardi Beckmanhof,Heinenoord
3,3273LH,Ritselaarsdijk,Westmaas
20,3295VD,Damaststraat,'s-Gravendeel
8,3274CM,Spuivelden,Heinenoord
3,3273AD,de Roolaan,Westmaas
2,3295SZ,Zonnebloemlaan,'s-Gravendeel
15,3273LB,Blauwesteenweg,Westmaas
7,3295GZ,Plaszoom,'s-Gravendeel
2,3295AN,Marijkestraat,'s-Gravendeel
51,3295KN,Strijenseweg,'s-Gravendeel
37,3274MC,Prof. Teldersstraat,Heinenoord
4,3271VB,Cijnsland,Mijnsheerenland
9,3295AR,Oranjestraat,'s-Gravendeel
3,3297XC,Elzenstraat,Puttershoek
4,3299XM,Waalstraat,Maasdam
2,3297XC,Elzenstraat,Puttershoek
34,3274AA,Beatrixstraat,Heinenoord
29,3297TM,Sterrenlaan,Puttershoek
2,3297WB,De Grienden,Puttershoek
13,3295TB,Bootstraat,'s-Gravendeel
16,3274BH,Goidschalxoordsedijk,Heinenoord
87,3297BE,Nassaulaan,Puttershoek
24,3295GA,Geuldam,'s-Gravendeel
9,3271XE,Zandgors,Mijnsheerenland
15,3295XM,Pasmanstraat,'s-Gravendeel
62,3295TN,Vlasstraat,'s-Gravendeel
58,3297CT,Oranjelaan Westzijde,Puttershoek
9,3295GC,Sas,'s-Gravendeel
32,3297XK,Hazelaarstraat,Puttershoek
162,3295KS,Strijenseweg,'s-Gravendeel
47,3295TD,Hekelstraat,'s-Gravendeel
20,3295GN,Vlietstraat,'s-Gravendeel
88,3295TG,Hekelstraat,'s-Gravendeel
7,3297CG,Margrietstraat,Puttershoek
22,3297CW,Prinsenhof,Puttershoek
53,3271BL,Molenvlietlaan,Mijnsheerenland
37,3299LA,Gatsedijk,Maasdam
12,3295LG,Eerste Kruisweg,'s-Gravendeel
4,3295BV,Smidsweg,'s-Gravendeel
172,3297BK,Nassaulaan,Puttershoek
17,3295CE,Frisostraat,'s-Gravendeel
16,3299LS,Zuiddijk,Maasdam
36,3295BG,Kooijstraat,'s-Gravendeel
43,3299LT,Zwanegatsedijk,Maasdam
25,3274KE,Reedijk,Heinenoord
11,3273AA,Beatrixlaan,Westmaas
25,3299LT,Zwanegatsedijk,Maasdam
85,3299LM,Polderdijk,Maasdam
53,3271XJ,Zeggegors,Mijnsheerenland
28,3297AE,Gerrit de Voslaan,Puttershoek
16,3297AA,Arent van Lierstraat,Puttershoek
11,3297TB,Laning,Puttershoek
78,3297XL,Hazelaarstraat,Puttershoek
35,3299XK,Vliet,Maasdam
19,3297BS,Singel,Puttershoek
13,3273XS,Hogeweide,Westmaas
26,3297VA,Andromeda,Puttershoek
7,3274KE,Reedijk,Heinenoord
2,3297GJ,Biezenvlechter,Puttershoek
12,3299AT,van der Duyn v Maasdamln,Maasdam
13,3297BC,Magnoliastraat,Puttershoek
13,3297CX,Máximaplein,Puttershoek
2,3297VH,Rigel,Puttershoek
53,3271BS,Raadhuislaan,Mijnsheerenland
42,3297AE,Gerrit de Voslaan,Puttershoek
77,3297TN,Sterrenlaan,Puttershoek
16,3295AT,Oranjestraat,'s-Gravendeel
27,3295BD,Kerkstraat,'s-Gravendeel
11,3299XK,Vliet,Maasdam
34,3297TE,Bovenkruier,Puttershoek
10,3271AG,Lodewijk van Praetstraat,Mijnsheerenland
2,3295XM,Pasmanstraat,'s-Gravendeel
10,3297TV,Wipmolen,Puttershoek
4,3295AB,Beatrixstraat,'s-Gravendeel
213,3295CK,Hendrik Hamerstraat,'s-Gravendeel
10,3297VJ,Sirius,Puttershoek
4,3274LJ,de Ruyterstraat,Heinenoord
1,3297BB,Kastanjelaan,Puttershoek
20,3297CS,Oranjelaan Oostzijde,Puttershoek
49,3299BW,Roodborst,Maasdam
35,3271TN,Landheerlaan,Mijnsheerenland
3,3295BC,Korte Smidsweg,'s-Gravendeel
19,3273AS,Prins Willem Alexanderln,Westmaas
18,3297GG,Biezensnijder,Puttershoek
2,3274AJ,Marijkestraat,Heinenoord
72,3297WJ,Haagwinde,Puttershoek
16,3271AG,Lodewijk van Praetstraat,Mijnsheerenland
4,3295VR,Weverijstraat,'s-Gravendeel
1,3297TX,Grondzeiler,Puttershoek
18,3299WH,de Heul,Maasdam
15,3274KH,Kuipersveer,Heinenoord
34,3274LE,Blaaksedijk West,Heinenoord
15,3273XG,Vlasakkers,Westmaas
60,3295CS,Van Groningenstraat,'s-Gravendeel
18,3297AE,Gerrit de Voslaan,Puttershoek
27,3295GM,Vlietstraat,'s-Gravendeel
3,3299XA,Kilstraat,Maasdam
14,3295TE,Hekelstraat,'s-Gravendeel
121,3295CH,Hendrik Hamerstraat,'s-Gravendeel
14,3299WH,de Heul,Maasdam
10,3299WG,Poelwijk,Maasdam
32,3295LL,Onder de molen,'s-Gravendeel
31,3297CN,Wilhelminastraat,Puttershoek
16,3297TS,Tjasker,Puttershoek
13,3295RN,Seringenstraat,'s-Gravendeel
19,3299WB,de Heul,Maasdam
36,3299BW,Roodborst,Maasdam
4,3271TL,Hertoglaan,Mijnsheerenland
22,3295KM,Strijensedijk,'s-Gravendeel
6,3295EG,Schenkeldijk,'s-Gravendeel
60,3297AW,Zijdewinde,Puttershoek
19,3295GR,Wetering,'s-Gravendeel
61,3297TN,Sterrenlaan,Puttershoek
16,3299XE,Rijnstraat,Maasdam
15,3295AH,Groene Kruisstraat,'s-Gravendeel
9,3295XE,Elshoffstraat,'s-Gravendeel
5,3299WB,de Heul,Maasdam
42,3271CA,Maasdijk,Mijnsheerenland
3,3271LC,Boomgaardstraat,Mijnsheerenland
3,3297AP,Ring,Puttershoek
5,3299CA,Grutto,Maasdam
7,3273LB,Blauwesteenweg,Westmaas
18,3297ER,Pieter v Slingelandtstr,Puttershoek
19,3297WP,Barbarakruid,Puttershoek
64,3297CT,Oranjelaan Westzijde,Puttershoek
45,3295WC,Lindehof,'s-Gravendeel
55,3273CA,Johannes Kolfstraat,Westmaas
17,3273AC,Breestraat,Westmaas
2,3297VD,Orion,Puttershoek
35,3297TC,Bovenkruier,Puttershoek
6,3274BJ,Hofplein,Heinenoord
10,3273LG,Munnikenweg,Westmaas
21,3295BJ,Langestraat,'s-Gravendeel
30,3295GR,Wetering,'s-Gravendeel
30,3295LE,Molendijk,'s-Gravendeel
40,3271TL,Hertoglaan,Mijnsheerenland
24,3271BC,Elisabeth van Loonstraat,Mijnsheerenland
61,3271AJ,Laan van Moerkerken,Mijnsheerenland
63,3297TL,Standerdmolen,Puttershoek
8,3295KB,De Wacht,'s-Gravendeel
6,3297XS,Plataanstraat,Puttershoek
2,3295AX,Verbruggestraat,'s-Gravendeel
14,3271XH,Zandgors,Mijnsheerenland
47,3299WB,de Heul,Maasdam
16,3271BD,Hoflaan,Mijnsheerenland
38,3297GB,Biezenweide,Puttershoek
19,3299XA,Kilstraat,Maasdam
6,3295KZ,Nijverheidsweg,'s-Gravendeel
3,3295GE,Kreekpad,'s-Gravendeel
5,3295KA,Beneden Strijensedijk,'s-Gravendeel
15,3295AR,Oranjestraat,'s-Gravendeel
7,3295SB,Anemoonpad,'s-Gravendeel
87,3271AJ,Laan van Moerkerken,Mijnsheerenland
7,3297BA,Jasmijnstraat,Puttershoek
6,3271TR,Edelman,Mijnsheerenland
10,3295PC,Atalanta,'s-Gravendeel
18,3297WR,Dotter,Puttershoek
6,3295AW,Van Heesenstraat,'s-Gravendeel
34,3299BN,Trambaan,Maasdam
14,3274CK,Martin Luther Kingstraat,Heinenoord
8,3271CB,Noordernesse,Mijnsheerenland
20,3295XX,Van der Merckstraat,'s-Gravendeel
15,3273BC,Nikolaus Boutstraat,Westmaas
46,3297LC,Molendijk,Puttershoek
98,3295EJ,Schenkeldijk,'s-Gravendeel
13,3295KK,Schenkeltje,'s-Gravendeel
10,3297WB,De Grienden,Puttershoek
85,3297WN,Valeriaan,Puttershoek
11,3299WK,Hof van Weede,Maasdam
20,3295SC,Crocuserf,'s-Gravendeel
19,3295SR,Korenbloemerf,'s-Gravendeel
7,3297BW,Wilgenlaan,Puttershoek
5,3274MA,Rietwaard,Heinenoord
8,3274CD,Heyne van Althenastraat,Heinenoord
69,3271LL,Westdijk,Mijnsheerenland
20,3295PC,Atalanta,'s-Gravendeel
36,3297WD,Speenkruid,Puttershoek
1,3271BA,Beatrixplein,Mijnsheerenland
12,3299XL,Vliet,Maasdam
47,3271LL,Westdijk,Mijnsheerenland
17,3295BJ,Langestraat,'s-Gravendeel
31,3295TH,Lijnzaadstraat,'s-Gravendeel
9,3271BA,Beatrixplein,Mijnsheerenland
126,3295KR,Strijenseweg,'s-Gravendeel
30,3271VC,Hoofdland,Mijnsheerenland
5,3271BG,Kerkplein,Mijnsheerenland
8,3297WS,Waterkers,Puttershoek
27,3271AH,Laan van Moerkerken,Mijnsheerenland
57,3299WC,de Heul,Maasdam
14,3297GC,Biezendroger,Puttershoek
28,3274LP,Mollekade,Heinenoord
47,3273AA,Beatrixlaan,Westmaas
48,3295BW,Zuid Voorstraat,'s-Gravendeel
6,3274MA,Rietwaard,Heinenoord
17,3295VJ,Schevenstraat,'s-Gravendeel
50,3274AP,Wilhelminastraat,Heinenoord
11,3271TJ,Gravinnenlaan,Mijnsheerenland
2,3295GN,Vlietstraat,'s-Gravendeel
3,3297WJ,Haagwinde,Puttershoek
52,3271VJ,Vrijland,Mijnsheerenland
4,3273XH,Manhille,Westmaas
55,3274BG,Goidschalxoordsedijk,Heinenoord
57,3273LD,Munnikendijk,Westmaas
38,3271CA,Maasdijk,Mijnsheerenland
25,3299BP,van der Doeslaan,Maasdam
99,3297BL,Pieter Repelaerstraat,Puttershoek
4,3297EM,Pieter Boelenstraat,Puttershoek
61,3295LD,Molendijk,'s-Gravendeel
61,3295KV,Griendweg,'s-Gravendeel
83,3295AE,Bevershoekstraat,'s-Gravendeel
64,3297XL,Hazelaarstraat,Puttershoek
42,3297AT,Schouteneinde,Puttershoek
56,3297GB,Biezenweide,Puttershoek
53,3295SR,Korenbloemerf,'s-Gravendeel
29,3271AA,Burg.de Jongplein,Mijnsheerenland
26,3273XP,Groteweide,Westmaas
30,3273XP,Groteweide,Westmaas
13,3274KB,Oosteinde,Heinenoord
124,3297BJ,Nassaulaan,Puttershoek
9,3297BS,Singel,Puttershoek
39,3295CN,Roterijstraat,'s-Gravendeel
151,3295CH,Hendrik Hamerstraat,'s-Gravendeel
20,3295AK,Irenestraat,'s-Gravendeel
29,3295CN,Roterijstraat,'s-Gravendeel
43,3295TC,Dauwrootstraat,'s-Gravendeel
29,3295SC,Crocuserf,'s-Gravendeel
10,3297CW,Prinsenhof,Puttershoek
61,3273LD,Munnikendijk,Westmaas
31,3271BP,Nieuwegeer,Mijnsheerenland
21,3297EA,Arie van Drielstraat,Puttershoek
17,3295GW,Welhof,'s-Gravendeel
5,3271XC,Rietgors,Mijnsheerenland
52,3299AB,Burg G de Katerstraat,Maasdam
8,3295AM,Margrietstraat,'s-Gravendeel
197,3295CJ,Hendrik Hamerstraat,'s-Gravendeel
45,3271BX,Wilhelminastraat,Mijnsheerenland
105,3299AE,Hoeksedijk,Maasdam
5,3271VK,Vroonland,Mijnsheerenland
17,3271XC,Rietgors,Mijnsheerenland
29,3295KG,Mijlweg,'s-Gravendeel
22,3271BC,Elisabeth van Loonstraat,Mijnsheerenland
68,3299BD,Dorpsstraat,Maasdam
25,3273LL,Stougjesdijk,Westmaas
27,3273XP,Groteweide,Westmaas
4,3297TZ,Wiekenkruis,Puttershoek
83,3274CG,John F. Kennedystraat,Heinenoord
40,3297AJ,Laan van Heemstede,Puttershoek
27,3271XB,Lisgors,Mijnsheerenland
36,3274CT,Avenhil,Heinenoord
4,3295EA,Breedveldstraat,'s-Gravendeel
3,3295BL,Noord Voorstraat,'s-Gravendeel
21,3295BC,Korte Smidsweg,'s-Gravendeel
28,3297TP,Sterrenlaan,Puttershoek
5,3295AC,Bernhardstraat,'s-Gravendeel
13,3273LJ,Smidsweg,Westmaas
46,3271CA,Maasdijk,Mijnsheerenland
121,3271KB,Stougjesdijk,Mijnsheerenland
13,3295RL,Meidoornerf,'s-Gravendeel
56,3297AJ,Laan van Heemstede,Puttershoek
13,3299WB,de Heul,Maasdam
126,3297BJ,Nassaulaan,Puttershoek
28,3297CE,Julianastraat,Puttershoek
10,3271VG,Vlietland,Mijnsheerenland
4,3273AV,Prins Willem Alexanderln,Westmaas
13,3273AJ,Kartuizerveld,Westmaas
21,3297GC,Biezendroger,Puttershoek
11,3271TD,Albert Verweystraat,Mijnsheerenland
16,3295VM,Spinnerijstraat,'s-Gravendeel
1,3273XP,Groteweide,Westmaas
133,3295CH,Hendrik Hamerstraat,'s-Gravendeel
46,3297AD,Eendrachtsweg,Puttershoek
29,3295SR,Korenbloemerf,'s-Gravendeel
8,3271TJ,Gravinnenlaan,Mijnsheerenland
20,3295AG,dr Bossersstraat,'s-Gravendeel
27,3295HC,Vijverhof,'s-Gravendeel
4,3295AN,Marijkestraat,'s-Gravendeel
251,3295CK,Hendrik Hamerstraat,'s-Gravendeel
141,3295AE,Bevershoekstraat,'s-Gravendeel
35,3295CD,Constantijnstraat,'s-Gravendeel
18,3297TZ,Wiekenkruis,Puttershoek
25,3274LN,Mollekade,Heinenoord
5,3271BS,Raadhuislaan,Mijnsheerenland
24,3271BM,Molenvlietlaan,Mijnsheerenland
17,3273AP,Nieuwstraat,Westmaas
137,3295CT,Weegje,'s-Gravendeel
1,3273BC,Nikolaus Boutstraat,Westmaas
26,3274AE,Irenestraat,Heinenoord
95,3295CG,Hendrik Hamerstraat,'s-Gravendeel
9,3271XA,Lisgors,Mijnsheerenland
31,3273AA,Beatrixlaan,Westmaas
9,3295RN,Seringenstraat,'s-Gravendeel
7,3295SX,Tulpstraat,'s-Gravendeel
59,3297CT,Oranjelaan Westzijde,Puttershoek
23,3271VD,Vingerling,Mijnsheerenland
38,3297TE,Bovenkruier,Puttershoek
18,3271AE,Everocken,Mijnsheerenland
50,3273XD,Leeuwendaal,Westmaas
22,3271XK,Zeggegors,Mijnsheerenland
69,3295PB,Atalanta,'s-Gravendeel
13,3274LN,Mollekade,Heinenoord
12,3295XM,Pasmanstraat,'s-Gravendeel
9,3297DA,Schorredijk,Puttershoek
31,3295LL,Onder de molen,'s-Gravendeel
45,3295TR,Akkerwinde,'s-Gravendeel
5,3295XP,Leerambachtstraat,'s-Gravendeel
4,3273AC,Breestraat,Westmaas
28,3295SC,Crocuserf,'s-Gravendeel
3,3295RL,Meidoornerf,'s-Gravendeel
20,3274KJ,Nijverheidsweg,Heinenoord
19,3273CA,Johannes Kolfstraat,Westmaas
28,3295GW,Welhof,'s-Gravendeel
15,3271XA,Lisgors,Mijnsheerenland
4,3271XN,Grasgors,Mijnsheerenland
73,3295TH,Lijnzaadstraat,'s-Gravendeel
48,3297WJ,Haagwinde,Puttershoek
6,3297WD,Speenkruid,Puttershoek
8,3295XM,Pasmanstraat,'s-Gravendeel
55,3271VH,Vrijland,Mijnsheerenland
15,3274LD,Blaaksedijk West,Heinenoord
3,3274CZ,Prof. Teldersstraat,Heinenoord
26,3274AK,Oranjestraat,Heinenoord
1,3271VE,Vlietland,Mijnsheerenland
121,3295EE,Schenkeldijk,'s-Gravendeel
4,3295LB,Boendersweg,'s-Gravendeel
120,3295WH,Lindehof,'s-Gravendeel
23,3274CT,Avenhil,Heinenoord
15,3295LG,Eerste Kruisweg,'s-Gravendeel
11,3295KC,Kilweg,'s-Gravendeel
31,3295TM,Vlasstraat,'s-Gravendeel
11,3295XG,Gorsdijk,'s-Gravendeel
16,3273CB,Johannes Kolfstraat,Westmaas
3,3295SW,Tuinstraat,'s-Gravendeel
5,3297BD,Nassaulaan,Puttershoek
102,3274BE,Dorpsstraat,Heinenoord
41,3299BN,Trambaan,Maasdam
25,3295LD,Molendijk,'s-Gravendeel
5,3297ED,Dwarsstraat,Puttershoek
15,3295SB,Anemoonpad,'s-Gravendeel
38,3297WR,Dotter,Puttershoek
15,3295XP,Leerambachtstraat,'s-Gravendeel
53,3271TE,Binnenbans,Mijnsheerenland
23,3273LC,Grote Riethure,Westmaas
33,3295TH,Lijnzaadstraat,'s-Gravendeel
13,3295LL,Onder de molen,'s-Gravendeel
18,3295SC,Crocuserf,'s-Gravendeel
45,3273LM,Stougjesdijk,Westmaas
14,3271AM,Molenweg,Mijnsheerenland
38,3299LZ,Vlasoever,Maasdam
9,3295AN,Marijkestraat,'s-Gravendeel
3,3295SR,Korenbloemerf,'s-Gravendeel
16,3297WJ,Haagwinde,Puttershoek
18,3271AG,Lodewijk van Praetstraat,Mijnsheerenland
118,3295WG,Lindehof,'s-Gravendeel
47,3295PB,Atalanta,'s-Gravendeel
19,3299LL,Polderdijk,Maasdam
32,3295SM,Irisstraat,'s-Gravendeel
19,3299BP,van der Doeslaan,Maasdam
130,3297AW,Zijdewinde,Puttershoek
25,3297WC,Gele lis,Puttershoek
8,3274LC,Blaaksedijk Oost,Heinenoord
17,3295TK,Schelfstraat,'s-Gravendeel
133,3295CT,Weegje,'s-Gravendeel
45,3297VL,Zuidster,Puttershoek
27,3295XW,Van der Merckstraat,'s-Gravendeel
29,3297GH,Biezenveld,Puttershoek
9,3273CA,Johannes Kolfstraat,Westmaas
4,3295XB,Beneden Havendijk,'s-Gravendeel
255,3271LP,Blaaksedijk,Mijnsheerenland
25,3295GV,Poldervaart,'s-Gravendeel
61,3295AR,Oranjestraat,'s-Gravendeel
38,3274KG,Westdijk,Heinenoord
9,3295LL,Onder de molen,'s-Gravendeel
19,3273LJ,Smidsweg,Westmaas
20,3274BJ,Hofplein,Heinenoord
106,3274BE,Dorpsstraat,Heinenoord
19,3271BP,Nieuwegeer,Mijnsheerenland
3,3273LP,Groeneweg,Westmaas
5,3271BW,van der Waalstraat,Mijnsheerenland
9,3299BA,Acacialaan,Maasdam
11,3295GG,Kreekstraat,'s-Gravendeel
15,3295CC,Constantijnstraat,'s-Gravendeel
7,3271BW,van der Waalstraat,Mijnsheerenland
1,3297EN,Paulus Potterstraat,Puttershoek
22,3297AJ,Laan van Heemstede,Puttershoek
10,3297TP,Sterrenlaan,Puttershoek
18,3295PC,Atalanta,'s-Gravendeel
17,3274BB,Dorpsstraat,Heinenoord
20,3295RH,Vioolerf,'s-Gravendeel
9,3297CH,Marijkestraat,Puttershoek
24,3299XL,Vliet,Maasdam
79,3297BE,Nassaulaan,Puttershoek
2,3295KK,Schenkeltje,'s-Gravendeel
25,3274LK,Doormanstraat,Heinenoord
6,3295CC,Constantijnstraat,'s-Gravendeel
47,3295BP,Roodenburg Vermaatstraat,'s-Gravendeel
15,3297CS,Oranjelaan Oostzijde,Puttershoek
21,3271LD,Brabersweg,Mijnsheerenland
72,3295WE,Lindehof,'s-Gravendeel
8,3297TH,Standerdmolen,Puttershoek
64,3271XL,Zeggegors,Mijnsheerenland
1,3271BW,van der Waalstraat,Mijnsheerenland
18,3299WG,Poelwijk,Maasdam
34,3271VC,Hoofdland,Mijnsheerenland
58,3274CH,Kalesland,Heinenoord
26,3299XP,Boezemvliet,Maasdam
31,3295SR,Korenbloemerf,'s-Gravendeel
2,3273AK,Kartuizerveld,Westmaas
17,3297XA,Eikenlaan,Puttershoek
15,3295AJ,In 't Veldstraat,'s-Gravendeel
31,3295VJ,Schevenstraat,'s-Gravendeel
33,3295AR,Oranjestraat,'s-Gravendeel
30,3271BR,Nieuwegeer,Mijnsheerenland
12,3295BK,Langestraat,'s-Gravendeel
8,3297EK,Nieuw Weverseinde,Puttershoek
12,3271BK,Laan van Westmolen,Mijnsheerenland
18,3295XN,Hiesveltstraat,'s-Gravendeel
7,3274LA,Blaaksedijk Oost,Heinenoord
3,3295KB,De Wacht,'s-Gravendeel
69,3295CT,Weegje,'s-Gravendeel
30,3295SM,Irisstraat,'s-Gravendeel
19,3273AJ,Kartuizerveld,Westmaas
22,3271BR,Nieuwegeer,Mijnsheerenland
2,3295KH,Mijlweg,'s-Gravendeel
1,3273XS,Hogeweide,Westmaas
16,3295BK,Langestraat,'s-Gravendeel
69,3273AT,Prins Willem Alexanderln,Westmaas
42,3271AC,Eendrachtslaan,Mijnsheerenland
59,3274LH,Boonsweg,Heinenoord
12,3295SC,Crocuserf,'s-Gravendeel
34,3271AE,Everocken,Mijnsheerenland
5,3271DC,Huibert van der Hoekpln,Mijnsheerenland
6,3271AM,Molenweg,Mijnsheerenland
26,3297WJ,Haagwinde,Puttershoek
54,3274CS,Wouter van den Walestr,Heinenoord
8,3295XS,Nieuweweg,'s-Gravendeel
33,3295SX,Tulpstraat,'s-Gravendeel
19,3297BC,Magnoliastraat,Puttershoek
6,3297TX,Grondzeiler,Puttershoek
20,3297WS,Waterkers,Puttershoek
60,3297AJ,Laan van Heemstede,Puttershoek
6,3273BA,Zuidernesse,Westmaas
74,3297WJ,Haagwinde,Puttershoek
7,3295AX,Verbruggestraat,'s-Gravendeel
43,3297TM,Sterrenlaan,Puttershoek
13,3273BA,Zuidernesse,Westmaas
16,3274LE,Blaaksedijk West,Heinenoord
48,3274AE,Irenestraat,Heinenoord
39,3297BS,Singel,Puttershoek
52,3271VD,Vingerling,Mijnsheerenland
8,3299LT,Zwanegatsedijk,Maasdam
42,3295KM,Strijensedijk,'s-Gravendeel
49,3297WN,Valeriaan,Puttershoek
1,3295SC,Crocuserf,'s-Gravendeel
139,3295KP,Strijenseweg,'s-Gravendeel
51,3297DA,Schorredijk,Puttershoek
44,3271BN,Molenvlietlaan,Mijnsheerenland
72,3271AC,Eendrachtslaan,Mijnsheerenland
7,3273CA,Johannes Kolfstraat,Westmaas
10,3273AD,de Roolaan,Westmaas
28,3297CS,Oranjelaan Oostzijde,Puttershoek
50,3299XJ,Spuistraat,Maasdam
13,3274CT,Avenhil,Heinenoord
5,3297CS,Oranjelaan Oostzijde,Puttershoek
21,3297AS,Schouteneinde,Puttershoek
30,3297VC,Noordster,Puttershoek
134,3274BE,Dorpsstraat,Heinenoord
19,3295CT,Weegje,'s-Gravendeel
35,3295SB,Anemoonpad,'s-Gravendeel
86,3295KH,Mijlweg,'s-Gravendeel
19,3295VC,Damaststraat,'s-Gravendeel
219,3271LP,Blaaksedijk,Mijnsheerenland
11,3299LA,Gatsedijk,Maasdam
57,3297BE,Nassaulaan,Puttershoek
45,3274LH,Boonsweg,Heinenoord
1,3274CH,Kalesland,Heinenoord
7,3295PE,Dagpauwoog,'s-Gravendeel
18,3297WB,De Grienden,Puttershoek
15,3295VN,Vezelstraat,'s-Gravendeel
5,3295AH,Groene Kruisstraat,'s-Gravendeel
6,3299AT,van der Duyn v Maasdamln,Maasdam
15,3273XR,Hermesweide,Westmaas
34,3295EL,Zweedsestraat,'s-Gravendeel
12,3299XM,Waalstraat,Maasdam
14,3271TB,Frederik van Eedenstraat,Mijnsheerenland
24,3295ST,Korenbloemerf,'s-Gravendeel
71,3297WE,Penningkruid,Puttershoek
42,3297VG,Polaris,Puttershoek
9,3297XN,Lijsterbesstraat,Puttershoek
32,3297GL,Biezenbloker,Puttershoek
112,3297BJ,Nassaulaan,Puttershoek
19,3297WN,Valeriaan,Puttershoek
18,3295TA,Bolkafstraat,'s-Gravendeel
44,3295VH,Lokkenstraat,'s-Gravendeel
93,3297WG,Penningkruid,Puttershoek
42,3271BN,Molenvlietlaan,Mijnsheerenland
113,3297XH,Hazelaarstraat,Puttershoek
64,3297AV,Schouteneinde,Puttershoek
148,3297BJ,Nassaulaan,Puttershoek
45,3295AR,Oranjestraat,'s-Gravendeel
12,3295TB,Bootstraat,'s-Gravendeel
92,3297BM,Pieter Repelaerstraat,Puttershoek
10,3299WH,de Heul,Maasdam
52,3295TE,Hekelstraat,'s-Gravendeel
85,3295AS,Oranjestraat,'s-Gravendeel
32,3295EG,Schenkeldijk,'s-Gravendeel
24,3295EG,Schenkeldijk,'s-Gravendeel
3,3299BM,Smidsweg,Maasdam
62,3295KM,Strijensedijk,'s-Gravendeel
6,3273AC,Breestraat,Westmaas
24,3295VH,Lokkenstraat,'s-Gravendeel
21,3295BD,Kerkstraat,'s-Gravendeel
7,3297TZ,Wiekenkruis,Puttershoek
62,3299BD,Dorpsstraat,Maasdam
5,3274CJ,Kooimansland,Heinenoord
17,3297GG,Biezensnijder,Puttershoek
5,3295KV,Griendweg,'s-Gravendeel
52,3295VH,Lokkenstraat,'s-Gravendeel
56,3295XD,Boven Havendijk,'s-Gravendeel
9,3274AH,Margrietstraat,Heinenoord
31,3299BP,van der Doeslaan,Maasdam
14,3297XB,Eikenlaan,Puttershoek
16,3274AC,Emmastraat,Heinenoord
54,3274BD,Dorpsstraat,Heinenoord
7,3274KB,Oosteinde,Heinenoord
1,3274AD,Irenestraat,Heinenoord
24,3273LK,Smidsweg,Westmaas
3,3273XG,Vlasakkers,Westmaas
16,3295RG,Narcisstraat,'s-Gravendeel
14,3295SC,Crocuserf,'s-Gravendeel
