20,7081GG,Bloemersweide,Gendringen
46,7071CC,Veldstraat,Ulft
9,7071PC,'t Goor,Ulft
10,7076AT,Hesterweg,Varsselder
122,7064LN,Bontebrug,Silvolde
7,7051GH,Vlakkeeweg,Varsseveld
27,7055AJ,Hoge Weg,Heelweg
18,7064AP,Terborgseveld,Silvolde
124,7064LN,Bontebrug,Silvolde
6,7064KK,Bievinkstraat,Silvolde
7,7084AS,Luimesweg,Breedenbroek
22,7061AJ,Hofstraat,Terborg
6,7071WN,Heggenseveld,Ulft
31,7081EA,Rozenstraat,Gendringen
1,7071XW,Korenstraat,Ulft
39,7077AN,Emmerikseweg,Netterden
21,7051ZB,Zelhemseweg,Varsseveld
9,7071VA,Slingestraat,Ulft
14,7051CV,Hovenstraat,Varsseveld
1,7054BB,Plattenstraat,Westendorp
1,7081GH,Gentiaan,Gendringen
2,7071VV,Geulstraat,Ulft
2,7065BS,Keurhorsterweg,Sinderen
22,7065AN,Kapelweg,Sinderen
1,7051WC,Havikenhof,Varsseveld
7,7071BA,Ir Sassenstraat,Ulft
29,7071PC,'t Goor,Ulft
1,7051DZ,Oude Doetinchemseweg,Varsseveld
72,7065BL,Sinderenseweg,Sinderen
8,7051WB,Havikenhof,Varsseveld
1,7071EB,Noordse Stern,Ulft
37,7071PC,'t Goor,Ulft
18,7075DL,Oude IJsselweg,Etten
28,7064EX,Prinses Christinastraat,Silvolde
11,7064KG,Rabelingstraat,Silvolde
21,7071ZA,Roggestraat,Ulft
24,7061CB,Walstraat,Terborg
34,7051AC,Doetinchemseweg,Varsseveld
53,7071HP,Lijsterstraat,Ulft
2,7081JE,Kalmoes,Gendringen
3,7054CC,Stubbelderweg,Westendorp
16,7055AK,Hoge Weg,Heelweg
31,7064CA,Lichtenbergseweg,Silvolde
15,7076BB,Hoofdstraat,Varsselder
25,7071TE,Orion,Ulft
27,7061WH,Nassauhof,Terborg
5,7081JE,Kalmoes,Gendringen
12,7076BM,Achter de Molen,Varsselder
5,7076AW,Hesterweg,Varsselder
1,7081JD,Majoraan,Gendringen
3,7081JD,Majoraan,Gendringen
18,7081JA,Koriander,Gendringen
3,7051HK,Idinkweg,Varsseveld
24,7081BW,Pavordskamp,Gendringen
46,7075AE,Dorpsstraat,Etten
12,7071VC,Vechtstraat,Ulft
16,7061GD,Heidedijk,Terborg
8,7051AT,Prins Bernhardstraat,Varsseveld
11,7071VJ,Berkelstraat,Ulft
9,7078AK,Nieuweweg,Megchelen
26,7061WV,Prins Johan-Frisohof,Terborg
29,7075DN,Oude IJsselweg,Etten
2,7051VK,de Binder,Varsseveld
3,7054AC,Smoddedijk,Westendorp
86,7071TT,Grote Beer,Ulft
27,7064GA,Koningin Julianastraat,Silvolde
4,7051GB,Tuitstraat,Varsseveld
6,7051AT,Prins Bernhardstraat,Varsseveld
45,7051WR,Reigershof,Varsseveld
1,7071ZG,Kastanjestraat,Ulft
21,7071WD,Praestingsweg,Ulft
1,7078BE,Hollandseweg,Megchelen
28,7054AV,Boesvelderdijk,Westendorp
45,7061GG,Varsseveldseweg,Terborg
2,7084AK,Tulenstraat,Breedenbroek
6,7051GB,Tuitstraat,Varsseveld
7,7076BB,Hoofdstraat,Varsselder
34,7076AM,Leemlandseweg,Varsselder
1,7078BN,Krupop,Megchelen
4,7081GG,Bloemersweide,Gendringen
9,7071ED,de Stenenmaat,Ulft
3,7076AX,Berghseweg,Varsselder
89,7071TX,Grote Beer,Ulft
15,7051AA,Doetinchemseweg,Varsseveld
3,7075EG,Meesterijweg,Etten
62,7075BE,Beethovenlaan,Etten
47,7051WV,Sperwerhof,Varsseveld
70,7061AT,Industrieweg,Terborg
10,7051VM,de Zicht,Varsseveld
8,7051ZP,Zelhemsevoetpad,Varsseveld
27,7075DN,Oude IJsselweg,Etten
25,7051CB,Graaf van Lohnstraat,Varsseveld
2,7061CT,Stationsweg,Terborg
15,7081BC,Jan Ligthartstraat,Gendringen
15,7051ZP,Zelhemsevoetpad,Varsseveld
23,7051WK,Uilenhof,Varsseveld
6,7054BW,Lankerdijk,Westendorp
36,7064LK,Bontebrug,Silvolde
1,7071DC,Badweg,Ulft
84,7061AV,Industrieweg,Terborg
102,7071TS,Grote Beer,Ulft
18,7071VA,Slingestraat,Ulft
5,7054BE,Boesvelderdijk,Westendorp
14,7051WJ,Uilenhof,Varsseveld
12,7051WJ,Uilenhof,Varsseveld
7,7071XB,Tamboerpad,Ulft
64,7081CN,Anholtseweg,Gendringen
28,7076AM,Leemlandseweg,Varsselder
1,7075DW,Holserweg,Etten
30,7081GG,Bloemersweide,Gendringen
16,7071SB,Botterkoel,Ulft
35,7071VV,Geulstraat,Ulft
23,7075AP,Alexanderhof,Etten
13,7051WP,Eksterhof,Varsseveld
23,7076BM,Achter de Molen,Varsselder
16,7071TR,Mars,Ulft
1,7081JE,Kalmoes,Gendringen
50,7071LA,Wingerd,Ulft
1,7081AB,Rijnweg,Gendringen
26,7078BD,Vlasakker,Megchelen
1,7071HA,Merellaan,Ulft
8,7081JA,Koriander,Gendringen
34,7081DD,Achterkerspel,Gendringen
21,7051DN,Svedexweg,Varsseveld
37,7081EB,Tulpstraat,Gendringen
27,7065BB,Kapelweg,Sinderen
1,7081AG,IJsselweg,Gendringen
21,7071VB,Lekstraat,Ulft
4,7081EB,Tulpstraat,Gendringen
1,7051GG,Wesselstraat,Varsseveld
1,7051BX,Burgemeester van Tuyllstraat,Varsseveld
7,7061GJ,Munstermanstraat,Terborg
36,7064HR,Berkenlaan,Silvolde
3,7081JE,Kalmoes,Gendringen
19,7071PS,Buizerdweg,Ulft
14,7071XD,Schuttersweg,Ulft
3,7076BM,Achter de Molen,Varsselder
28,7077AX,de Bryde,Netterden
39,7081BE,Dominee van Dorpstraat,Gendringen
12,7075AT,Loo,Etten
42,7061ZZ,van Wischstraat,Terborg
10,7051HC,Rademakersbroek,Varsseveld
71,7064AB,Terborgseweg,Silvolde
4,7071DD,Stokhorsterweg,Ulft
1,7075DT,Tappenweg,Etten
2,7061EB,De Kwekerij,Terborg
50,7081GZ,Valeriaan,Gendringen
4,7081DJ,IJsselstraat,Gendringen
4,7071ZK,Dr Schaepmanstraat,Ulft
46,7075BE,Beethovenlaan,Etten
24,7051DS,Gasthuisweg,Varsseveld
63,7051CN,Aaltenseweg,Varsseveld
27,7051CL,Aaltenseweg,Varsseveld
71,7065BE,Sinderenseweg,Sinderen
7,7051VE,de Zeis,Varsseveld
7,7071VA,Slingestraat,Ulft
7,7081HB,Walseweg,Gendringen
8,7054CL,Houtkampstraat,Westendorp
16,7051VD,het Zeel,Varsseveld
8,7051AV,Prinses Margrietstraat,Varsseveld
15,7051AK,de Egge,Varsseveld
9,7075AG,Oldenhove,Etten
24,7076AP,Pastoor Reulinkstraat,Varsselder
5,7083AB,Bosweg,Voorst
3,7071SC,Ruvenkamp,Ulft
6,7081CW,Oranjesingel,Gendringen
81,7065BG,Sinderenseweg,Sinderen
3,7064CX,Wezelhof,Silvolde
24,7064HD,Thorbeckestraat,Silvolde
5,7061EA,Seesinkbeeklaan,Terborg
2,7065BC,Swanenkamp,Sinderen
5,7054AT,Stompdijk,Westendorp
1,7064KX,Kroezendijk,Silvolde
23,7075EC,Zeddamseweg,Etten
3,7081DH,IJsselstraat,Gendringen
26,7064HD,Thorbeckestraat,Silvolde
19,7065BC,Harmenskampstraat,Sinderen
3,7081JA,Koriander,Gendringen
24,7064EK,Jachtlaan,Silvolde
10,7064GG,Prins Bernhardstraat,Silvolde
1,7064GP,Bongershoek,Silvolde
16,7081DG,Prinsenhof,Gendringen
16,7061CS,Doetinchemseweg,Terborg
2,7064AS,Herman van Velzenstraat,Silvolde
32,7064AX,Marktstraat,Silvolde
16,7061CK,Hoofdstraat,Terborg
78,7071PN,Pol,Ulft
3,7081GA,Lamerskamp,Gendringen
24,7054CN,Neijlandstraat,Westendorp
48,7081CH,Grotestraat,Gendringen
13,7061AJ,IJsselhof,Terborg
5,7055AC,Generaalsweg,Heelweg
4,7064KP,Kapelweg,Silvolde
12,7051DZ,Oude Doetinchemseweg,Varsseveld
51,7071AV,Frank Daamenstraat,Ulft
55,7064AN,Terborgseveld,Silvolde
3,7071HN,Lijsterstraat,Ulft
22,7071KG,Wielewaal,Ulft
22,7071WN,Heggenseveld,Ulft
12,7081DL,Haverkamp,Gendringen
11,7061AJ,IJsselhof,Terborg
8,7071VG,Neptunus,Ulft
50,7071TV,Grote Beer,Ulft
15,7061CV,Looiersweg,Terborg
21,7075BD,Beethovenlaan,Etten
57,7071AJ,Dr Ariënsstraat,Ulft
41,7081AH,IJsselweg,Gendringen
42,7051VC,de Vloglanden,Varsseveld
4,7071ZG,Kastanjestraat,Ulft
9,7071PS,Buizerdweg,Ulft
15,7071VS,Singel,Ulft
64,7075BE,Beethovenlaan,Etten
34,7075AE,Dorpsstraat,Etten
34,7051DS,Gasthuisweg,Varsseveld
10,7064HD,Thorbeckestraat,Silvolde
37,7061CR,Doetinchemseweg,Terborg
1,7071CX,Anton Tijdinklaan,Ulft
11,7081JB,Rozemarijn,Gendringen
34,7071VR,Maasstraat,Ulft
89,7064DG,Jagershof,Silvolde
10,7064DC,Eekhoornhof,Silvolde
12,7075BC,Molenstraat,Etten
160,7064HV,Berkenlaan,Silvolde
21,7054BE,Boesvelderdijk,Westendorp
156,7064LP,Bontebrug,Silvolde
8,7076AN,Pastoor Balkstraat,Varsselder
14,7075BE,Beethovenlaan,Etten
6,7071XM,Kempermanstraat,Ulft
21,7071BN,Deken Nijkampstraat,Ulft
7,7081JE,Kalmoes,Gendringen
9,7081JE,Kalmoes,Gendringen
11,7081JE,Kalmoes,Gendringen
22,7055AV,Molenweg,Heelweg
2,7051GM,Spanjerweg,Varsseveld
5,7055AP,Munstermansweg,Heelweg
9,7051SE,Houtmolenstraat,Varsseveld
14,7065AK,Nibbelinklaan,Sinderen
9,7061GA,Varsseveldseweg,Terborg
8,7054AC,Smoddedijk,Westendorp
87,7081CD,Grotestraat,Gendringen
50,7081CH,Grotestraat,Gendringen
13,7051DG,Dames Jolinkweg,Varsseveld
16,7051BN,Dominee Thomsonstraat,Varsseveld
4,7075BC,Molenstraat,Etten
24,7071HK,Kievitstraat,Ulft
20,7064CH,Hazenhof,Silvolde
68,7065BL,Sinderenseweg,Sinderen
10,7061ZA,Akkermansbeekweg,Terborg
94,7064ET,Boterweg,Silvolde
10,7051CV,Hovenstraat,Varsseveld
9,7064CX,Wezelhof,Silvolde
3,7061DK,Silvoldseweg,Terborg
18,7071TD,Boogschutter,Ulft
87,7064CC,Lichtenbergseweg,Silvolde
2,7078AW,Julianaweg,Megchelen
40,7071LA,Wingerd,Ulft
27,7075BD,Beethovenlaan,Etten
20,7051GR,Veenweg,Varsseveld
12,7051AP,Mauritsstraat,Varsseveld
19,7064GL,Melkweg,Silvolde
3,7051GZ,Zuidelijke Slingepad,Varsseveld
76,7064BE,Ulftseweg,Silvolde
16,7054BV,Halseweg,Westendorp
27,7051ZL,Roggestraat,Varsseveld
28,7064GR,Siebelinkstraat,Silvolde
90,7081EM,Touwslagersbaan,Gendringen
54,7071GR,Eksterstraat,Ulft
7,7084AG,Bakkerskampstraat,Breedenbroek
23,7051XH,Spreeuwenhof,Varsseveld
33,7064DD,Hermelijnhof,Silvolde
21,7083AP,Grensweg,Voorst
8,7051AN,Willem de Zwijgerstraat,Varsseveld
3,7075AH,Strik,Etten
8,7071VJ,Berkelstraat,Ulft
73,7064KX,Oude Dinxperloseweg,Silvolde
12,7055AT,Bosboombroekerweg,Heelweg
44,7071HW,Akkerstraat,Ulft
33,7051DS,Gasthuisweg,Varsseveld
3,7055AJ,Hoge Weg,Heelweg
77,7065BG,Sinderenseweg,Sinderen
4,7061CT,Stationsweg,Terborg
4,7055BM,Gunjansdijk,Heelweg
4,7071VC,Vechtstraat,Ulft
1,7061DT,Lovinkweg,Terborg
20,7064GZ,Melkweg,Silvolde
5,7054CP,Neijlandstraat,Westendorp
7,7054CP,Neijlandstraat,Westendorp
2,7064HJ,Zaagpad,Silvolde
39,7051CH,Spoorstraat,Varsseveld
58,7071BK,F B Deurvorststraat,Ulft
15,7071VK,Reggestraat,Ulft
4,7084AT,den Dam,Breedenbroek
2,7083AL,Stakenborgweg,Voorst
4,7081HK,Omsteg,Gendringen
65,7064AT,De Breide,Silvolde
13,7071AR,Kuyperstraat,Ulft
18,7071AD,Ettenseweg,Ulft
22,7071WK,Steenakker,Ulft
17,7051DE,van Pallandtstraat,Varsseveld
62,7071KN,Vendeliers,Ulft
10,7071CC,Veldstraat,Ulft
14,7055BT,Entinkweg,Heelweg
13,7075EA,Zeddamseweg,Etten
4,7084AN,Terborgseweg,Breedenbroek
2,7083AH,Beekweg,Voorst
21,7075EL,Warmseweg,Etten
80,7051DV,Doetinchemseweg,Varsseveld
25,7061BJ,van Gelderstraat,Terborg
75,7061ZC,Vulcaanstraat,Terborg
30,7064CT,Wezelhof,Silvolde
19,7064HA,Doctor Dreesstraat,Silvolde
35,7064EE,Fazantplein,Silvolde
7,7061BW,Wijnwaarden,Terborg
20,7084AS,Luimesweg,Breedenbroek
5,7071TN,Jupiter,Ulft
42,7078BG,Hollandseweg,Megchelen
2,7061XN,Prins Clausstraat,Terborg
17,7051SB,Houtdreef,Varsseveld
8,7064BW,Korenweg,Silvolde
21,7061ZV,van Wischstraat,Terborg
9,7051VE,de Zeis,Varsseveld
15,7071PM,Pol,Ulft
7,7051GC,Rusthuisweg,Varsseveld
4,7081JE,Kalmoes,Gendringen
9,7051SB,Houtdreef,Varsseveld
17,7061AA,Ettensestraat,Terborg
92,7064HT,Berkenlaan,Silvolde
28,7051DK,Dames Jolinkweg,Varsseveld
14,7061CN,Sint Jorisplein,Terborg
30,7055AH,Molenweg,Heelweg
9,7051WC,Havikenhof,Varsseveld
19,7081CV,Prins Bernhardstraat,Gendringen
48,7061AZ,Vulcaanstraat,Terborg
1,7051BB,Prins Hendriklaan,Varsseveld
37,7071BL,van Nispenstraat,Ulft
17,7071VK,Reggestraat,Ulft
2,7071WN,Heggenseveld,Ulft
27,7081DS,Veldweg,Gendringen
10,7061DH,Overtuin,Terborg
39,7051DH,Dames Jolinkweg,Varsseveld
7,7071EA,Klaverweide,Ulft
79,7051DP,Doetinchemseweg,Varsseveld
2,7065AS,Vriezelaar,Sinderen
94,7064HT,Berkenlaan,Silvolde
96,7064HT,Berkenlaan,Silvolde
23,7071AT,Frank Daamenstraat,Ulft
96,7064LM,Bontebrug,Silvolde
10,7051AT,Prins Bernhardstraat,Varsseveld
45,7051VA,de Vloglanden,Varsseveld
6,7084BK,Prinsenstraat,Breedenbroek
1,7078BC,Oranjeplein,Megchelen
9,7051DA,Boterstraat,Varsseveld
4,7065BW,Kasselderstraat,Sinderen
25,7081JB,Rozemarijn,Gendringen
7,7078AW,Julianaweg,Megchelen
4,7054BH,Halseweg,Westendorp
12,7051CZ,Kerkplein,Varsseveld
9,7084AS,Luimesweg,Breedenbroek
17,7051XD,Leeuwerikstraat,Varsseveld
1,7065AT,Flipsestraat,Sinderen
6,7071ZD,Ketelstraat,Ulft
9,7051DZ,Oude Doetinchemseweg,Varsseveld
13,7064EW,Prinses Christinastraat,Silvolde
33,7071SC,Ruvenkamp,Ulft
19,7051AH,Oranjestraat,Varsseveld
9,7061DB,De Tuit,Terborg
22,7078AR,Julianaweg,Megchelen
12,7071AK,Dr Ariënsstraat,Ulft
3,7054AT,Stompdijk,Westendorp
28,7055BB,Lichtenvoordseweg,Heelweg
2,7054CJ,Steuterweg,Westendorp
1,7071VB,Lekstraat,Ulft
9,7051HS,Markenweg,Varsseveld
9,7071VK,Reggestraat,Ulft
13,7071EC,de Hogenkamp,Ulft
2,7081CM,Anholtseweg,Gendringen
16,7064ED,Patrijsplein,Silvolde
14,7051HM,Sturriskolkweg,Varsseveld
29,7071ZA,Roggestraat,Ulft
22,7064DV,Houtduivenhof,Silvolde
29,7071TE,Orion,Ulft
1,7078BS,Geurweg,Megchelen
79,7081GD,Bloemersweide,Gendringen
143,7054BB,Doetinchemseweg,Westendorp
7,7071CX,Anton Tijdinklaan,Ulft
36,7084AE,Terborgseweg,Breedenbroek
25,7071TJ,Dierenriem,Ulft
67,7064AB,Terborgseweg,Silvolde
33,7064HA,Doctor Dreesstraat,Silvolde
24,7064BV,Industrieweg,Silvolde
27,7051HD,Sinderenseweg,Varsseveld
8,7071ZE,Iepenstraat,Ulft
9,7051VA,de Vloglanden,Varsseveld
11,7061XR,Meidoornstraat,Terborg
38,7071PK,Voorstsestraat,Ulft
20,7051GE,Giezenveld,Varsseveld
3,7051HC,Rademakersbroek,Varsseveld
9,7071DA,Oversluis,Ulft
16,7051GR,Veenweg,Varsseveld
4,7071AW,Frank Daamenstraat,Ulft
15,7071VT,Dommelstraat,Ulft
167,7071DX,Bongersstraat,Ulft
171,7071DX,Bongersstraat,Ulft
169,7071DX,Bongersstraat,Ulft
189,7071DX,Bongersstraat,Ulft
193,7071DX,Bongersstraat,Ulft
163,7071DX,Bongersstraat,Ulft
173,7071DX,Bongersstraat,Ulft
183,7071DX,Bongersstraat,Ulft
165,7071DX,Bongersstraat,Ulft
177,7071DX,Bongersstraat,Ulft
2,7071VC,Vechtstraat,Ulft
21,7055AS,Hiddinkdijk,Heelweg
5,7071WL,Heggenseveld,Ulft
145,7054BD,Doetinchemseweg,Westendorp
42,7054AM,Terborgseweg,Westendorp
44,7054AM,Terborgseweg,Westendorp
11,7071VC,Vechtstraat,Ulft
8,7071PW,de Bolanden,Ulft
25,7051SB,Houtdreef,Varsseveld
2,7081AE,Handelsweg,Gendringen
3,7051GC,Rusthuisweg,Varsseveld
9,7071AR,Kuyperstraat,Ulft
12,7075EL,Warmseweg,Etten
32,7064BD,Ulftseweg,Silvolde
29,7054BT,Halseweg,Westendorp
18,7075AK,St Lidwinastraat,Etten
29,7051VL,de Zicht,Varsseveld
26,7055AS,Hiddinkdijk,Heelweg
3,7061GK,Oude IJsselweg,Terborg
24,7055BX,Bosboombroekerweg,Heelweg
11,7051WK,Uilenhof,Varsseveld
3,7081HN,Dijkweg,Gendringen
25,7071WD,Praestingsweg,Ulft
18,7064KM,Toldijk,Silvolde
5,7071PW,de Bolanden,Ulft
11,7071CA,Veldstraat,Ulft
4,7065AW,Kerspas,Sinderen
6,7071PP,Oerseweg,Ulft
21,7064HC,Thorbeckestraat,Silvolde
8,7071XR,Heuvesstraat,Ulft
14,7051AX,de Egge,Varsseveld
38,7051CT,Burgemeester van der Zandestraat,Varsseveld
32,7051CT,Burgemeester van der Zandestraat,Varsseveld
44,7051CT,Burgemeester van der Zandestraat,Varsseveld
54,7051CT,Burgemeester van der Zandestraat,Varsseveld
26,7051CT,Burgemeester van der Zandestraat,Varsseveld
52,7051CT,Burgemeester van der Zandestraat,Varsseveld
50,7051CT,Burgemeester van der Zandestraat,Varsseveld
48,7051CT,Burgemeester van der Zandestraat,Varsseveld
42,7051CT,Burgemeester van der Zandestraat,Varsseveld
40,7051CT,Burgemeester van der Zandestraat,Varsseveld
34,7051CT,Burgemeester van der Zandestraat,Varsseveld
30,7051CT,Burgemeester van der Zandestraat,Varsseveld
12,7071CV,Lindenstraat,Ulft
23,7064BT,Industrieweg,Silvolde
25,7081AA,Ulftseweg,Gendringen
2,7081DX,Parallelweg,Gendringen
27,7064AW,Marktstraat,Silvolde
34,7051AX,de Egge,Varsseveld
4,7081DK,Lenteleven,Gendringen
12,7051ZJ,Korenbloemstraat,Varsseveld
27,7071VT,Dommelstraat,Ulft
11,7071VK,Reggestraat,Ulft
6,7081DJ,IJsselstraat,Gendringen
2,7076BM,Achter de Molen,Varsselder
79,7061AN,Industrieweg,Terborg
10,7065CA,Aaltenseweg,Sinderen
35,7051XS,Lijsterstraat,Varsseveld
31,7061DG,De Laegte,Terborg
21,7051WK,Uilenhof,Varsseveld
28,7064CT,Wezelhof,Silvolde
32,7075AE,Dorpsstraat,Etten
34,7061WV,Prins Johan-Frisohof,Terborg
8,7065AR,Harterinkdijk,Sinderen
21,7065CA,Aaltenseweg,Sinderen
6,7071BM,van Nispenstraat,Ulft
31,7051SB,Houtdreef,Varsseveld
10,7071AP,Wijkstraat,Ulft
28,7081DD,Achterkerspel,Gendringen
92,7054BH,Doetinchemseweg,Westendorp
8,7061ZA,Akkermansbeekweg,Terborg
6,7076AM,Leemlandseweg,Varsselder
8,7076AM,Leemlandseweg,Varsselder
66,7071AM,Dr Ariënsstraat,Ulft
11,7065CA,Aaltenseweg,Sinderen
4,7065AM,Heidedijk,Sinderen
28,7061DD,'t Veld,Terborg
27,7061GG,Varsseveldseweg,Terborg
9,7083AG,Grensweg,Voorst
3,7061EB,De Kwekerij,Terborg
9,7051WG,Kraaienhof,Varsseveld
1,7064KA,Munstermanstraat,Silvolde
44,7055AA,Zelhemseweg,Heelweg
22,7051WL,Eksterhof,Varsseveld
14,7071BM,van Nispenstraat,Ulft
2,7071VZ,Parkstraat,Ulft
35,7071ZR,Kanunnik de Vriesstraat,Ulft
67,7051XC,Valkenhof,Varsseveld
7,7051BG,Charlotte de Bourbonstraat,Varsseveld
13,7054BS,Halseweg,Westendorp
41,7064CA,Lichtenbergseweg,Silvolde
5,7061XM,Prins Clausstraat,Terborg
60,7051AZ,Prinses Irenestraat,Varsseveld
74,7065BM,Sinderenseweg,Sinderen
3,7071ZX,Schoolstraat,Ulft
5,7051ZL,Roggestraat,Varsseveld
19,7065CA,Aaltenseweg,Sinderen
39,7061XV,IJsselweg,Terborg
76,7061ZE,Vulcaanstraat,Terborg
8,7065BN,Seesinkvloetstraat,Sinderen
21,7071VC,Vechtstraat,Ulft
15,7051CG,Spoorstraat,Varsseveld
26,7084CG,het Rabelink,Breedenbroek
21,7077AN,Emmerikseweg,Netterden
44,7064GH,Prins Bernhardstraat,Silvolde
18,7071WX,Diergaarde,Ulft
29,7081DH,IJsselstraat,Gendringen
21,7071TJ,Dierenriem,Ulft
9,7071XK,Debbeshoek,Ulft
3,7051BG,Charlotte de Bourbonstraat,Varsseveld
33,7054AX,Veldkamperstraat,Westendorp
5,7075AC,Dorpsstraat,Etten
16,7051SC,Houtdreef,Varsseveld
2,7076AP,Pastoor Reulinkstraat,Varsselder
27,7076BM,Achter de Molen,Varsselder
77,7081CD,Grotestraat,Gendringen
75,7081CD,Grotestraat,Gendringen
16,7078AG,Jonkerstraat,Megchelen
6,7055BE,Twente-Route,Heelweg
9,7051ZX,Hiddinkdijk,Varsseveld
4,7081AC,Langenhorstweg,Gendringen
33,7064GW,Doctor Schaepmanstraat,Silvolde
7,7054CC,Stubbelderweg,Westendorp
33,7076AG,Hoofdstraat,Varsselder
53,7071LB,Bongerd,Ulft
5,7075AH,Strik,Etten
23,7081CP,Zwanenburgseweg,Gendringen
6,7071XV,Wethouder van Akenstraat,Ulft
5,7076BK,Weverstraat,Varsselder
4,7078BM,Heisestraat,Megchelen
2,7081HP,Dijkweg,Gendringen
14,7077AK,Acacialaan,Netterden
3,7071AP,Wijkstraat,Ulft
1,7083AJ,Marmelhorstweg,Voorst
66,7051AK,Oranjestraat,Varsseveld
13,7051ZP,Zelhemsevoetpad,Varsseveld
69,7051CN,Aaltenseweg,Varsseveld
8,7051HC,Rademakersbroek,Varsseveld
25,7075ED,Zeddamseweg,Etten
15,7051DE,van Pallandtstraat,Varsseveld
17,7051CB,Graaf van Lohnstraat,Varsseveld
9,7075EL,Warmseweg,Etten
40,7081HR,Wiekenseweg,Gendringen
52,7071CP,Bongersstraat,Ulft
77,7081GD,Bloemersweide,Gendringen
15,7071PP,Oerseweg,Ulft
8,7075AZ,Margrietstraat,Etten
48,7084AE,Terborgseweg,Breedenbroek
12,7071PJ,Voorstsestraat,Ulft
13,7075BB,Molenstraat,Etten
19,7076AG,Hoofdstraat,Varsselder
20,7071AL,Dr Ariënsstraat,Ulft
45,7071VM,Dinkelstraat,Ulft
28,7081AS,Multatulihof,Gendringen
6,7081AD,Industrieweg,Gendringen
31,7081GP,Ranonkel,Gendringen
4,7051HP,Gesinkkampstraat,Varsseveld
44,7071SB,Botterkoel,Ulft
24,7071CC,Veldstraat,Ulft
21,7051CS,Burgemeester van der Zandestraat,Varsseveld
40,7084CG,het Rabelink,Breedenbroek
72,7064AT,De Breide,Silvolde
14,7071PV,Riezenweg,Ulft
6,7051ZC,Zelhemseweg,Varsseveld
3,7071CT,Zandberg,Ulft
59,7071AJ,Dr Ariënsstraat,Ulft
5,7061CG,Hoofdstraat,Terborg
5,7071PH,Voorstsestraat,Ulft
4,7071PA,Over de IJssel,Ulft
6,7051CV,Hovenstraat,Varsseveld
18,7051BN,Dominee Thomsonstraat,Varsseveld
28,7065AN,Kapelweg,Sinderen
44,7071BD,Ir Sassenstraat,Ulft
22,7061BM,Neering Bögelstraat,Terborg
4,7055AC,Generaalsweg,Heelweg
13,7064KG,Rabelingstraat,Silvolde
44,7071VC,Vechtstraat,Ulft
47,7064HN,Berkenlaan,Silvolde
16,7054AV,Boesvelderdijk,Westendorp
3,7081HC,Eikelenboomseweg,Gendringen
2,7071XD,Schuttersweg,Ulft
27,7061XM,Prins Clausstraat,Terborg
43,7071AJ,Dr Ariënsstraat,Ulft
7,7055AJ,Hoge Weg,Heelweg
31,7064GD,Prins Bernhardstraat,Silvolde
92,7051GX,Aaltenseweg,Varsseveld
1,7051CC,Pastoriehof,Varsseveld
8,7051CV,Hovenstraat,Varsseveld
112,7081EN,Touwslagersbaan,Gendringen
23,7071PS,Buizerdweg,Ulft
3,7071WV,Diergaarde,Ulft
27,7081DH,IJsselstraat,Gendringen
66,7071VC,Vechtstraat,Ulft
10,7071XR,Heuvesstraat,Ulft
56,7081GG,Bloemersweide,Gendringen
21,7071PE,Bergstraat,Ulft
52,7071JL,Kwartellaan,Ulft
9,7075EA,Zeddamseweg,Etten
17,7064CN,Vossenstraat,Silvolde
29,7064CA,Lichtenbergseweg,Silvolde
2,7061CX,Laan van Wisch,Terborg
40,7071CZ,Ph P Cappettilaan,Ulft
34,7071ZZ,Schoolstraat,Ulft
27,7081HR,Wiekenseweg,Gendringen
1,7061XM,Prins Clausstraat,Terborg
20,7051WS,Reigershof,Varsseveld
33,7081CK,Anholtseweg,Gendringen
2,7064CK,Konijnenhof,Silvolde
11,7054BG,Stompdijk,Westendorp
10,7051AP,Mauritsstraat,Varsseveld
4,7064AJ,Laan van Schuylenburch,Silvolde
16,7051CZ,Kerkplein,Varsseveld
26,7054AV,Boesvelderdijk,Westendorp
7,7081EG,Akenloodsweg,Gendringen
5,7071ZC,Ketelstraat,Ulft
68,7081GZ,Valeriaan,Gendringen
41,7078BD,Vlasakker,Megchelen
15,7051XD,Leeuwerikstraat,Varsseveld
72,7064CW,Wezelhof,Silvolde
2,7061BH,Elsensohnstraat,Terborg
35,7064GD,Prins Bernhardstraat,Silvolde
42,7081HR,Wiekenseweg,Gendringen
35,7055AH,Molenweg,Heelweg
21,7075AC,Dorpsstraat,Etten
3,7084AZ,Aaltenseweg,Breedenbroek
29,7064GL,Melkweg,Silvolde
33,7051CL,Aaltenseweg,Varsseveld
10,7051CP,Zaagmolenpad,Varsseveld
14,7061BM,Neering Bögelstraat,Terborg
4,7071PT,Vogelenzangweg,Ulft
12,7075DV,Rafelderseweg,Etten
10,7051BN,Dominee Thomsonstraat,Varsseveld
15,7054AX,Veldkamperstraat,Westendorp
13,7078AA,Zwanenburgseweg,Megchelen
30,7061DD,'t Veld,Terborg
14,7054AC,Smoddedijk,Westendorp
16,7055AH,Kattenbrink,Heelweg
30,7061XN,Prins Clausstraat,Terborg
36,7051XB,Valkenhof,Varsseveld
22,7064HB,Doctor Dreesstraat,Silvolde
7,7078BW,Sneltingshof,Megchelen
12,7071VR,Maasstraat,Ulft
21,7061AK,IJsselstraat,Terborg
3,7065BW,Kasselderstraat,Sinderen
2,7064KN,Geurinkstraat,Silvolde
19,7077AX,de Bryde,Netterden
2,7081JA,Koriander,Gendringen
21,7081CJ,Anholtseweg,Gendringen
5,7071BL,van Nispenstraat,Ulft
30,7064LA,Dinxperloseweg,Silvolde
3,7055AR,Kattenbrink,Heelweg
2,7054CM,Perebolterweg,Westendorp
12,7051VD,het Zeel,Varsseveld
40,7061AS,Industrieweg,Terborg
7,7071TD,Boogschutter,Ulft
17,7055AW,Molenweg,Heelweg
5,7071VC,Vechtstraat,Ulft
32,7071WN,Heggenseveld,Ulft
12,7064CK,Konijnenhof,Silvolde
7,7051ZM,Essenkampstraat,Varsseveld
5,7051BL,Nassaustraat,Varsseveld
36,7071ZL,Dr Schaepmanstraat,Ulft
49,7071VZ,Parkstraat,Ulft
5,7071PP,Oerseweg,Ulft
17,7077AX,de Bryde,Netterden
8,7051VD,het Zeel,Varsseveld
16,7051ZN,Essenkampstraat,Varsseveld
6,7064AJ,Laan van Schuylenburch,Silvolde
6,7051AC,Doetinchemseweg,Varsseveld
48,7061ZR,Borgsche Rieten,Terborg
81,7064BB,Ulftseweg,Silvolde
97,7065BH,Sinderenseweg,Sinderen
2,7078AB,Koksallee,Megchelen
1,7075BD,Beethovenlaan,Etten
5,7084AL,Brokkenstraat,Breedenbroek
3,7075BJ,Vivaldilaan,Etten
7,7081CJ,Anholtseweg,Gendringen
11,7071EC,de Hogenkamp,Ulft
4,7054CD,Plattenstraat,Westendorp
17,7081DR,Beukenstraat,Gendringen
4,7065BV,Molenveld,Sinderen
53,7064AB,Terborgseweg,Silvolde
4,7061XZ,Staringstraat,Terborg
18,7051AS,Koningin Wilhelminalaan,Varsseveld
66,7051CK,Spoorstraat,Varsseveld
6,7064KN,Geurinkstraat,Silvolde
6,7051DK,Dames Jolinkweg,Varsseveld
5,7051VA,de Vloglanden,Varsseveld
2,7081CW,Oranjesingel,Gendringen
14,7061AR,Industrieweg,Terborg
63,7064CB,Lichtenbergseweg,Silvolde
17,7051HT,Guldenweg,Varsseveld
68,7064KS,Oude Dinxperloseweg,Silvolde
106,7064BG,Ulftseweg,Silvolde
3,7061DJ,Bergweg,Terborg
3,7071TN,Jupiter,Ulft
9,7075AC,Dorpsstraat,Etten
20,7071AD,Ettenseweg,Ulft
68,7051WT,Sperwerhof,Varsseveld
48,7075BE,Beethovenlaan,Etten
16,7061BB,Nijverheidstraat,Terborg
2,7051ZH,Klaproosstraat,Varsseveld
14,7071VW,Tuinstraat,Ulft
4,7054BW,Lankerdijk,Westendorp
60,7075BE,Beethovenlaan,Etten
20,7071KB,Hofstraat,Ulft
20,7075AK,St Lidwinastraat,Etten
16,7081DD,Achterkerspel,Gendringen
101,7061ZP,Borgsche Rieten,Terborg
17,7051HR,Gesinkkampstraat,Varsseveld
21,7071HE,Fazantstraat,Ulft
44,7071BJ,F B Deurvorststraat,Ulft
33,7071VK,Reggestraat,Ulft
23,7071SB,Botterkoel,Ulft
16,7061AR,Industrieweg,Terborg
36,7051AZ,Prinses Irenestraat,Varsseveld
12,7065AT,Kroezendijk,Sinderen
29,7061ZS,van Homoetstraat,Terborg
27,7064EE,Fazantplein,Silvolde
15,7081AA,Ulftseweg,Gendringen
9,7065BC,Harmenskampstraat,Sinderen
17,7061CT,Stationsweg,Terborg
19,7051ZT,Eikenlaan,Varsseveld
8,7051GH,Vlakkeeweg,Varsseveld
10,7051GH,Vlakkeeweg,Varsseveld
6,7051WJ,Uilenhof,Varsseveld
15,7061DG,De Laegte,Terborg
65,7065BE,Sinderenseweg,Sinderen
13,7054BE,Boesvelderdijk,Westendorp
23,7071KA,Hofstraat,Ulft
3,7071DD,Stokhorsterweg,Ulft
47,7081EJ,Touwslagersbaan,Gendringen
1,7084CE,het Rabelink,Breedenbroek
17,7064BZ,Kloosterhof,Silvolde
2,7071ED,de Stenenmaat,Ulft
23,7064BA,Ulftseweg,Silvolde
9,7055AR,Kattenbrink,Heelweg
8,7083AC,Engbergseweg,Voorst
31,7071VK,Reggestraat,Ulft
22,7051VM,de Zicht,Varsseveld
39,7055AH,Molenweg,Heelweg
52,7064BE,Ulftseweg,Silvolde
19,7071BA,Ir Sassenstraat,Ulft
1,7051HJ,Harterinkdijk,Varsseveld
1,7051AK,de Egge,Varsseveld
23,7061XT,IJsselweg,Terborg
34,7051AZ,Prinses Irenestraat,Varsseveld
43,7081AH,IJsselweg,Gendringen
16,7075BE,Beethovenlaan,Etten
10,7071PJ,Voorstsestraat,Ulft
8,7077AX,de Bryde,Netterden
20,7055AN,Hiddinkdijk,Heelweg
5,7071PL,Hogeveld,Ulft
7,7071PL,Hogeveld,Ulft
22,7064GG,Prins Bernhardstraat,Silvolde
22,7071AD,Ettenseweg,Ulft
41,7081AN,Huygensstraat,Gendringen
43,7081AN,Huygensstraat,Gendringen
13,7077AN,Emmerikseweg,Netterden
10,7051WB,Havikenhof,Varsseveld
2,7084BP,Hoonhorstweg,Breedenbroek
11,7064GM,Schoolstraat,Silvolde
5,7071CJ,Ambachtstraat,Ulft
10,7065AS,Vriezelaar,Sinderen
1,7065BS,Keurhorsterweg,Sinderen
16,7084AS,Luimesweg,Breedenbroek
33,7071BL,van Nispenstraat,Ulft
21,7071VM,Dinkelstraat,Ulft
31,7071VM,Dinkelstraat,Ulft
33,7071VM,Dinkelstraat,Ulft
29,7051SB,Houtdreef,Varsseveld
8,7081EE,Prins Hendriklaan,Gendringen
2,7051HP,Gesinkkampstraat,Varsseveld
3,7078AM,Beuningstraat,Megchelen
21,7055BG,Landstraat,Heelweg
43,7071BG,F B Deurvorststraat,Ulft
1,7071SC,Ruvenkamp,Ulft
60,7061AC,Ettensestraat,Terborg
40,7081AS,Multatulihof,Gendringen
219,7054BG,Doetinchemseweg,Westendorp
104,7071TS,Grote Beer,Ulft
79,7064AN,Terborgseveld,Silvolde
3,7078AB,Koksallee,Megchelen
22,7075AK,St Lidwinastraat,Etten
18,7084CB,Krommenhorst,Breedenbroek
10,7051DK,Dames Jolinkweg,Varsseveld
25,7061GH,Varsseveldseweg,Terborg
18,7071PJ,Voorstsestraat,Ulft
6,7078BW,Sneltingshof,Megchelen
10,7071ED,de Stenenmaat,Ulft
32,7051ZD,Zelhemseweg,Varsseveld
45,7064DB,Eekhoornhof,Silvolde
7,7071CS,Ph P Cappettilaan,Ulft
31,7075BD,Beethovenlaan,Etten
32,7055AH,Molenweg,Heelweg
3,7054BM,Zaaltjesdijk,Westendorp
20,7061DD,'t Veld,Terborg
18,7071ZV,Kanunnik de Vriesstraat,Ulft
15,7071ED,de Stenenmaat,Ulft
41,7071PC,'t Goor,Ulft
6,7061AG,Tuinstraat,Terborg
28,7075BG,Mozartlaan,Etten
100,7081EN,Touwslagersbaan,Gendringen
10,7071XV,Wethouder van Akenstraat,Ulft
50,7075BG,Mozartlaan,Etten
32,7078BL,Millingseweg,Megchelen
20,7077AK,Acacialaan,Netterden
3,7081BD,Dominee van Dorpstraat,Gendringen
9,7051CS,Burgemeester van der Zandestraat,Varsseveld
18,7078AC,Nieuweweg,Megchelen
7,7071CH,Nijverheidsweg,Ulft
63,7081CC,Grotestraat,Gendringen
40,7071PK,Voorstsestraat,Ulft
54,7084AE,Terborgseweg,Breedenbroek
17,7083AM,Grensweg,Voorst
9,7051AE,Prinses Marijkestraat,Varsseveld
25,7051GD,Laege Es,Varsseveld
22,7071XV,Wethouder van Akenstraat,Ulft
118,7081EN,Touwslagersbaan,Gendringen
12,7071VL,Reggestraat,Ulft
4,7075AZ,Margrietstraat,Etten
25,7081DH,IJsselstraat,Gendringen
3,7078AN,Uilenweg,Megchelen
27,7075AC,Dorpsstraat,Etten
31,7076AG,Hoofdstraat,Varsselder
2,7083AR,Breedenbroekseweg,Voorst
39,7061CR,Doetinchemseweg,Terborg
65,7071XE,Schuttersweg,Ulft
35,7071BL,van Nispenstraat,Ulft
65,7084AB,Terborgseweg,Breedenbroek
45,7084BL,den Dam,Breedenbroek
72,7051CK,Spoorstraat,Varsseveld
35,7078AR,Julianaweg,Megchelen
1,7061BE,Handelstraat,Terborg
38,7064GT,Monseigneur Nolensstraat,Silvolde
12,7064GT,Monseigneur Nolensstraat,Silvolde
44,7064GT,Monseigneur Nolensstraat,Silvolde
22,7064GT,Monseigneur Nolensstraat,Silvolde
46,7064GT,Monseigneur Nolensstraat,Silvolde
10,7064GT,Monseigneur Nolensstraat,Silvolde
10,7064DJ,Jagershof,Silvolde
11,7071WP,Ptr Hafkenscheidstraat,Ulft
41,7071VK,Reggestraat,Ulft
29,7071VK,Reggestraat,Ulft
21,7071VK,Reggestraat,Ulft
3,7071BT,J F Kennedyplein,Ulft
24,7081DE,Koningstraat,Gendringen
16,7071VL,Reggestraat,Ulft
14,7064GT,Monseigneur Nolensstraat,Silvolde
5,7071PA,Over de IJssel,Ulft
37,7071VK,Reggestraat,Ulft
2,7071PA,Over de IJssel,Ulft
30,7071VL,Reggestraat,Ulft
4,7081DE,Koningstraat,Gendringen
11,7071SC,Ruvenkamp,Ulft
17,7071SC,Ruvenkamp,Ulft
18,7064GT,Monseigneur Nolensstraat,Silvolde
21,7071SC,Ruvenkamp,Ulft
32,7071VL,Reggestraat,Ulft
6,7078AZ,Rekenkamer,Megchelen
2,7071WP,Ptr Hafkenscheidstraat,Ulft
51,7065BD,Sinderenseweg,Sinderen
11,7081AW,Brederostraat,Gendringen
70,7075BE,Beethovenlaan,Etten
45,7071PM,Pol,Ulft
1,7084AK,Tulenstraat,Breedenbroek
14,7081GZ,Valeriaan,Gendringen
23,7078AK,Nieuweweg,Megchelen
33,7078BE,Hollandseweg,Megchelen
36,7075AZ,Margrietstraat,Etten
63,7071PM,Pol,Ulft
2,7071BH,F B Deurvorststraat,Ulft
48,7081GZ,Valeriaan,Gendringen
60,7064KS,Oude Dinxperloseweg,Silvolde
18,7076AJ,Hoofdstraat,Varsselder
21,7051DG,Dames Jolinkweg,Varsseveld
66,7071HD,Merellaan,Ulft
3,7071AR,Kuyperstraat,Ulft
93,7061DM,Silvoldseweg,Terborg
24,7061BW,Wijnwaarden,Terborg
11,7065BZ,Rademakersbroek,Sinderen
7,7054BR,Kipsdijk,Westendorp
16,7071VW,Tuinstraat,Ulft
8,7076AB,Gendringseweg,Varsselder
23,7071WB,Sleegstraat,Ulft
26,7064GZ,Melkweg,Silvolde
37,7064DB,Eekhoornhof,Silvolde
2,7071ZE,Iepenstraat,Ulft
24,7071TA,Zuiderkruis,Ulft
58,7081AX,Bringenborg,Gendringen
32,7071CS,Ph P Cappettilaan,Ulft
31,7061ZS,van Homoetstraat,Terborg
7,7051WG,Kraaienhof,Varsseveld
6,7051SC,Houtdreef,Varsseveld
19,7051DS,Gasthuisweg,Varsseveld
71,7081AN,Huygensstraat,Gendringen
64,7081GG,Bloemersweide,Gendringen
18,7081DD,Achterkerspel,Gendringen
7,7065BS,Keurhorsterweg,Sinderen
14,7071WE,Praestingsweg,Ulft
26,7064EX,Prinses Christinastraat,Silvolde
19,7061AA,Ettensestraat,Terborg
23,7064CA,Lichtenbergseweg,Silvolde
14,7081CT,Prins Bernhardstraat,Gendringen
10,7064AP,Terborgseveld,Silvolde
3,7064GJ,Molenweg,Silvolde
7,7076AP,Pastoor Reulinkstraat,Varsselder
19,7051AX,Prinses Irenestraat,Varsseveld
23,7051BB,Prins Hendriklaan,Varsseveld
7,7071VV,Geulstraat,Ulft
1,7064GM,Schoolstraat,Silvolde
13,7064GV,Doctor Schaepmanstraat,Silvolde
7,7064EZ,Prinses Margrietstraat,Silvolde
4,7081AD,Industrieweg,Gendringen
3,7065AT,Kroezendijk,Sinderen
6,7055AX,Molenweg,Heelweg
11,7075DG,Klompendijk,Etten
24,7075AN,Emmastraat,Etten
10,7071DE,Dinxperloseweg,Ulft
6,7071DE,Dinxperloseweg,Ulft
62,7051GV,Aaltenseweg,Varsseveld
32,7054AJ,Terborgseweg,Westendorp
18,7075BG,Mozartlaan,Etten
35,7081ED,Prins Hendriklaan,Gendringen
65,7071AJ,Dr Ariënsstraat,Ulft
16,7071WE,Praestingsweg,Ulft
4,7065AE,Nibbelinklaan,Sinderen
40,7051HG,Sinderenseweg,Varsseveld
24,7071VC,Vechtstraat,Ulft
1,7064LG,Lange Dijk,Silvolde
26,7071AD,Ettenseweg,Ulft
5,7075BJ,Vivaldilaan,Etten
8,7065AT,Kroezendijk,Sinderen
20,7081DD,Achterkerspel,Gendringen
2,7081GJ,Gentiaan,Gendringen
46,7051SC,Houtdreef,Varsseveld
6,7075EK,Oude IJsselweg,Etten
16,7061WR,Prins Mauritshof,Terborg
23,7071HE,Fazantstraat,Ulft
67,7071XE,Schuttersweg,Ulft
100,7064HT,Berkenlaan,Silvolde
11,7075AX,Margrietstraat,Etten
51,7051XJ,Spreeuwenhof,Varsseveld
4,7061AG,Tuinstraat,Terborg
2,7064DK,Hertenlaan,Silvolde
1,7071PZ,Hinkenheuvel,Ulft
14,7081DB,Te Poelshof,Gendringen
9,7081DB,Te Poelshof,Gendringen
13,7081DB,Te Poelshof,Gendringen
12,7081DB,Te Poelshof,Gendringen
11,7081DB,Te Poelshof,Gendringen
1,7081DB,Te Poelshof,Gendringen
2,7081DB,Te Poelshof,Gendringen
7,7081DB,Te Poelshof,Gendringen
3,7081DB,Te Poelshof,Gendringen
4,7081DB,Te Poelshof,Gendringen
5,7081DB,Te Poelshof,Gendringen
5,7081EG,Akenloodsweg,Gendringen
5,7081CT,Prins Bernhardstraat,Gendringen
11,7071SE,Riezegraaf,Ulft
40,7078BG,Hollandseweg,Megchelen
2,7055AC,Generaalsweg,Heelweg
19,7078BE,Hollandseweg,Megchelen
12,7078AR,Julianaweg,Megchelen
10,7084AH,Bakkerskampstraat,Breedenbroek
39,7051SB,Houtdreef,Varsseveld
19,7061AL,Industrieweg,Terborg
14,7051AT,Prins Bernhardstraat,Varsseveld
9,7051AL,Koningin Julianalaan,Varsseveld
7,7075EL,Warmseweg,Etten
13,7081DS,Veldweg,Gendringen
13,7071VM,Dinkelstraat,Ulft
46,7064AG,Terborgseweg,Silvolde
3,7075DE,Klompendijk,Etten
6,7071PT,Vogelenzangweg,Ulft
52,7051CM,Aaltenseweg,Varsseveld
24,7081AS,Multatulihof,Gendringen
3,7077AL,Neerveldseweg,Netterden
1,7051ZE,Klaproosstraat,Varsseveld
1,7064BM,Roomberg,Silvolde
34,7078BD,Vlasakker,Megchelen
83,7071AC,Ettenseweg,Ulft
15,7071LB,Bongerd,Ulft
4,7071PR,Riezenweg,Ulft
1,7078AP,Zwanenburgseweg,Megchelen
18,7071SB,Botterkoel,Ulft
7,7071TN,Jupiter,Ulft
35,7051SB,Houtdreef,Varsseveld
41,7084AC,Terborgseweg,Breedenbroek
