1,7055AZ,Molenweg,Heelweg
103,7064ER,Boterweg,Silvolde
21,7064EE,Fazantplein,Silvolde
21,7055BP,Veenweg,Heelweg
10,7065AV,Klein Saleminkdijk,Sinderen
36,7061GG,Varsseveldseweg,Terborg
7,7064EE,Fazantplein,Silvolde
58,7051AZ,Prinses Irenestraat,Varsseveld
4,7051AE,Prinses Marijkestraat,Varsseveld
4,7051WJ,Uilenhof,Varsseveld
13,7065AL,Toldijk,Sinderen
2,7081CR,Julianastraat,Gendringen
44,7081GG,Bloemersweide,Gendringen
14,7071CS,Ph P Cappettilaan,Ulft
40,7071VC,Vechtstraat,Ulft
22,7084CG,het Rabelink,Breedenbroek
11,7075EA,Zeddamseweg,Etten
8,7071WK,Steenakker,Ulft
6,7071WK,Steenakker,Ulft
6,7071BH,F B Deurvorststraat,Ulft
3,7081AS,Guido Gezellestraat,Gendringen
45,7078BD,Vlasakker,Megchelen
25,7071PT,Vogelenzangweg,Ulft
32,7078BD,Vlasakker,Megchelen
11,7081HE,Walseweg,Gendringen
24,7061CW,Looiersweg,Terborg
1,7061DG,De Laegte,Terborg
14,7071XA,Tamboerpad,Ulft
39,7051CB,Graaf van Lohnstraat,Varsseveld
40,7071BM,van Nispenstraat,Ulft
12,7075BE,Beethovenlaan,Etten
20,7071SG,Riezegraaf,Ulft
51,7071VV,Geulstraat,Ulft
49,7078BD,Vlasakker,Megchelen
54,7064CV,Wezelhof,Silvolde
125,7071TW,Grote Beer,Ulft
86,7051GX,Aaltenseweg,Varsseveld
5,7051HZ,Het Heusinkveld,Varsseveld
7,7051HZ,Het Heusinkveld,Varsseveld
4,7071VA,Slingestraat,Ulft
9,7071WH,Ankerstraat,Ulft
16,7061AB,Ettensestraat,Terborg
8,7075DW,Holserweg,Etten
12,7078BA,Walterstede,Megchelen
28,7064DC,Eekhoornhof,Silvolde
7,7071KK,Vendeliers,Ulft
14,7064CS,Dassenhof,Silvolde
2,7061AG,Tuinstraat,Terborg
35,7071PT,Vogelenzangweg,Ulft
103,7071XE,Schuttersweg,Ulft
51,7071PC,'t Goor,Ulft
4,7071VZ,Parkstraat,Ulft
37,7061DL,Silvoldseweg,Terborg
22,7071TD,Boogschutter,Ulft
4,7071AR,Kuyperstraat,Ulft
31,7081AW,Brederostraat,Gendringen
104,7064HT,Berkenlaan,Silvolde
58,7051GV,Aaltenseweg,Varsseveld
17,7064HK,Berkenlaan,Silvolde
1,7051GT,Entinkweg,Varsseveld
31,7081AH,IJsselweg,Gendringen
33,7081AH,IJsselweg,Gendringen
20,7075AZ,Margrietstraat,Etten
1,7071WS,Dr van Hengelstraat,Ulft
7,7051GM,Spanjerweg,Varsseveld
53,7075BD,Beethovenlaan,Etten
34,7061ZZ,van Wischstraat,Terborg
3,7064EH,Zuivelweg,Silvolde
102,7061CM,Hoofdstraat,Terborg
31,7064AW,Marktstraat,Silvolde
21,7076AN,Pastoor Balkstraat,Varsselder
15,7081DA,Ganzenmarkt,Gendringen
20,7071VT,Dommelstraat,Ulft
102,7064ET,Boterweg,Silvolde
17,7075EL,Warmseweg,Etten
63,7081DN,Oosterstraat,Gendringen
8,7061BD,Kramersweide,Terborg
8,7064KL,Kapelweg,Silvolde
91,7051XC,Valkenhof,Varsseveld
93,7051XC,Valkenhof,Varsseveld
9,7051DW,Breukelaarweg,Varsseveld
10,7064EJ,Zuivelweg,Silvolde
79,7064DG,Jagershof,Silvolde
28,7071VB,Lekstraat,Ulft
30,7071VB,Lekstraat,Ulft
10,7084AN,Terborgseweg,Breedenbroek
41,7071GB,Hogeweg,Ulft
28,7081JC,Rozemarijn,Gendringen
20,7081JC,Rozemarijn,Gendringen
24,7081JC,Rozemarijn,Gendringen
10,7081JC,Rozemarijn,Gendringen
8,7081JC,Rozemarijn,Gendringen
4,7071DC,Badweg,Ulft
22,7071ZZ,Schoolstraat,Ulft
1,7071ZE,Iepenstraat,Ulft
93,7071XE,Schuttersweg,Ulft
13,7071GA,Hogeweg,Ulft
4,7076BM,Achter de Molen,Varsselder
20,7081JA,Koriander,Gendringen
8,7061BR,Steengrachtstraat,Terborg
101,7071TW,Grote Beer,Ulft
103,7071TW,Grote Beer,Ulft
2,7071KH,Leeuwerik,Ulft
39,7071AV,Frank Daamenstraat,Ulft
13,7075BD,Beethovenlaan,Etten
31,7064DA,Eekhoornhof,Silvolde
28,7071BM,van Nispenstraat,Ulft
30,7071BM,van Nispenstraat,Ulft
22,7071BM,van Nispenstraat,Ulft
26,7071BM,van Nispenstraat,Ulft
24,7071BM,van Nispenstraat,Ulft
19,7071KK,Vendeliers,Ulft
2,7077AG,Woldenburgseweg,Netterden
6,7065AR,Harterinkdijk,Sinderen
6,7054CL,Houtkampstraat,Westendorp
74,7051AK,Oranjestraat,Varsseveld
65,7051DJ,Dames Jolinkweg,Varsseveld
48,7051AZ,Prinses Irenestraat,Varsseveld
19,7071KA,Hofstraat,Ulft
47,7061WX,Prins Pieter Christiaanstraat,Terborg
22,7071VB,Lekstraat,Ulft
3,7061GA,Varsseveldseweg,Terborg
7,7071PC,'t Goor,Ulft
4,7081JC,Rozemarijn,Gendringen
1,7061DV,Boeckhorststraat,Terborg
15,7061ZT,van Wischstraat,Terborg
17,7054CP,Neijlandstraat,Westendorp
17,7071BA,Ir Sassenstraat,Ulft
29,7081JB,Rozemarijn,Gendringen
2,7051WE,Kraaienhof,Varsseveld
27,7081JB,Rozemarijn,Gendringen
8,7065BC,Swanenkamp,Sinderen
57,7064LA,Dinxperloseweg,Silvolde
50,7084CB,Krommenhorst,Breedenbroek
5,7071CA,Veldstraat,Ulft
83,7065BG,Sinderenseweg,Sinderen
1,7051AG,Oranjestraat,Varsseveld
81,7064CC,Lichtenbergseweg,Silvolde
50,7051CK,Spoorstraat,Varsseveld
6,7071HR,Lijsterstraat,Ulft
16,7081GR,Ranonkel,Gendringen
10,7064AD,Terborgseweg,Silvolde
29,7064DA,Eekhoornhof,Silvolde
9,7055AJ,Hoge Weg,Heelweg
12,7064KB,Egginkstraat,Silvolde
21,7064BT,Industrieweg,Silvolde
24,7071WK,Steenakker,Ulft
29,7076AG,Hoofdstraat,Varsselder
8,7081DL,Haverkamp,Gendringen
24,7064HB,Doctor Dreesstraat,Silvolde
34,7075AN,Emmastraat,Etten
49,7064GL,Melkweg,Silvolde
10,7051ZZ,Hiddinkdijk,Varsseveld
134,7064HT,Berkenlaan,Silvolde
8,7054BZ,Westelijke Noorderbroekweg,Westendorp
1,7071AN,Melkvonder,Ulft
3,7051HS,Markenweg,Varsseveld
24,7051GE,Giezenveld,Varsseveld
2,7078AH,de Lemp,Megchelen
19,7077AK,Acacialaan,Netterden
25,7071WL,Heggenseveld,Ulft
17,7051WG,Kraaienhof,Varsseveld
27,7064CN,Vossenstraat,Silvolde
20,7076AT,Hesterweg,Varsselder
49,7071LB,Bongerd,Ulft
36,7081JC,Rozemarijn,Gendringen
7,7051GE,Giezenveld,Varsseveld
33,7071PC,'t Goor,Ulft
31,7071PC,'t Goor,Ulft
16,7054CN,Neijlandstraat,Westendorp
8,7065BW,Kasselderstraat,Sinderen
15,7077AX,de Bryde,Netterden
21,7064HG,Doctor Kuyperstraat,Silvolde
2,7064KR,Bult,Silvolde
7,7071VK,Reggestraat,Ulft
25,7071VM,Dinkelstraat,Ulft
4,7071ZB,Roggestraat,Ulft
33,7061CR,Doetinchemseweg,Terborg
1,7064GJ,Molenweg,Silvolde
16,7051WE,Kraaienhof,Varsseveld
9,7071PE,Bergstraat,Ulft
2,7054CA,Keizersdijk,Westendorp
18,7051BG,Charlotte de Bourbonstraat,Varsseveld
4,7081BW,Pavordskamp,Gendringen
58,7071VC,Vechtstraat,Ulft
16,7071BJ,F B Deurvorststraat,Ulft
11,7075BD,Beethovenlaan,Etten
51,7081BW,Pavordskamp,Gendringen
25,7071PM,Pol,Ulft
65,7071KL,Vendeliers,Ulft
7,7081HL,Azewijnsestraat,Gendringen
3,7051WP,Eksterhof,Varsseveld
29,7061DL,Silvoldseweg,Terborg
6,7051BD,Anna van Saksenstraat,Varsseveld
45,7064EP,Boterweg,Silvolde
29,7064BR,Heuvelstraat,Silvolde
25,7061CA,Walstraat,Terborg
110,7071PN,Pol,Ulft
81,7081CD,Grotestraat,Gendringen
55,7064GL,Melkweg,Silvolde
5,7081AR,Multatulihof,Gendringen
31,7081JB,Rozemarijn,Gendringen
87,7071XE,Schuttersweg,Ulft
20,7081AS,Multatulihof,Gendringen
14,7064AS,Herman van Velzenstraat,Silvolde
25,7061BS,Bosboomstraat,Terborg
30,7075DN,Oude IJsselweg,Etten
42,7076AJ,Hoofdstraat,Varsselder
23,7084AD,Terborgseweg,Breedenbroek
9,7051JA,Leemscherweg,Varsseveld
27,7064GL,Melkweg,Silvolde
30,7061ZR,Borgsche Rieten,Terborg
13,7071AA,Ettenseweg,Ulft
5,7065AH,Idinkweg,Sinderen
182,7064LP,Bontebrug,Silvolde
9,7064HX,De Holtplaats,Silvolde
26,7064EN,Kwartelstraat,Silvolde
27,7081GC,Bloemersweide,Gendringen
24,7061WV,Prins Johan-Frisohof,Terborg
43,7071GK,Eksterstraat,Ulft
21,7061BN,van Nagellstraat,Terborg
11,7071CH,Nijverheidsweg,Ulft
52,7071VR,Maasstraat,Ulft
93,7071AC,Ettenseweg,Ulft
10,7061BD,Kramersweide,Terborg
15,7061XT,IJsselweg,Terborg
11,7071XK,Debbeshoek,Ulft
7,7075AS,Loo,Etten
41,7071XE,Schuttersweg,Ulft
40,7071WT,Middelgraaf,Ulft
9,7081EB,Tulpstraat,Gendringen
4,7061BE,Handelstraat,Terborg
10,7071VR,Maasstraat,Ulft
1,7061CE,Hamelstraat,Terborg
9,7071VM,Dinkelstraat,Ulft
6,7071GV,Meeuwenstraat,Ulft
1,7084AT,den Dam,Breedenbroek
36,7071VB,Lekstraat,Ulft
38,7071VC,Vechtstraat,Ulft
34,7064DZ,Snippenhof,Silvolde
74,7064LM,Bontebrug,Silvolde
13,7071ZR,Kanunnik de Vriesstraat,Ulft
7,7078AK,Nieuweweg,Megchelen
25,7051CL,Aaltenseweg,Varsseveld
10,7084AG,Bohnenweide,Breedenbroek
6,7081DT,Veldweg,Gendringen
10,7084AL,Brokkenstraat,Breedenbroek
44,7076AJ,Hoofdstraat,Varsselder
7,7081AR,Multatulihof,Gendringen
2,7076BC,Gendringseweg,Varsselder
77,7071AC,Ettenseweg,Ulft
21,7064AW,Marktstraat,Silvolde
29,7051ZT,Eikenlaan,Varsseveld
221,7054BG,Doetinchemseweg,Westendorp
39,7071VV,Geulstraat,Ulft
4,7081DT,Veldweg,Gendringen
18,7075EE,Zeddamseweg,Etten
2,7051DX,Breukelaarweg,Varsseveld
87,7051WZ,Sperwerhof,Varsseveld
2,7081GB,Lamerskamp,Gendringen
31,7084BL,den Dam,Breedenbroek
69,7081EJ,Touwslagersbaan,Gendringen
47,7071PC,'t Goor,Ulft
24,7077AX,de Bryde,Netterden
36,7081DL,Haverkamp,Gendringen
5,7078BJ,Oude Postweg,Megchelen
47,7084BL,den Dam,Breedenbroek
37,7051XD,Leeuwerikstraat,Varsseveld
1,7051XR,Zwaluwenhof,Varsseveld
45,7064AB,Terborgseweg,Silvolde
7,7061EA,Seesinkbeeklaan,Terborg
4,7071WC,Sleegstraat,Ulft
18,7084AS,Luimesweg,Breedenbroek
7,7064DD,Hermelijnhof,Silvolde
34,7055AK,Hoge Weg,Heelweg
3,7051VL,de Zicht,Varsseveld
3,7071VK,Reggestraat,Ulft
49,7061WG,Nassauhof,Terborg
26,7064HZ,De Holtplaats,Silvolde
3,7081AG,IJsselweg,Gendringen
14,7081BW,Pavordskamp,Gendringen
46,7081CH,Grotestraat,Gendringen
14,7071AG,Zeskamp,Ulft
36,7071AD,Ettenseweg,Ulft
15,7064AK,Laan van Schuylenburch,Silvolde
18,7061AB,Ettensestraat,Terborg
6,7064KA,Munstermanstraat,Silvolde
87,7064BC,Ulftseweg,Silvolde
35,7081DL,Haverkamp,Gendringen
47,7075ED,Zeddamseweg,Etten
20,7064DC,Eekhoornhof,Silvolde
67,7051DJ,Dames Jolinkweg,Varsseveld
86,7051DL,Dames Jolinkweg,Varsseveld
57,7061WG,Nassauhof,Terborg
20,7051VC,de Vloglanden,Varsseveld
17,7051XS,Lijsterstraat,Varsseveld
1,7054AC,Smoddedijk,Westendorp
51,7081CB,Grotestraat,Gendringen
1,7051DB,Schoolstraat,Varsseveld
1,7071XR,Heuvesstraat,Ulft
26,7076AC,Vicarisweg,Varsselder
5,7061ZA,Akkermansbeekweg,Terborg
23,7061AL,Industrieweg,Terborg
13,7071PC,'t Goor,Ulft
15,7064AZ,Markt,Silvolde
15,7051AE,Prinses Marijkestraat,Varsseveld
120,7064HT,Berkenlaan,Silvolde
9,7064HA,Doctor Dreesstraat,Silvolde
14,7071AK,Dr Ariënsstraat,Ulft
11,7078AH,de Lemp,Megchelen
8,7081DR,Beukenstraat,Gendringen
9,7054CH,Oostelijke Noorderbroekweg,Westendorp
7,7071SC,Ruvenkamp,Ulft
4,7064BK,Pastoor Bluemersplein,Silvolde
50,7061ZD,Vulcaanstraat,Terborg
14,7051VD,het Zeel,Varsseveld
28,7055AV,Molenweg,Heelweg
5,7051ZA,Zelhemseweg,Varsseveld
2,7051GK,Oostelijke Noorderbroekweg,Varsseveld
72,7071CP,Bongersstraat,Ulft
20,7061GA,Varsseveldseweg,Terborg
25,7051AB,Doetinchemseweg,Varsseveld
5,7051ZK,Haverstraat,Varsseveld
96,7051WS,Reigershof,Varsseveld
18,7064HZ,De Holtplaats,Silvolde
48,7075AE,Dorpsstraat,Etten
10,7081HN,Dijkweg,Gendringen
4,7051GE,Giezenveld,Varsseveld
51,7051WG,Kraaienhof,Varsseveld
8,7071PT,Vogelenzangweg,Ulft
4,7078AN,Uilenweg,Megchelen
4,7084BK,Prinsenstraat,Breedenbroek
150,7064LN,Bontebrug,Silvolde
1,7064GK,Molenberg,Silvolde
10,7054BC,Beerninkkampstraat,Westendorp
20,7081GM,Veenbes,Gendringen
23,7075EL,Warmseweg,Etten
17,7065BB,Kapelweg,Sinderen
6,7071PR,Riezenweg,Ulft
6,7078AH,de Lemp,Megchelen
13,7051CB,Graaf van Lohnstraat,Varsseveld
34,7051XM,Merelstraat,Varsseveld
5,7071TZ,Grote Beer,Ulft
18,7071TR,Mars,Ulft
4,7071EA,Klaverweide,Ulft
44,7071VV,Geulstraat,Ulft
3,7064KD,Heebinkweg,Silvolde
24,7051DK,Dames Jolinkweg,Varsseveld
49,7071VM,Dinkelstraat,Ulft
15,7081AR,Multatulihof,Gendringen
76,7051WS,Reigershof,Varsseveld
44,7071AL,Dr Ariënsstraat,Ulft
48,7071AL,Dr Ariënsstraat,Ulft
24,7075BC,Molenstraat,Etten
11,7078BD,Vlasakker,Megchelen
1,7071CK,Industrieweg,Ulft
7,7065BN,Swanenkamp,Sinderen
18,7064LA,Dinxperloseweg,Silvolde
13,7051AE,Prinses Marijkestraat,Varsseveld
21,7081JB,Rozemarijn,Gendringen
13,7081JB,Rozemarijn,Gendringen
17,7081JB,Rozemarijn,Gendringen
15,7081JB,Rozemarijn,Gendringen
28,7075AG,Oldenhove,Etten
13,7071TR,Mars,Ulft
6,7078BH,Koninginneweg,Megchelen
9,7071KK,Vendeliers,Ulft
56,7061CZ,Gravenpad,Terborg
16,7081HV,Wiekenseweg,Gendringen
14,7077AX,de Bryde,Netterden
39,7075AS,Loo,Etten
3,7071VE,Venus,Ulft
2,7071VT,Dommelstraat,Ulft
3,7064CN,Vossenstraat,Silvolde
75,7064CC,Lichtenbergseweg,Silvolde
14,7054CL,Houtkampstraat,Westendorp
5,7051HS,Markenweg,Varsseveld
1,7051VH,de Singel,Varsseveld
41,7061GG,Varsseveldseweg,Terborg
66,7071VV,Geulstraat,Ulft
22,7061CS,Doetinchemseweg,Terborg
34,7061WK,Oranjehof,Terborg
8,7064HJ,Zaagpad,Silvolde
32,7064HW,Dennenberg,Silvolde
4,7071KB,Hofstraat,Ulft
43,7051VL,de Zicht,Varsseveld
57,7075BD,Beethovenlaan,Etten
1,7081EB,Tulpstraat,Gendringen
14,7071VA,Slingestraat,Ulft
7,7075AX,Margrietstraat,Etten
6,7071SG,Riezegraaf,Ulft
12,7071GV,Meeuwenstraat,Ulft
43,7064BW,Korenweg,Silvolde
16,7075AA,Kampstraat,Etten
32,7084BM,den Dam,Breedenbroek
73,7081GL,Veenbes,Gendringen
75,7071AC,Ettenseweg,Ulft
4,7081GB,Lamerskamp,Gendringen
23,7061GH,Varsseveldseweg,Terborg
83,7064GE,Prins Bernhardstraat,Silvolde
88,7064LM,Bontebrug,Silvolde
2,7071SG,Riezegraaf,Ulft
53,7084AB,Terborgseweg,Breedenbroek
97,7051WZ,Sperwerhof,Varsseveld
1,7078AN,Uilenweg,Megchelen
5,7061WR,Prins Mauritshof,Terborg
50,7075AZ,Margrietstraat,Etten
2,7081EB,Tulpstraat,Gendringen
79,7081GL,Veenbes,Gendringen
2,7064AV,Bosstraat,Silvolde
44,7071TH,Dierenriem,Ulft
33,7064DT,Houtduivenhof,Silvolde
21,7051DE,van Pallandtstraat,Varsseveld
127,7054BA,Doetinchemseweg,Westendorp
9,7064DA,Eekhoornhof,Silvolde
7,7064DA,Eekhoornhof,Silvolde
4,7077AK,Acacialaan,Netterden
56,7075AN,Emmastraat,Etten
9,7051GH,Vlakkeeweg,Varsseveld
23,7061BA,Nijverheidstraat,Terborg
86,7051AK,Oranjestraat,Varsseveld
21,7061BA,Nijverheidstraat,Terborg
1,7081ED,Prins Hendriklaan,Gendringen
5,7071PB,Bonte Brugstraat,Ulft
12,7071PC,Bonte Brugstraat,Ulft
15,7071PB,Bonte Brugstraat,Ulft
9,7071PB,Bonte Brugstraat,Ulft
14,7071PC,Bonte Brugstraat,Ulft
3,7071PB,Bonte Brugstraat,Ulft
7,7071PB,Bonte Brugstraat,Ulft
16,7071PJ,Voorstsestraat,Ulft
1,7071PB,Bonte Brugstraat,Ulft
2,7071PC,Bonte Brugstraat,Ulft
4,7071PC,Bonte Brugstraat,Ulft
8,7071PC,Bonte Brugstraat,Ulft
4,7071PJ,Voorstsestraat,Ulft
5,7071HN,Lijsterstraat,Ulft
31,7071PT,Vogelenzangweg,Ulft
115,7065BH,Sinderenseweg,Sinderen
11,7061AL,Industrieweg,Terborg
16,7064KL,Kapelweg,Silvolde
8,7081GM,Veenbes,Gendringen
15,7071WL,Heggenseveld,Ulft
35,7081CB,Grotestraat,Gendringen
7,7081HN,Dijkweg,Gendringen
7,7081AB,Rijnweg,Gendringen
27,7071GB,Hogeweg,Ulft
10,7071TH,Dierenriem,Ulft
8,7061EC,Spoorzicht,Terborg
10,7061EC,Spoorzicht,Terborg
20,7054CN,Neijlandstraat,Westendorp
6,7051CR,Rentinkstraat,Varsseveld
53,7064CB,Lichtenbergseweg,Silvolde
13,7071SE,Riezegraaf,Ulft
18,7051ZH,Klaproosstraat,Varsseveld
3,7051AK,de Egge,Varsseveld
14,7075AD,Dorpsstraat,Etten
20,7071SB,Botterkoel,Ulft
16,7061XW,IJsselweg,Terborg
67,7051WZ,Sperwerhof,Varsseveld
8,7084AL,Brokkenstraat,Breedenbroek
10,7071PT,Vogelenzangweg,Ulft
17,7084CA,Krommenhorst,Breedenbroek
90,7064ET,Boterweg,Silvolde
126,7064LN,Bontebrug,Silvolde
46,7051DS,Gasthuisweg,Varsseveld
24,7075DN,Oude IJsselweg,Etten
63,7071BW,Allee,Ulft
25,7051HD,Sinderenseweg,Varsseveld
5,7081AL,Kerkeweide,Gendringen
8,7061DG,De Laegte,Terborg
5,7051XW,Kievitstraat,Varsseveld
9,7051HJ,Harterinkdijk,Varsseveld
9,7051BB,Prins Hendriklaan,Varsseveld
14,7051HA,Oostelijke Oude Aaltenseweg,Varsseveld
3,7055BS,Vossenbult,Heelweg
36,7055AA,Zelhemseweg,Heelweg
15,7076AT,Hesterweg,Varsselder
14,7081GM,Veenbes,Gendringen
16,7076BB,Hoofdstraat,Varsselder
5,7081GX,Valeriaan,Gendringen
7,7081GX,Valeriaan,Gendringen
12,7054BV,Halseweg,Westendorp
17,7064AK,Laan van Schuylenburch,Silvolde
59,7064AB,Terborgseweg,Silvolde
12,7051HA,Oostelijke Oude Aaltenseweg,Varsseveld
20,7084AG,Bohnenweide,Breedenbroek
43,7075ED,Zeddamseweg,Etten
22,7081DL,Haverkamp,Gendringen
77,7081EK,Touwslagersbaan,Gendringen
16,7061EC,Spoorzicht,Terborg
8,7061EB,De Kwekerij,Terborg
1,7055BV,Noordelijke Beekweg,Heelweg
8,7051XG,Leeuwerikstraat,Varsseveld
12,7051BZ,Burgemeester van Tuyllstraat,Varsseveld
32,7061WV,Prins Johan-Frisohof,Terborg
20,7078BG,Hollandseweg,Megchelen
2,7081AC,Langenhorstweg,Gendringen
81,7061WG,Nassauhof,Terborg
45,7061XV,IJsselweg,Terborg
8,7084AG,Bohnenweide,Breedenbroek
38,7081AX,Bringenborg,Gendringen
15,7077AM,Slawijkseweg,Netterden
71,7071ZS,Kanunnik de Vriesstraat,Ulft
47,7071BG,F B Deurvorststraat,Ulft
3,7051VE,de Zeis,Varsseveld
33,7061ZB,Vulcaanstraat,Terborg
32,7064GZ,Melkweg,Silvolde
25,7061AH,Hofstraat,Terborg
20,7075BK,Vivaldilaan,Etten
51,7071GC,Hogeweg,Ulft
14,7075AK,St Lidwinastraat,Etten
9,7081EH,Touwslagersbaan,Gendringen
27,7071VK,Reggestraat,Ulft
1,7064CX,Wezelhof,Silvolde
5,7054CK,Houtkampstraat,Westendorp
60,7051XC,Valkenhof,Varsseveld
3,7064BW,Korenweg,Silvolde
6,7078BM,Heisestraat,Megchelen
16,7077AX,de Bryde,Netterden
92,7064ET,Boterweg,Silvolde
28,7071SB,Botterkoel,Ulft
16,7084BM,den Dam,Breedenbroek
71,7071XE,Schuttersweg,Ulft
6,7075DW,Holserweg,Etten
2,7061EC,Spoorzicht,Terborg
8,7065AE,Nibbelinklaan,Sinderen
2,7061EA,Seesinkbeeklaan,Terborg
42,7081DV,Veldweg,Gendringen
5,7071SB,Botterkoel,Ulft
5,7055AZ,Molenweg,Heelweg
42,7055BH,Landstraat,Heelweg
6,7051GH,Vlakkeeweg,Varsseveld
35,7075AS,Loo,Etten
136,7064LN,Bontebrug,Silvolde
9,7061ED,Spoorzicht,Terborg
34,7064HZ,De Holtplaats,Silvolde
40,7071SB,Botterkoel,Ulft
7,7071XS,Mr Reigersstraat,Ulft
4,7051DD,Grutterinkpad,Varsseveld
1,7061EB,De Kwekerij,Terborg
17,7051CL,Aaltenseweg,Varsseveld
4,7071HK,Kievitstraat,Ulft
74,7071KN,Vendeliers,Ulft
67,7061ZW,van Wischstraat,Terborg
1,7077AG,Woldenburgseweg,Netterden
12,7061EC,Spoorzicht,Terborg
14,7061EC,Spoorzicht,Terborg
9,7061EA,Seesinkbeeklaan,Terborg
2,7055AL,Munstermansweg,Heelweg
48,7071ZL,Dr Schaepmanstraat,Ulft
1,7071XK,Debbeshoek,Ulft
18,7051GN,Lichtenvoordseweg,Varsseveld
62,7061AT,Industrieweg,Terborg
23,7055AC,Generaalsweg,Heelweg
23,7078BE,Hollandseweg,Megchelen
8,7071CS,Ph P Cappettilaan,Ulft
22,7064HW,Dennenberg,Silvolde
7,7071ZH,Nieuwstraat,Ulft
4,7064KG,Rabelingstraat,Silvolde
15,7051AR,Koningin Wilhelminalaan,Varsseveld
33,7075BB,Molenstraat,Etten
24,7071HW,Akkerstraat,Ulft
8,7071TG,Orion,Ulft
10,7081EE,Prins Hendriklaan,Gendringen
48,7081GT,Weegbree,Gendringen
104,7071XC,Schuttersweg,Ulft
40,7065BB,Kapelweg,Sinderen
33,7051XD,Leeuwerikstraat,Varsseveld
26,7064GX,Doctor Schaepmanstraat,Silvolde
23,7078BD,Vlasakker,Megchelen
34,7071CC,Veldstraat,Ulft
1,7071ZJ,Dr Schaepmanstraat,Ulft
34,7051HG,Sinderenseweg,Varsseveld
2,7078BS,Geurweg,Megchelen
8,7076AP,Pastoor Reulinkstraat,Varsselder
13,7071XX,Tarwestraat,Ulft
74,7064CE,Lichtenbergseweg,Silvolde
19,7071XB,Tamboerpad,Ulft
11,7071ZC,Ketelstraat,Ulft
37,7081CB,Grotestraat,Gendringen
9,7076AN,Pastoor Balkstraat,Varsselder
2,7076BK,Weverstraat,Varsselder
53,7064GL,Melkweg,Silvolde
3,7064GK,Molenberg,Silvolde
3,7065BS,Keurhorsterweg,Sinderen
1,7065AG,Masselinklaan,Sinderen
11,7064AV,Bosstraat,Silvolde
5,7081HM,Miltseweg,Gendringen
3,7075BD,Beethovenlaan,Etten
5,7075BD,Beethovenlaan,Etten
28,7064LA,Dinxperloseweg,Silvolde
7,7054BZ,Westelijke Noorderbroekweg,Westendorp
16,7075AZ,Margrietstraat,Etten
13,7071ZX,Schoolstraat,Ulft
5,7077AN,Emmerikseweg,Netterden
44,7081GT,Weegbree,Gendringen
66,7064BE,Ulftseweg,Silvolde
46,7084CB,Krommenhorst,Breedenbroek
4,7064KK,Bievinkstraat,Silvolde
51,7051WN,Eksterhof,Varsseveld
15,7071BV,Hutteweg,Ulft
70,7064HS,Berkenlaan,Silvolde
9,7051GA,Terborgseweg,Varsseveld
61,7051DP,Doetinchemseweg,Varsseveld
70,7064BE,Ulftseweg,Silvolde
3,7071AN,Melkvonder,Ulft
25,7051ZB,Zelhemseweg,Varsseveld
19,7051CD,Burgemeester Goldbergstraat,Varsseveld
5,7064KD,Heebinkweg,Silvolde
7,7081BB,Alberdingk Thijmstraat,Gendringen
7,7061AW,Vulcaanstraat,Terborg
16,7061XZ,Staringstraat,Terborg
84,7061XE,Prins Constantijnstraat,Terborg
9,7051WK,Uilenhof,Varsseveld
159,7054BD,Doetinchemseweg,Westendorp
49,7071BB,Ir Sassenstraat,Ulft
5,7071TJ,Dierenriem,Ulft
69,7071KL,Vendeliers,Ulft
24,7064GZ,Melkweg,Silvolde
10,7081DP,Oosterstraat,Gendringen
15,7071TB,Zuiderkruis,Ulft
6,7051HC,Rademakersbroek,Varsseveld
33,7051AX,Prinses Irenestraat,Varsseveld
57,7055AA,Zelhemseweg,Heelweg
35,7071VC,Vechtstraat,Ulft
5,7078AB,Koksallee,Megchelen
16,7064AP,Terborgseveld,Silvolde
89,7071ZT,Kanunnik de Vriesstraat,Ulft
74,7081GZ,Valeriaan,Gendringen
2,7071CK,Industrieweg,Ulft
11,7071VA,Slingestraat,Ulft
7,7065BP,Wissinklaan,Sinderen
44,7051CK,Spoorstraat,Varsseveld
10,7071XK,Debbeshoek,Ulft
26,7071SC,Ruvenkamp,Ulft
24,7071SC,Ruvenkamp,Ulft
2,7078AL,Landerweg,Megchelen
26,7064CT,Wezelhof,Silvolde
24,7064CT,Wezelhof,Silvolde
11,7064CN,Vossenstraat,Silvolde
23,7051VL,de Zicht,Varsseveld
24,7051XM,Merelstraat,Varsseveld
8,7071VP,Merwedestraat,Ulft
6,7071ZW,Antoniushof,Ulft
10,7051HM,Sturriskolkweg,Varsseveld
8,7064KH,Heidedijk,Silvolde
20,7051WL,Eksterhof,Varsseveld
4,7077AX,de Bryde,Netterden
33,7081DH,IJsselstraat,Gendringen
50,7061AC,Ettensestraat,Terborg
3,7061AD,Badweg,Terborg
4,7051AL,Koningin Julianalaan,Varsseveld
15,7075EA,Zeddamseweg,Etten
8,7081CM,Anholtseweg,Gendringen
97,7051DR,Doetinchemseweg,Varsseveld
227,7054BG,Doetinchemseweg,Westendorp
11,7051DZ,Oude Doetinchemseweg,Varsseveld
77,7081GL,Veenbes,Gendringen
4,7081AS,Multatulihof,Gendringen
3,7076AL,Leemlandseweg,Varsselder
26,7081JC,Rozemarijn,Gendringen
33,7071SB,Botterkoel,Ulft
25,7071VX,Parkstraat,Ulft
61,7071BW,Allee,Ulft
8,7051AX,de Egge,Varsseveld
20,7051AC,Doetinchemseweg,Varsseveld
74,7064HS,Berkenlaan,Silvolde
45,7064GD,Prins Bernhardstraat,Silvolde
68,7064EH,Fazantplein,Silvolde
158,7054BL,Doetinchemseweg,Westendorp
42,7065BB,Kapelweg,Sinderen
5,7051BJ,Burgemeester Bootstraat,Varsseveld
13,7071VC,Vechtstraat,Ulft
3,7081GS,Weegbree,Gendringen
18,7071ZD,Ketelstraat,Ulft
1,7078AW,Julianaweg,Megchelen
4,7071PL,Hogeveld,Ulft
10,7071ZZ,Schoolstraat,Ulft
8,7064HZ,De Holtplaats,Silvolde
15,7084CE,het Rabelink,Breedenbroek
14,7071SB,Botterkoel,Ulft
45,7075ED,Zeddamseweg,Etten
9,7065BN,Swanenkamp,Sinderen
10,7051ZK,Haverstraat,Varsseveld
1,7071VK,Reggestraat,Ulft
76,7081CN,Anholtseweg,Gendringen
3,7064KC,Egginkstraat,Silvolde
4,7054AL,Pellendijk,Westendorp
6,7054AL,Pellendijk,Westendorp
4,7064BH,Kerkenstraat,Silvolde
191,7054BG,Doetinchemseweg,Westendorp
12,7064AP,Terborgseveld,Silvolde
5,7051CB,Graaf van Lohnstraat,Varsseveld
13,7061BW,Wijnwaarden,Terborg
4,7064AV,Bosstraat,Silvolde
60,7061ZD,Vulcaanstraat,Terborg
6,7078BB,Pastoor Mölderstraat,Megchelen
8,7071VB,Lekstraat,Ulft
6,7081GR,Ranonkel,Gendringen
10,7071VB,Lekstraat,Ulft
16,7084CB,Krommenhorst,Breedenbroek
2,7081BA,Tollensstraat,Gendringen
48,7081DP,Oosterstraat,Gendringen
62,7071VC,Vechtstraat,Ulft
64,7071VC,Vechtstraat,Ulft
44,7071KN,Vendeliers,Ulft
40,7071JL,Kwartellaan,Ulft
7,7051AM,Koningin Emmastraat,Varsseveld
36,7051WL,Eksterhof,Varsseveld
20,7061BN,van Nagellstraat,Terborg
20,7064BW,Korenweg,Silvolde
79,7064GE,Prins Bernhardstraat,Silvolde
14,7064KV,Lichtenberg,Silvolde
2,7071DC,Badweg,Ulft
26,7071VB,Lekstraat,Ulft
28,7081HV,Wiekenseweg,Gendringen
18,7075AD,Dorpsstraat,Etten
13,7051DW,Breukelaarweg,Varsseveld
46,7061ZR,Borgsche Rieten,Terborg
4,7051AN,Willem de Zwijgerstraat,Varsseveld
17,7084AD,Terborgseweg,Breedenbroek
25,7081DL,Haverkamp,Gendringen
2,7081AL,Kerkeweide,Gendringen
55,7084CE,het Rabelink,Breedenbroek
2,7084BS,Rietstapperweg,Breedenbroek
31,7076BM,Achter de Molen,Varsselder
47,7051VA,de Vloglanden,Varsseveld
39,7084BL,den Dam,Breedenbroek
5,7081DH,IJsselstraat,Gendringen
21,7076AG,Hoofdstraat,Varsselder
1,7071AR,Kuyperstraat,Ulft
30,7071SC,Ruvenkamp,Ulft
48,7071BD,Ir Sassenstraat,Ulft
48,7075AN,Emmastraat,Etten
16,7055BC,Twente-Route,Heelweg
9,7064AA,Terborgseweg,Silvolde
6,7054AZ,Kersendijk,Westendorp
77,7061ZP,Borgsche Rieten,Terborg
21,7065AP,Harterinkdijk,Sinderen
2,7054BN,Krommestraat,Westendorp
9,7054AG,Spaanselaan,Westendorp
30,7078AR,Julianaweg,Megchelen
76,7064BP,Roomberg,Silvolde
31,7051ZB,Zelhemseweg,Varsseveld
5,7051ZX,Hiddinkdijk,Varsseveld
22,7061BN,van Nagellstraat,Terborg
19,7071XX,Tarwestraat,Ulft
61,7064GL,Melkweg,Silvolde
7,7051BL,Nassaustraat,Varsseveld
6,7055BS,Vossenbult,Heelweg
21,7078BE,Hollandseweg,Megchelen
78,7064LM,Bontebrug,Silvolde
80,7064LM,Bontebrug,Silvolde
17,7071PE,Bergstraat,Ulft
12,7071HR,Lijsterstraat,Ulft
2,7064BS,Heuvelstraat,Silvolde
3,7064GH,Pr Willem Alexanderstr,Silvolde
11,7051AL,Koningin Julianalaan,Varsseveld
18,7051GE,Giezenveld,Varsseveld
5,7076AP,Pastoor Reulinkstraat,Varsselder
2,7081GR,Ranonkel,Gendringen
2,7081DG,Prinsenhof,Gendringen
13,7051HA,Oostelijke Oude Aaltenseweg,Varsseveld
4,7051GT,Entinkweg,Varsseveld
6,7081AJ,IJsselweg,Gendringen
18,7061CD,Sint Antoniastraat,Terborg
70,7064CW,Wezelhof,Silvolde
3,7055BJ,Rieteweg,Heelweg
8,7071DD,Stokhorsterweg,Ulft
19,7051XS,Lijsterstraat,Varsseveld
110,7064HT,Berkenlaan,Silvolde
4,7083AN,Plantenweg,Voorst
9,7054AE,Schilderinklaan,Westendorp
19,7051HT,Guldenweg,Varsseveld
27,7065AB,Terborgseweg,Sinderen
5,7054AB,Tuitstraat,Westendorp
19,7051ZL,Roggestraat,Varsseveld
26,7071WX,Diergaarde,Ulft
13,7081CX,Broerdijk,Gendringen
1,7075EG,Meesterijweg,Etten
1,7078BT,Landfortseweg,Megchelen
4,7077AP,Emmerikseweg,Netterden
83,7061AN,Industrieweg,Terborg
90,7051WS,Reigershof,Varsseveld
48,7064LK,Bontebrug,Silvolde
87,7071TX,Grote Beer,Ulft
18,7084BK,Prinsenstraat,Breedenbroek
30,7081GZ,Valeriaan,Gendringen
6,7081GZ,Valeriaan,Gendringen
4,7081DP,Oosterstraat,Gendringen
72,7071GG,Hogeweg,Ulft
5,7081HG,Banninkweg,Gendringen
32,7081GZ,Valeriaan,Gendringen
10,7071BC,Ir Sassenstraat,Ulft
82,7051DV,Doetinchemseweg,Varsseveld
1,7075BJ,Vivaldilaan,Etten
41,7071VV,Geulstraat,Ulft
38,7075EE,Zeddamseweg,Etten
4,7054BR,Kipsdijk,Westendorp
14,7061DG,De Laegte,Terborg
55,7065BE,Sinderenseweg,Sinderen
32,7051AX,de Egge,Varsseveld
23,7081CV,Prins Bernhardstraat,Gendringen
6,7064KG,Rabelingstraat,Silvolde
1,7054CB,Zweerinkdijk,Westendorp
80,7051CK,Spoorstraat,Varsseveld
36,7064DZ,Snippenhof,Silvolde
76,7064AH,Terborgseweg,Silvolde
54,7061DR,Silvoldseweg,Terborg
31,7061CG,Hoofdstraat,Terborg
10,7076BB,Hoofdstraat,Varsselder
15,7075AP,Alexanderhof,Etten
16,7084AV,Molenweg,Breedenbroek
5,7075DZ,Rafelderseweg,Etten
126,7064HT,Berkenlaan,Silvolde
1,7071AG,Zeskamp,Ulft
17,7084CE,het Rabelink,Breedenbroek
34,7064BS,Heuvelstraat,Silvolde
9,7055AT,Bosboombroekerweg,Heelweg
18,7054AA,Terborgseweg,Westendorp
22,7071PV,Riezenweg,Ulft
52,7071VC,Vechtstraat,Ulft
85,7051DP,Doetinchemseweg,Varsseveld
15,7071BN,Deken Nijkampstraat,Ulft
57,7071KL,Vendeliers,Ulft
4,7054BM,Zaaltjesdijk,Westendorp
38,7071CN,Bongersstraat,Ulft
78,7081GZ,Valeriaan,Gendringen
45,7071AJ,Dr Ariënsstraat,Ulft
2,7078BT,Landfortseweg,Megchelen
7,7071ZA,Roggestraat,Ulft
4,7051AA,Prins Clausstraat,Varsseveld
43,7075BD,Beethovenlaan,Etten
13,7061GB,Varsseveldseweg,Terborg
7,7055AZ,Molenweg,Heelweg
19,7084AD,Terborgseweg,Breedenbroek
25,7078BD,Vlasakker,Megchelen
35,7061DL,Silvoldseweg,Terborg
9,7081HE,Walseweg,Gendringen
94,7061ZE,Vulcaanstraat,Terborg
42,7075AE,Dorpsstraat,Etten
70,7081EM,Touwslagersbaan,Gendringen
43,7051ZV,Eikenlaan,Varsseveld
2,7065AH,Idinkweg,Sinderen
8,7051WL,Eksterhof,Varsseveld
21,7081AA,Ulftseweg,Gendringen
41,7071AV,Frank Daamenstraat,Ulft
11,7081JG,Waterkers,Gendringen
23,7075BD,Beethovenlaan,Etten
5,7071BW,Allee,Ulft
4,7078AW,Julianaweg,Megchelen
116,7064HT,Berkenlaan,Silvolde
74,7064AT,De Breide,Silvolde
25,7071XX,Tarwestraat,Ulft
19,7078AH,de Lemp,Megchelen
4,7084AZ,Aaltenseweg,Breedenbroek
32,7071SB,Botterkoel,Ulft
51,7064AB,Terborgseweg,Silvolde
19,7051XD,Leeuwerikstraat,Varsseveld
80,7071CR,Bongersstraat,Ulft
30,7071WN,Heggenseveld,Ulft
1,7064HA,Doctor Dreesstraat,Silvolde
9,7071TG,Orion,Ulft
31,7078BD,Vlasakker,Megchelen
33,7078BD,Vlasakker,Megchelen
2,7078AN,Uilenweg,Megchelen
16,7071ZZ,Schoolstraat,Ulft
4,7078BT,Landfortseweg,Megchelen
14,7071XK,Debbeshoek,Ulft
13,7083AM,Grensweg,Voorst
12,7064AV,Bosstraat,Silvolde
6,7065BR,Keurhorsterweg,Sinderen
6,7071AW,Frank Daamenstraat,Ulft
15,7071VC,Vechtstraat,Ulft
11,7051DE,van Pallandtstraat,Varsseveld
3,7071XN,Delweg,Ulft
2,7078BM,Heisestraat,Megchelen
18,7061WK,Oranjehof,Terborg
12,7081GR,Ranonkel,Gendringen
6,7071TD,Boogschutter,Ulft
5,7081CJ,Anholtseweg,Gendringen
43,7064EM,Kwartelstraat,Silvolde
83,7081CD,Grotestraat,Gendringen
31,7051DS,Gasthuisweg,Varsseveld
14,7076AT,Hesterweg,Varsselder
9,7071VJ,Berkelstraat,Ulft
49,7071BG,F B Deurvorststraat,Ulft
23,7075DM,Ulftsestraat,Etten
6,7051HM,Sturriskolkweg,Varsseveld
4,7054AR,Keppelbroeksdijk,Westendorp
46,7081EE,Prins Hendriklaan,Gendringen
2,7071HK,Kievitstraat,Ulft
26,7081DZ,Rozenstraat,Gendringen
47,7064EM,Kwartelstraat,Silvolde
9,7051AW,Prinses Irenestraat,Varsseveld
4,7055AG,Kuenenweg,Heelweg
6,7071CV,Lindenstraat,Ulft
14,7084CG,het Rabelink,Breedenbroek
28,7078AR,Julianaweg,Megchelen
22,7061DR,Silvoldseweg,Terborg
13,7071TG,Orion,Ulft
74,7051DT,Doetinchemseweg,Varsseveld
81,7064EP,Boterweg,Silvolde
6,7051GK,Oostelijke Noorderbroekweg,Varsseveld
58,7071VV,Geulstraat,Ulft
37,7071PM,Pol,Ulft
34,7071PK,Voorstsestraat,Ulft
24,7071HC,Merellaan,Ulft
36,7071GE,Hogeweg,Ulft
9,7061ZA,Akkermansbeekweg,Terborg
40,7075BC,Molenstraat,Etten
28,7078BD,Vlasakker,Megchelen
10,7071WE,Praestingsweg,Ulft
3,7065AC,Toldijk,Sinderen
17,7078BD,Vlasakker,Megchelen
1,7071BV,Hutteweg,Ulft
1,7081BD,Dominee van Dorpstraat,Gendringen
5,7084AR,Duitshofweg,Breedenbroek
11,7051BE,Anna van Burenstraat,Varsseveld
16,7081CM,Anholtseweg,Gendringen
12,7084CB,Krommenhorst,Breedenbroek
17,7076AN,Pastoor Balkstraat,Varsselder
28,7064AX,Marktstraat,Silvolde
2,7051ZW,Eikenlaan,Varsseveld
19,7064HK,Berkenlaan,Silvolde
39,7081CK,Anholtseweg,Gendringen
35,7076AG,Hoofdstraat,Varsselder
11,7071WT,Middelgraaf,Ulft
8,7071KD,Oerseveld,Ulft
89,7061WG,Nassauhof,Terborg
1,7051ZM,Essenkampstraat,Varsseveld
36,7064DC,Eekhoornhof,Silvolde
18,7055BC,Twente-Route,Heelweg
10,7071TM,Jupiter,Ulft
35,7071GB,Hogeweg,Ulft
64,7071CP,Bongersstraat,Ulft
5,7071WJ,Steenakker,Ulft
25,7081DS,Veldweg,Gendringen
14,7081HB,Walseweg,Gendringen
8,7084AA,Beggelderpad,Breedenbroek
2,7071WC,Sleegstraat,Ulft
6,7081CT,Prins Bernhardstraat,Gendringen
12,7065BC,Swanenkamp,Sinderen
66,7064CE,Lichtenbergseweg,Silvolde
7,7051VA,de Vloglanden,Varsseveld
30,7054AV,Boesvelderdijk,Westendorp
5,7065AC,Toldijk,Sinderen
9,7071TD,Boogschutter,Ulft
17,7077AN,Emmerikseweg,Netterden
23,7081AA,Ulftseweg,Gendringen
6,7078AJ,Meetkamp,Megchelen
29,7061ED,Spoorzicht,Terborg
9,7061CS,Dokter Borggreveplein,Terborg
47,7064BB,Ulftseweg,Silvolde
6,7055AD,Spul Harensweg,Heelweg
215,7054BG,Doetinchemseweg,Westendorp
36,7064EK,Jachtlaan,Silvolde
26,7051AX,de Egge,Varsseveld
32,7081GM,Veenbes,Gendringen
3,7075AL,Emmastraat,Etten
42,7071WT,Middelgraaf,Ulft
29,7081AD,Industrieweg,Gendringen
6,7055BM,Gunjansdijk,Heelweg
72,7051XE,Leeuwerikstraat,Varsseveld
7,7064BW,Korenweg,Silvolde
56,7051CM,Aaltenseweg,Varsseveld
50,7081CM,Anholtseweg,Gendringen
56,7081CH,Grotestraat,Gendringen
2,7051HK,Idinkweg,Varsseveld
3,7084AR,Duitshofweg,Breedenbroek
35,7061CR,Doetinchemseweg,Terborg
32,7064EK,Jachtlaan,Silvolde
3,7071CH,Nijverheidsweg,Ulft
42,7051XB,Valkenhof,Varsseveld
44,7051XB,Valkenhof,Varsseveld
57,7064BB,Ulftseweg,Silvolde
19,7051VL,de Zicht,Varsseveld
66,7064AH,Terborgseweg,Silvolde
6,7071JB,Vinkenstraat,Ulft
144,7064HT,Berkenlaan,Silvolde
32,7081HS,Wiekenseweg,Gendringen
31,7071SB,Botterkoel,Ulft
45,7051CL,Aaltenseweg,Varsseveld
192,7054BL,Doetinchemseweg,Westendorp
9,7051DS,Gasthuisweg,Varsseveld
7,7075AH,Strik,Etten
1,7076BA,Hesterweg,Varsselder
24,7064HP,Berkenlaan,Silvolde
2,7081JD,Majoraan,Gendringen
18,7051XM,Merelstraat,Varsseveld
7,7071XK,Debbeshoek,Ulft
66,7081GZ,Valeriaan,Gendringen
9,7064EH,Zuivelweg,Silvolde
7,7054AK,Kersendijk,Westendorp
4,7065AH,Idinkweg,Sinderen
19,7065BB,Kapelweg,Sinderen
17,7054AE,Schilderinklaan,Westendorp
8,7081JD,Majoraan,Gendringen
22,7051GR,Veenweg,Varsseveld
