126,7742WR,van Twickelolaan,Coevorden
128,7742WR,van Twickelolaan,Coevorden
130,7742WR,van Twickelolaan,Coevorden
132,7742WR,van Twickelolaan,Coevorden
1,7742XZ,van den Boetzelaerlaan,Coevorden
2,7742XX,van den Boetzelaerlaan,Coevorden
3,7742XZ,van den Boetzelaerlaan,Coevorden
4,7742XX,van den Boetzelaerlaan,Coevorden
5,7742XZ,van den Boetzelaerlaan,Coevorden
6,7742XX,van den Boetzelaerlaan,Coevorden
7,7742XZ,van den Boetzelaerlaan,Coevorden
8,7742XX,van den Boetzelaerlaan,Coevorden
9,7742XZ,van den Boetzelaerlaan,Coevorden
10,7742XX,van den Boetzelaerlaan,Coevorden
11,7742XZ,van den Boetzelaerlaan,Coevorden
12,7742XX,van den Boetzelaerlaan,Coevorden
13,7742XZ,van den Boetzelaerlaan,Coevorden
14,7742XX,van den Boetzelaerlaan,Coevorden
15,7742XZ,van den Boetzelaerlaan,Coevorden
16,7742XX,van den Boetzelaerlaan,Coevorden
17,7742XZ,van den Boetzelaerlaan,Coevorden
18,7742XX,van den Boetzelaerlaan,Coevorden
19,7742XZ,van den Boetzelaerlaan,Coevorden
20,7742XX,van den Boetzelaerlaan,Coevorden
21,7742XZ,van den Boetzelaerlaan,Coevorden
22,7742XX,van den Boetzelaerlaan,Coevorden
23,7742XZ,van den Boetzelaerlaan,Coevorden
24,7742XX,van den Boetzelaerlaan,Coevorden
25,7742XZ,van den Boetzelaerlaan,Coevorden
26,7742XX,van den Boetzelaerlaan,Coevorden
27,7742XZ,van den Boetzelaerlaan,Coevorden
28,7742XX,van den Boetzelaerlaan,Coevorden
30,7742XX,van den Boetzelaerlaan,Coevorden
32,7742XX,van den Boetzelaerlaan,Coevorden
1,7742AC,vd Duyn v Maasdamstr,Coevorden
2,7742AC,vd Duyn v Maasdamstr,Coevorden
3,7742AC,vd Duyn v Maasdamstr,Coevorden
4,7742AC,vd Duyn v Maasdamstr,Coevorden
5,7742AC,vd Duyn v Maasdamstr,Coevorden
6,7742AC,vd Duyn v Maasdamstr,Coevorden
7,7742AC,vd Duyn v Maasdamstr,Coevorden
8,7742AC,vd Duyn v Maasdamstr,Coevorden
9,7742AC,vd Duyn v Maasdamstr,Coevorden
10,7742AC,vd Duyn v Maasdamstr,Coevorden
11,7742AC,vd Duyn v Maasdamstr,Coevorden
12,7742AC,vd Duyn v Maasdamstr,Coevorden
13,7742AC,vd Duyn v Maasdamstr,Coevorden
14,7742AC,vd Duyn v Maasdamstr,Coevorden
15,7742AC,vd Duyn v Maasdamstr,Coevorden
16,7742AC,vd Duyn v Maasdamstr,Coevorden
17,7742AC,vd Duyn v Maasdamstr,Coevorden
18,7742AD,vd Duyn v Maasdamstr,Coevorden
19,7742AC,vd Duyn v Maasdamstr,Coevorden
20,7742AD,vd Duyn v Maasdamstr,Coevorden
21,7742AC,vd Duyn v Maasdamstr,Coevorden
22,7742AD,vd Duyn v Maasdamstr,Coevorden
23,7742AC,vd Duyn v Maasdamstr,Coevorden
24,7742AD,vd Duyn v Maasdamstr,Coevorden
25,7742AC,vd Duyn v Maasdamstr,Coevorden
26,7742AD,vd Duyn v Maasdamstr,Coevorden
27,7742AC,vd Duyn v Maasdamstr,Coevorden
28,7742AD,vd Duyn v Maasdamstr,Coevorden
29,7742AC,vd Duyn v Maasdamstr,Coevorden
30,7742AD,vd Duyn v Maasdamstr,Coevorden
31,7742AC,vd Duyn v Maasdamstr,Coevorden
32,7742AD,vd Duyn v Maasdamstr,Coevorden
33,7742AC,vd Duyn v Maasdamstr,Coevorden
34,7742AD,vd Duyn v Maasdamstr,Coevorden
35,7742AC,vd Duyn v Maasdamstr,Coevorden
36,7742AD,vd Duyn v Maasdamstr,Coevorden
37,7742AC,vd Duyn v Maasdamstr,Coevorden
38,7742AD,vd Duyn v Maasdamstr,Coevorden
39,7742AC,vd Duyn v Maasdamstr,Coevorden
40,7742AD,vd Duyn v Maasdamstr,Coevorden
116,7741GX,Friesestraat,Coevorden
20,7741MG,Data,Coevorden
66,7751AP,Emmerweg,Dalen
3,7841JB,Molenerf,Sleen
5,7841JB,Molenerf,Sleen
7,7841JB,Molenerf,Sleen
9,7841JB,Molenerf,Sleen
1,7742TB,Akkerwinde,Coevorden
3,7742TB,Akkerwinde,Coevorden
5,7742TB,Akkerwinde,Coevorden
7,7742TB,Akkerwinde,Coevorden
2,7742TJ,Walstro,Coevorden
4,7742TJ,Walstro,Coevorden
6,7742TJ,Walstro,Coevorden
8,7742TJ,Walstro,Coevorden
43,7751GL,de Bente,Dalen
4,7741LK,Scholekster,Coevorden
3,7741MK,Byte,Coevorden
5,7741MK,Byte,Coevorden
4,7741CX,Hulsvoorderdijk,Coevorden
13,7756PA,Stieltjeskanaal,Stieltjeskanaal
3,7751HG,Tjasker,Dalen
25,7742VZ,Nordhornerstraat,Coevorden
16,7917RE,Boslaan,Geesbrug
18,7917RE,Boslaan,Geesbrug
20,7917RE,Boslaan,Geesbrug
14,7741LE,de Hulteweg,Coevorden
1,7741GC,Kasteel,Coevorden
41,7742LR,Harm Koningstraat,Coevorden
43,7742LR,Harm Koningstraat,Coevorden
45,7742LR,Harm Koningstraat,Coevorden
47,7742LR,Harm Koningstraat,Coevorden
49,7742LR,Harm Koningstraat,Coevorden
51,7742LR,Harm Koningstraat,Coevorden
53,7742LR,Harm Koningstraat,Coevorden
55,7742LR,Harm Koningstraat,Coevorden
57,7742LR,Harm Koningstraat,Coevorden
59,7742LR,Harm Koningstraat,Coevorden
11,7742LA,Jan Benjaminsstraat,Coevorden
13,7742LA,Jan Benjaminsstraat,Coevorden
15,7742LA,Jan Benjaminsstraat,Coevorden
17,7742LA,Jan Benjaminsstraat,Coevorden
19,7742LA,Jan Benjaminsstraat,Coevorden
21,7742LA,Jan Benjaminsstraat,Coevorden
23,7742LA,Jan Benjaminsstraat,Coevorden
25,7742LA,Jan Benjaminsstraat,Coevorden
27,7742LA,Jan Benjaminsstraat,Coevorden
29,7742LA,Jan Benjaminsstraat,Coevorden
31,7742LA,Jan Benjaminsstraat,Coevorden
33,7742LA,Jan Benjaminsstraat,Coevorden
34,7742LA,Jan Benjaminsstraat,Coevorden
35,7742LA,Jan Benjaminsstraat,Coevorden
36,7742LA,Jan Benjaminsstraat,Coevorden
37,7742LA,Jan Benjaminsstraat,Coevorden
38,7742LA,Jan Benjaminsstraat,Coevorden
39,7742LA,Jan Benjaminsstraat,Coevorden
3,7741JL,Botersteeg,Coevorden
3,7751BA,Verbindingsweg,Dalen
57,7751SH,Reindersdijk,Dalen
4,7751GW,de Waag,Dalen
16,7753TX,Vlonder,Dalerpeel
31,7753TX,Vlonder,Dalerpeel
22,7917RE,Boslaan,Geesbrug
2,7753TE,Woeste,Dalerpeel
118,7741GX,Friesestraat,Coevorden
5,7751HG,Tjasker,Dalen
7,7751HG,Tjasker,Dalen
9,7751HG,Tjasker,Dalen
1,7741XT,Jeroen Boschstraat,Coevorden
3,7741XT,Jeroen Boschstraat,Coevorden
7,7741XT,Jeroen Boschstraat,Coevorden
26,7741JC,Kerkstraat,Coevorden
26,7917RE,Boslaan,Geesbrug
86,7846TK,'t Haantje,Noord-Sleen
20,7753TX,Vlonder,Dalerpeel
24,7917RE,Boslaan,Geesbrug
22,7742PE,De Mars,Coevorden
18,7742TC,Weegbree,Coevorden
16,7742TC,Weegbree,Coevorden
14,7742TC,Weegbree,Coevorden
12,7742TC,Weegbree,Coevorden
10,7742TC,Weegbree,Coevorden
31,7741GC,Kasteel,Coevorden
28,7917RE,Boslaan,Geesbrug
1,7751ZH,Voorkamp,Dalen
1,7742TA,Steenanjer,Coevorden
3,7742TA,Steenanjer,Coevorden
2,7742TA,Steenanjer,Coevorden
4,7742TA,Steenanjer,Coevorden
6,7742TA,Steenanjer,Coevorden
8,7742TA,Steenanjer,Coevorden
2,7742TB,Akkerwinde,Coevorden
4,7742TB,Akkerwinde,Coevorden
6,7742TB,Akkerwinde,Coevorden
8,7742TB,Akkerwinde,Coevorden
9,7742TB,Akkerwinde,Coevorden
11,7742TB,Akkerwinde,Coevorden
2,7742TC,Weegbree,Coevorden
4,7742TC,Weegbree,Coevorden
6,7742TC,Weegbree,Coevorden
7,7742TC,Weegbree,Coevorden
9,7742TC,Weegbree,Coevorden
11,7742TC,Weegbree,Coevorden
15,7742TC,Weegbree,Coevorden
17,7742TD,Moesdistel,Coevorden
19,7742AB,van Heeckerenlaan,Coevorden
21,7742AB,van Heeckerenlaan,Coevorden
23,7742AB,van Heeckerenlaan,Coevorden
25,7742AB,van Heeckerenlaan,Coevorden
26,7754NV,Koematen,Wachtum
20,7754NV,Koematen,Wachtum
18,7754NV,Koematen,Wachtum
16,7754NV,Koematen,Wachtum
15,7856TL,Klenkerweg,Benneveld
13,7917RE,Boslaan,Geesbrug
11,7846AL,Volmachten,Noord-Sleen
13,7846AK,Kampakkers,Noord-Sleen
1,7741KZ,Morseweg,Coevorden
4,7841CC,Mottenkampsteeg,Sleen
13,7917PZ,Nijverheidsstraat,Geesbrug
23,7863PP,De Kamp,Gees
13,7741XT,Jeroen Boschstraat,Coevorden
39,7751GA,Hoofdstraat,Dalen
33,7741JL,Botersteeg,Coevorden
15,7741XT,Jeroen Boschstraat,Coevorden
48,7841JA,Molenerf,Sleen
43,7751AM,Emmerweg,Dalen
3,7917TS,Joh Poststraat,Geesbrug
145,7917TE,Verl Hoogeveense Vaart,Geesbrug
118,7755NN,Hoofdstraat,Dalerveen
35,7751CR,Burg ten Holteweg,Dalen
7,7842TA,Diphoorn,Diphoorn
51,7741NC,Klooster,Coevorden
1,7741PD,Dreef,Coevorden
72,7753TK,Oranjestraat,Dalerpeel
6,7851TB,Noordweg,Zweeloo
7,7863PE,Oude Steeg,Gees
16,7741MK,Byte,Coevorden
17,7741MA,Modem,Coevorden
2,7741LB,Pasteurweg,Coevorden
2,7742BZ,Sportlaan,Coevorden
6,7742BZ,Sportlaan,Coevorden
9999,7856ZZ,Marsstukken,Aalden
24,7742HZ,Weijerswold Europaweg,Coevorden
24,7742PH,Weijerswold Europaweg,Coevorden
29,7741ME,Printer,Coevorden
23,7742VZ,Nordhornerstraat,Coevorden
6,7741JV,Haven,Coevorden
20,7741KT,Monierweg,Coevorden
3,7742PV,Euregioweg,Coevorden
4,7761BL,Geserweg,Oosterhesselen
4,7861BL,Geserweg,Oosterhesselen
7,7741JL,Botersteeg,Coevorden
14,7846AN,Volmachten,Noord-Sleen
12,7846AN,Volmachten,Noord-Sleen
6,7841CE,Brink,Sleen
42,7854RR,Aelderstraat,Aalden
25,7753TX,Vlonder,Dalerpeel
19,7753TX,Vlonder,Dalerpeel
38,7753TS,Steigerwijk,Dalerpeel
5,7741XT,Jeroen Boschstraat,Coevorden
19,7741XT,Jeroen Boschstraat,Coevorden
27,7742VS,Prinses Julianalaan,Coevorden
12,7742LA,Jan Benjaminsstraat,Coevorden
14,7742LA,Jan Benjaminsstraat,Coevorden
16,7742LA,Jan Benjaminsstraat,Coevorden
18,7742LA,Jan Benjaminsstraat,Coevorden
20,7742LA,Jan Benjaminsstraat,Coevorden
22,7742LA,Jan Benjaminsstraat,Coevorden
24,7742LA,Jan Benjaminsstraat,Coevorden
26,7742LA,Jan Benjaminsstraat,Coevorden
28,7742LA,Jan Benjaminsstraat,Coevorden
30,7742LA,Jan Benjaminsstraat,Coevorden
32,7742LA,Jan Benjaminsstraat,Coevorden
2,7742LA,Jan Benjaminsstraat,Coevorden
3,7742LA,Jan Benjaminsstraat,Coevorden
10,7742LA,Jan Benjaminsstraat,Coevorden
50,7742BG,Drostenstraat,Coevorden
52,7742BG,Drostenstraat,Coevorden
54,7742BG,Drostenstraat,Coevorden
56,7742BG,Drostenstraat,Coevorden
20,7917RC,Handelsstraat,Geesbrug
3,7741GC,Kasteel,Coevorden
5,7741GC,Kasteel,Coevorden
1,7742AK,Abraham Kuyperstraat,Coevorden
3,7742AK,Abraham Kuyperstraat,Coevorden
5,7742AK,Abraham Kuyperstraat,Coevorden
7,7742AK,Abraham Kuyperstraat,Coevorden
9,7742AK,Abraham Kuyperstraat,Coevorden
15,7742AK,Abraham Kuyperstraat,Coevorden
17,7742AK,Abraham Kuyperstraat,Coevorden
19,7742AK,Abraham Kuyperstraat,Coevorden
21,7742AK,Abraham Kuyperstraat,Coevorden
2,7742AJ,Thorbeckestraat,Coevorden
4,7742AJ,Thorbeckestraat,Coevorden
6,7742AJ,Thorbeckestraat,Coevorden
8,7742AJ,Thorbeckestraat,Coevorden
10,7742AJ,Thorbeckestraat,Coevorden
32,7742AJ,Thorbeckestraat,Coevorden
34,7742AJ,Thorbeckestraat,Coevorden
36,7742AJ,Thorbeckestraat,Coevorden
38,7742AJ,Thorbeckestraat,Coevorden
40,7742AJ,Thorbeckestraat,Coevorden
42,7742AJ,Thorbeckestraat,Coevorden
44,7742AJ,Thorbeckestraat,Coevorden
46,7742AJ,Thorbeckestraat,Coevorden
20,7742PE,De Mars,Coevorden
18,7917RC,Handelsstraat,Geesbrug
3,7848BG,Tramstraat,Schoonoord
1,7741MH,Disc,Coevorden
29,7848CS,Alle Boelensstraat,Schoonoord
22,7751BD,Kleine Veld,Dalen
3,7854ZZ,Westermarsendijk,Aalden
3,7854TV,Westermarsendijk,Aalden
3,7741GV,Rikkerstraat,Coevorden
88,7741EE,Looweg,Coevorden
6,7741ZL,Ballastweg,Coevorden
8,7741ZL,Ballastweg,Coevorden
11,7741LH,Bellweg,Coevorden
44,7742LH,Willem Mantelstraat,Coevorden
42,7742LH,Willem Mantelstraat,Coevorden
40,7742LH,Willem Mantelstraat,Coevorden
38,7742LH,Willem Mantelstraat,Coevorden
36,7742LH,Willem Mantelstraat,Coevorden
39,7742LG,Willem Mantelstraat,Coevorden
41,7742LG,Willem Mantelstraat,Coevorden
43,7742LG,Willem Mantelstraat,Coevorden
45,7742LG,Willem Mantelstraat,Coevorden
15,7742LD,Roelie Duinkerkenstraat,Coevorden
17,7742LD,Roelie Duinkerkenstraat,Coevorden
31,7741ME,Printer,Coevorden
95,7741JL,Dwenger,Coevorden
97,7741JL,Dwenger,Coevorden
99,7741JL,Dwenger,Coevorden
101,7741JL,Dwenger,Coevorden
103,7741JL,Dwenger,Coevorden
105,7741JL,Dwenger,Coevorden
107,7741JL,Dwenger,Coevorden
109,7741JL,Dwenger,Coevorden
111,7741JL,Dwenger,Coevorden
113,7741JL,Dwenger,Coevorden
115,7741JL,Dwenger,Coevorden
117,7741JL,Dwenger,Coevorden
119,7741JL,Dwenger,Coevorden
125,7741JL,Dwenger,Coevorden
127,7741JL,Dwenger,Coevorden
129,7741JL,Dwenger,Coevorden
131,7741JL,Dwenger,Coevorden
133,7741JL,Dwenger,Coevorden
135,7741JL,Dwenger,Coevorden
137,7741JL,Dwenger,Coevorden
139,7741JL,Dwenger,Coevorden
141,7741JL,Dwenger,Coevorden
143,7741JL,Dwenger,Coevorden
145,7741JL,Dwenger,Coevorden
147,7741JL,Dwenger,Coevorden
149,7741JL,Dwenger,Coevorden
121,7741JL,Dwenger,Coevorden
27,7741JL,Botersteeg,Coevorden
30,7741HA,Bakkersteeg,Coevorden
58,7741KK,Krimweg,Coevorden
29,7741GC,Kasteel,Coevorden
27,7741HA,Bakkersteeg,Coevorden
10,7741SK,Koesteeg,Coevorden
3,7741KB,Wethouder J B Hemelweg,Coevorden
5,7741GP,Weeshuisstraat,Coevorden
5,7742PT,De Mars,Coevorden
4,7841BX,Vijverbrinkenweg,Sleen
19,7841BR,Schaapstreek,Sleen
13,7751ZS,Vliers,Dalen
3,7843RM,Steenbakkersweg,Erm
2,7846AP,Tuinweg,Noord-Sleen
82,7741EW,van Heutszsingel,Coevorden
19,7854SB,Baander,Aalden
21,7854SB,Baander,Aalden
23,7854SB,Baander,Aalden
17,7854SB,Baander,Aalden
11,7854SB,Baander,Aalden
13,7854SB,Baander,Aalden
15,7854SB,Baander,Aalden
32,7742LH,Willem Mantelstraat,Coevorden
34,7742LH,Willem Mantelstraat,Coevorden
2,7841JA,Molenerf,Sleen
18,7841JA,Molenerf,Sleen
20,7841JA,Molenerf,Sleen
13,7741HA,Bakkersteeg,Coevorden
9,7741JN,Rijnsestraat,Coevorden
121,7848EA,Ringstraat,Schoonoord
30,7742LH,Willem Mantelstraat,Coevorden
28,7742LH,Willem Mantelstraat,Coevorden
25,7742LG,Willem Mantelstraat,Coevorden
27,7742LG,Willem Mantelstraat,Coevorden
29,7742LG,Willem Mantelstraat,Coevorden
31,7742LG,Willem Mantelstraat,Coevorden
33,7742LG,Willem Mantelstraat,Coevorden
35,7742LG,Willem Mantelstraat,Coevorden
37,7742LG,Willem Mantelstraat,Coevorden
13,7742TC,Weegbree,Coevorden
15,7742TD,Moesdistel,Coevorden
13,7742TD,Moesdistel,Coevorden
11,7742TD,Moesdistel,Coevorden
9,7742TD,Moesdistel,Coevorden
39,7848CL,Scheerturfstraat,Schoonoord
41,7848CL,Scheerturfstraat,Schoonoord
43,7848CL,Scheerturfstraat,Schoonoord
45,7848CL,Scheerturfstraat,Schoonoord
47,7848CL,Scheerturfstraat,Schoonoord
5,7742TA,Steenanjer,Coevorden
8,7742TC,Weegbree,Coevorden
49,7848CL,Scheerturfstraat,Schoonoord
22,7848CT,Alle Boelensstraat,Schoonoord
24,7848CT,Alle Boelensstraat,Schoonoord
26,7848CT,Alle Boelensstraat,Schoonoord
28,7848CT,Alle Boelensstraat,Schoonoord
30,7848CT,Alle Boelensstraat,Schoonoord
32,7848CT,Alle Boelensstraat,Schoonoord
14,7854SB,Baander,Aalden
5,7742LA,Jan Benjaminsstraat,Coevorden
7,7742LA,Jan Benjaminsstraat,Coevorden
9,7742LA,Jan Benjaminsstraat,Coevorden
4,7742LA,Jan Benjaminsstraat,Coevorden
6,7742LA,Jan Benjaminsstraat,Coevorden
8,7742LA,Jan Benjaminsstraat,Coevorden
32,7742LD,Roelie Duinkerkenstraat,Coevorden
30,7742LD,Roelie Duinkerkenstraat,Coevorden
28,7742LD,Roelie Duinkerkenstraat,Coevorden
1,7917PX,Schoolweg,Geesbrug
7,7742LD,Roelie Duinkerkenstraat,Coevorden
5,7742LD,Roelie Duinkerkenstraat,Coevorden
23,7741LH,Bellweg,Coevorden
16,7847TK,De Snikke,'t Haantje
36,7742BG,Drostenstraat,Coevorden
34,7742BG,Drostenstraat,Coevorden
38,7742BG,Drostenstraat,Coevorden
40,7742BG,Drostenstraat,Coevorden
69,7741PL,Hoofdweg,Coevorden
8,7741GD,Kasteel,Coevorden
25,7741JJ,Koesteeg,Coevorden
11,7751CZ,Maandehof,Dalen
18,7742LD,Roelie Duinkerkenstraat,Coevorden
16,7742LD,Roelie Duinkerkenstraat,Coevorden
14,7741LD,Roelie Duinkerkenstraat,Coevorden
14,7742LD,Roelie Duinkerkenstraat,Coevorden
12,7742LD,Roelie Duinkerkenstraat,Coevorden
10,7742LD,Roelie Duinkerkenstraat,Coevorden
8,7742LD,Roelie Duinkerkenstraat,Coevorden
13,7741HL,Sallandsestraat,Coevorden
16,7846AN,Volmachten,Noord-Sleen
18,7846AN,Volmachten,Noord-Sleen
30,7751SZ,Vossebelt,Dalen
15,7855PG,Bosrand,Meppen
17,7855PG,Bosrand,Meppen
19,7855PG,Bosrand,Meppen
13,7855PG,Bosrand,Meppen
2,7774TD,Moesdistel,Coevorden
2,7742TD,Moesdistel,Coevorden
4,7774TD,Moesdistel,Coevorden
4,7742TD,Moesdistel,Coevorden
6,7774TD,Moesdistel,Coevorden
6,7742TD,Moesdistel,Coevorden
8,7774TD,Moesdistel,Coevorden
8,7742TD,Moesdistel,Coevorden
10,7774TD,Moesdistel,Coevorden
10,7742TD,Moesdistel,Coevorden
12,7774TD,Moesdistel,Coevorden
12,7742TD,Moesdistel,Coevorden
14,7774TD,Moesdistel,Coevorden
14,7742TD,Moesdistel,Coevorden
1,7774TD,Moesdistel,Coevorden
1,7742TD,Moesdistel,Coevorden
3,7774TD,Moesdistel,Coevorden
3,7742TD,Moesdistel,Coevorden
5,7774TD,Moesdistel,Coevorden
5,7742TD,Moesdistel,Coevorden
7,7774TD,Moesdistel,Coevorden
7,7742TD,Moesdistel,Coevorden
3,7742TC,Weegbree,Coevorden
5,7742TC,Weegbree,Coevorden
16,7742TB,Akkerwinde,Coevorden
14,7742TB,Akkerwinde,Coevorden
12,7742TB,Akkerwinde,Coevorden
10,7742TB,Akkerwinde,Coevorden
18,7742TB,Akkerwinde,Coevorden
20,7742TB,Akkerwinde,Coevorden
11,7742AB,van Heeckerenlaan,Coevorden
13,7742AB,van Heeckerenlaan,Coevorden
15,7742AB,van Heeckerenlaan,Coevorden
17,7742AB,van Heeckerenlaan,Coevorden
4,7751ZW,Drift,Dalen
2,7751ZW,Drift,Dalen
25,7854PR,Paardelandsdrift,Aalden
4,7841BZ,Bommertsweg,Sleen
129,7755NR,Hoofdstraat,Dalerveen
42,7742BG,Drostenstraat,Coevorden
44,7742BG,Drostenstraat,Coevorden
46,7742BG,Drostenstraat,Coevorden
48,7742BG,Drostenstraat,Coevorden
48,7917RE,Boslaan,Geesbrug
34,7741HA,Bakkersteeg,Coevorden
24,7754NV,Koematen,Wachtum
13,7742TB,Akkerwinde,Coevorden
15,7742TB,Akkerwinde,Coevorden
22,7854SB,Baander,Aalden
7,7741LD,Grutto,Coevorden
2,7742NA,Europark Allee,Coevorden
4,7742PG,Klinkenvlier,Coevorden
4,7742AM,de Savornin Lohmanstraat,Coevorden
3,7753TK,Oranjestraat,Dalerpeel
1,7753TK,Oranjestraat,Dalerpeel
22,7846AN,Volmachten,Noord-Sleen
8,7741LE,de Hulteweg,Coevorden
3,7751ZS,Vliers,Dalen
35,7751BG,Kleine Veld,Dalen
20,7741PW,Pastoor J H Wesselstraat,Coevorden
22,7741PW,Pastoor J H Wesselstraat,Coevorden
49,7851AH,Klooster,Zweeloo
2,7741HA,Bakkersteeg,Coevorden
24,7741HA,Bakkersteeg,Coevorden
8,7741HA,Bakkersteeg,Coevorden
14,7741HA,Bakkersteeg,Coevorden
22,7741HA,Bakkersteeg,Coevorden
16,7741HA,Bakkersteeg,Coevorden
4,7741HA,Bakkersteeg,Coevorden
6,7741HA,Bakkersteeg,Coevorden
12,7741HA,Bakkersteeg,Coevorden
10,7741HA,Bakkersteeg,Coevorden
18,7741HA,Bakkersteeg,Coevorden
20,7741HA,Bakkersteeg,Coevorden
28,7741HA,Bakkersteeg,Coevorden
26,7741HA,Bakkersteeg,Coevorden
20,7846AN,Volmachten,Noord-Sleen
4,7741MH,Disc,Coevorden
20,7854SB,Baander,Aalden
9,7741XT,Jeroen Boschstraat,Coevorden
11,7741XT,Jeroen Boschstraat,Coevorden
2,7855PN,Mepperdennenweg,Meppen
5,7741JL,Botersteeg,Coevorden
21,7741JK,Koedijkje,Coevorden
23,7741JK,Koedijkje,Coevorden
17,7741JK,Koedijkje,Coevorden
19,7741JK,Koedijkje,Coevorden
29,7741JK,Koedijkje,Coevorden
1,7741JK,Koedijkje,Coevorden
25,7741JK,Koedijkje,Coevorden
27,7741JK,Koedijkje,Coevorden
5,7741JK,Koedijkje,Coevorden
7,7741JK,Koedijkje,Coevorden
3,7741JK,Koedijkje,Coevorden
13,7741JK,Koedijkje,Coevorden
15,7741JK,Koedijkje,Coevorden
9,7741JK,Koedijkje,Coevorden
11,7741JK,Koedijkje,Coevorden
7,7741JE,Spoorhavenstraat,Coevorden
5,7741JE,Spoorhavenstraat,Coevorden
13,7751GN,Kymmelskampen,Dalen
20,7751GW,de Waag,Dalen
123,7741JL,Dwenger,Coevorden
11,7742LD,Roelie Duinkerkenstraat,Coevorden
7,7742SL,Gerhard Eilanderstraat,Coevorden
9,7742SL,Sering,Coevorden
11,7742SL,Sering,Coevorden
14,7742PC,Esschenbrüggerdijk,Coevorden
15,7741MG,Data,Coevorden
35,7742LR,Harm Koningstraat,Coevorden
6,7742NA,Europark Allee,Coevorden
4,7741LJ,Wulp,Coevorden
15,7741PW,Pastoor J H Wesselstraat,Coevorden
16,7741MG,Data,Coevorden
24,7741ND,Klooster,Coevorden
42,7742AN,de Savornin Lohmanstraat,Coevorden
16,7742PE,De Mars,Coevorden
14,7742PE,De Mars,Coevorden
132,7741GX,Friesestraat,Coevorden
4,7854SG,Deel,Aalden
11,7742VJ,Eendrachtstraat,Coevorden
23,7917RC,Handelsstraat,Geesbrug
1,7742NA,Europark Allee,Coevorden
22,7755AA,de Lichtenburg,Dalerveen
4,7917RC,Handelsstraat,Geesbrug
6,7917RC,Handelsstraat,Geesbrug
10,7917RC,Handelsstraat,Geesbrug
36,7848CT,Alle Boelensstraat,Schoonoord
49,7741HN,Sallandsestraat,Coevorden
6,7741GE,Aleida Kramersingel,Coevorden
33,7741GC,Kasteel,Coevorden
18,7741KT,Monierweg,Coevorden
22,7741KT,Monierweg,Coevorden
24,7741KT,Monierweg,Coevorden
26,7741KT,Monierweg,Coevorden
28,7741KT,Monierweg,Coevorden
30,7741KT,Monierweg,Coevorden
16,7742LH,Willem Mantelstraat,Coevorden
3,7741XM,Jan van Scorelstraat,Coevorden
5,7741XM,Jan van Scorelstraat,Coevorden
7,7741XM,Jan van Scorelstraat,Coevorden
9,7741XM,Jan van Scorelstraat,Coevorden
11,7741XM,Jan van Scorelstraat,Coevorden
13,7741XM,Jan van Scorelstraat,Coevorden
15,7741XM,Jan van Scorelstraat,Coevorden
9,7843RM,Steenbakkersweg,Erm
34,7848CT,Alle Boelensstraat,Schoonoord
18,7847TK,De Snikke,'t Haantje
43,7742KD,Berend Slingenbergstraat,Coevorden
45,7742KD,Berend Slingenbergstraat,Coevorden
47,7742KD,Berend Slingenbergstraat,Coevorden
49,7742KD,Berend Slingenbergstraat,Coevorden
42,7742KB,Hendricus Krijthestraat,Coevorden
44,7742KB,Hendricus Krijthestraat,Coevorden
46,7742KB,Hendricus Krijthestraat,Coevorden
48,7742KB,Hendricus Krijthestraat,Coevorden
50,7742KB,Hendricus Krijthestraat,Coevorden
52,7742KB,Hendricus Krijthestraat,Coevorden
2,7741JH,Koedijkje,Coevorden
23,7741XT,Jeroen Boschstraat,Coevorden
9,7741LK,Scholekster,Coevorden
21,7741NS,Nieuwe Krim,Coevorden
21,7741NR,Nieuwe Krim,Coevorden
25,7917RE,Boslaan,Geesbrug
3,7851TH,Brugstraat,Wezup
23,7741KA,Parallelweg,Coevorden
21,7741KA,Parallelweg,Coevorden
19,7741KA,Parallelweg,Coevorden
33,7741KH,E D S plein,Coevorden
30,7741KE,E D S plein,Coevorden
13,7742LD,Roelie Duinkerkenstraat,Coevorden
2,7854RS,Middenweg,Aalden
32,7863TK,Tilweg,Gees
85,7742VG,Gramsbergerstraat,Coevorden
29,7852PG,Wezuperstraat,Wezup
29,7852TG,Wezuperstraat,Wezup
5,7741KM,Marconiweg,Coevorden
46,7843PN,Ermerzand,Erm
7,7846TJ,Hegenzand,Noord-Sleen
23,7753TX,Vlonder,Dalerpeel
27,7864TL,Toldijk,Zwinderen
11,7917PZ,Nijverheidsstraat,Geesbrug
1,7741KH,E D S plein,Coevorden
2,7741KE,E D S plein,Coevorden
3,7741KH,E D S plein,Coevorden
4,7741KE,E D S plein,Coevorden
1,7741KT,Stevinweg,Coevorden
38,7741JC,Kerkstraat,Coevorden
33,7751GA,Hoofdstraat,Dalen
29,7741GP,Weeshuisstraat,Coevorden
8,7854SB,Baander,Aalden
6,7854SG,Deel,Aalden
1,7741JG,Spoorsingel,Coevorden
2,7741JG,Spoorsingel,Coevorden
3,7741JG,Spoorsingel,Coevorden
4,7741JG,Spoorsingel,Coevorden
5,7741JG,Spoorsingel,Coevorden
22,7917RA,Energiestraat,Geesbrug
59,7741ZM,Ballastweg,Coevorden
24,7848AN,Volmachten,Noord-Sleen
24,7846AN,Volmachten,Noord-Sleen
22,7742VE,Gramsbergerstraat,Coevorden
4,7851AJ,Klooster,Zweeloo
68,7741EE,Looweg,Coevorden
25,7841AR,Batingestraat,Sleen
9,7742PA,Coevorderkanaal,Coevorden
18,7742LH,Willem Mantelstraat,Coevorden
40,7848CT,Alle Boelensstraat,Schoonoord
16,7854SB,Baander,Aalden
16,7755NP,de Marke,Dalerveen
31,7864TL,Toldijk,Zwinderen
51,7741EG,Looweg,Coevorden
36,7855PK,Mepperstraat,Meppen
1,7864TP,Nijlandsweg,Zwinderen
33,7742LR,Harm Koningstraat,Coevorden
23,7751CL,Schoolstraat,Dalen
23,7751GJ,Schoolstraat,Dalen
1,7751GV,Wettringerlaan,Dalen
11,7755NP,de Marke,Dalerveen
8,7781AA,Hoofdstraat,Zweeloo
31,7741XT,Jeroen Boschstraat,Coevorden
1,7753TH,Nassaustraat,Dalerpeel
16,7741KE,E D S plein,Coevorden
17,7741KE,E D S plein,Coevorden
18,7741KE,E D S plein,Coevorden
19,7741KE,E D S plein,Coevorden
20,7741KE,E D S plein,Coevorden
21,7741KE,E D S plein,Coevorden
22,7741KE,E D S plein,Coevorden
157,7917TE,Verl Hoogeveense Vaart,Geesbrug
2,7741KV,Stoomtram,Coevorden
4,7741KV,Stoomtram,Coevorden
6,7741KV,Stoomtram,Coevorden
8,7741KV,Stoomtram,Coevorden
22,7741GV,Friesestraat,Coevorden
78,7741AE,Rembrandtlaan,Coevorden
80,7741AE,Rembrandtlaan,Coevorden
82,7741AE,Rembrandtlaan,Coevorden
84,7741AE,Rembrandtlaan,Coevorden
36,7753TS,Steigerwijk,Dalerpeel
3,7741GN,Molenstraat,Coevorden
14,7742LH,Willem Mantelstraat,Coevorden
7,7755NP,de Marke,Dalerveen
9,7755NP,de Marke,Dalerveen
24,7741TR,Weth Donkerstraat,Coevorden
26,7741TR,Weth Donkerstraat,Coevorden
28,7741TR,Weth Donkerstraat,Coevorden
30,7741TR,Weth Donkerstraat,Coevorden
22,7741TR,Weth Donkerstraat,Coevorden
3,7741TM,Secr Bruintjesstraat,Coevorden
5,7741TM,Secr Bruintjesstraat,Coevorden
7,7741TM,Secr Bruintjesstraat,Coevorden
9,7741TM,Secr Bruintjesstraat,Coevorden
11,7741TM,Secr Bruintjesstraat,Coevorden
13,7741TM,Secr Bruintjesstraat,Coevorden
15,7741TM,Secr Bruintjesstraat,Coevorden
17,7741TM,Secr Bruintjesstraat,Coevorden
19,7741TM,Secr Bruintjesstraat,Coevorden
21,7741TM,Secr Bruintjesstraat,Coevorden
23,7741TM,Secr Bruintjesstraat,Coevorden
25,7741TM,Secr Bruintjesstraat,Coevorden
27,7741TM,Secr Bruintjesstraat,Coevorden
45,7741TM,Secr Bruintjesstraat,Coevorden
47,7741TL,Secr Bruintjesstraat,Coevorden
49,7741TL,Secr Bruintjesstraat,Coevorden
51,7741TL,Secr Bruintjesstraat,Coevorden
8,7751GW,de Waag,Dalen
3,7741KL,Beukenlaan,Coevorden
2,7854SG,Deel,Aalden
2,7751GC,Hoofdstraat,Dalen
4,7751GC,Hoofdstraat,Dalen
6,7751GC,Hoofdstraat,Dalen
8,7751GC,Hoofdstraat,Dalen
10,7751GC,Hoofdstraat,Dalen
12,7751GC,Hoofdstraat,Dalen
14,7751GC,Hoofdstraat,Dalen
33,7751TX,Vlonder,Dalerpeel
33,7753TX,Vlonder,Dalerpeel
2,7917RG,Ambachtsweg,Geesbrug
9,7846AJ,Emmerstraat,Noord-Sleen
24,7742LH,Willem Mantelstraat,Coevorden
26,7742LH,Willem Mantelstraat,Coevorden
25,7741XT,Jeroen Boschstraat,Coevorden
27,7741XT,Jeroen Boschstraat,Coevorden
8,7854SG,Deel,Aalden
31,7741KE,E D S plein,Coevorden
32,7741KE,E D S plein,Coevorden
38,7848CT,Alle Boelensstraat,Schoonoord
13,7854PR,Paardelandsdrift,Aalden
22,7754NV,Koematen,Wachtum
3,7742SX,Vosmatenweg,Coevorden
20,7742LH,Willem Mantelstraat,Coevorden
22,7742LH,Willem Mantelstraat,Coevorden
17,7742LS,Piet Tijsmastraat,Coevorden
15,7753TH,Nassaustraat,Dalerpeel
17,7753TH,Nassaustraat,Dalerpeel
46,7863TL,Tilweg,Gees
37,7742LR,Harm Koningstraat,Coevorden
21,7741XT,Jeroen Boschstraat,Coevorden
2,7854TR,Weersmaten,Aalden
10,7742BL,Stieltjeskanaal,Coevorden
26,7741MG,Data,Coevorden
44,7751CS,Burg ten Holteweg,Dalen
3,7751GV,Wettringerlaan,Dalen
5,7751GV,Wettringerlaan,Dalen
7,7751GV,Wettringerlaan,Dalen
9,7751GV,Wettringerlaan,Dalen
11,7751GV,Wettringerlaan,Dalen
13,7751GV,Wettringerlaan,Dalen
15,7751GV,Wettringerlaan,Dalen
17,7751GV,Wettringerlaan,Dalen
19,7751GV,Wettringerlaan,Dalen
21,7751GV,Wettringerlaan,Dalen
20,7741LD,Grutto,Coevorden
4,7917PZ,Nijverheidsstraat,Geesbrug
1,7742NB,Berlijnse Weg,Coevorden
13,7741PW,Pastoor J H Wesselstraat,Coevorden
19,7742LD,Roelie Duinkerkenstraat,Coevorden
4,7742NA,Europark Allee,Coevorden
2,7741JP,Oostersingel,Coevorden
41,7741JJ,Bentheimerstraat,Coevorden
31,7741JK,Koedijkje,Coevorden
33,7741JK,Koedijkje,Coevorden
35,7741JK,Koedijkje,Coevorden
37,7741JK,Koedijkje,Coevorden
39,7741JK,Koedijkje,Coevorden
41,7741JK,Koedijkje,Coevorden
43,7741JK,Koedijkje,Coevorden
45,7741JK,Koedijkje,Coevorden
47,7741JK,Koedijkje,Coevorden
1,7846TL,Looweg,Noord-Sleen
33,7741XT,Jeroen Boschstraat,Coevorden
66,7741EE,Looweg,Coevorden
9,7742LP,Gerhard Eilanderstraat,Coevorden
3,7841KA,Sideriusstraat,Sleen
5,7841KA,Sideriusstraat,Sleen
6,7854MA,Aelder Hooghepad,Aalden
15,7841KC,Van Royenstraat,Sleen
3,7742LP,Gerhard Eilanderstraat,Coevorden
26,7846AN,Volmachten,Noord-Sleen
1,7741JS,Melkkade,Coevorden
11,7742LP,Gerhard Eilanderstraat,Coevorden
17,7841KC,Van Royenstraat,Sleen
100,7751CD,Burg Fonteinstraat,Dalen
1,7841CC,Mottenkampsteeg,Sleen
1,7841KC,Van Royenstraat,Sleen
3,7841KC,Van Royenstraat,Sleen
5,7841KC,Van Royenstraat,Sleen
7,7841KC,Van Royenstraat,Sleen
9,7841KC,Van Royenstraat,Sleen
11,7841KC,Van Royenstraat,Sleen
10,7841KA,Sideriusstraat,Sleen
12,7841KA,Sideriusstraat,Sleen
14,7841KA,Sideriusstraat,Sleen
16,7841KA,Sideriusstraat,Sleen
5,7742LP,Gerhard Eilanderstraat,Coevorden
7,7742LP,Gerhard Eilanderstraat,Coevorden
44,7742LT,Harm Koningstraat,Coevorden
42,7742LT,Harm Koningstraat,Coevorden
61,7815VS,Mr. J. Panstraat,Emmen
70,7811DV,Monetpassage,Emmen
18,7811HC,Kapelstraat,Emmen
90,7811DV,Monetpassage,Emmen
157,7811HT,Baander,Emmen
151,7885AV,Herenstreek,Nieuw-Dordrecht
84,7815SG,Weerdingerstraat,Emmen
12,7885GP,Schepershof,Nieuw-Dordrecht
108,7833HG,Vaart NZ,Nieuw-Amsterdam
93,7826BR,Bargerweg,Emmen
503,7891AX,Langestraat,Klazienaveen
504,7891AX,Langestraat,Klazienaveen
111,7823CX,De Haar,Emmen
112,7823CX,De Haar,Emmen
113,7823CX,De Haar,Emmen
73,7891NW,Veenhoeksweg,Klazienaveen
149,7891PN,Derksweg,Klazienaveen
67,7891NW,Veenhoeksweg,Klazienaveen
176,7891PN,Derksweg,Klazienaveen
69,7891NW,Veenhoeksweg,Klazienaveen
49,7892AA,Koriander,Klazienaveen
51,7892AA,Koriander,Klazienaveen
43,7892AA,Koriander,Klazienaveen
37,7892AA,Koriander,Klazienaveen
500,7891AX,Langestraat,Klazienaveen
525,7891AW,Van Echtenskanaal NZ,Klazienaveen
11,7813CP,Hondsrooswal,Emmen
16,7813CP,Hondsrooswal,Emmen
17,7813CP,Hondsrooswal,Emmen
18,7813CP,Hondsrooswal,Emmen
26,7813CJ,Helmbloemwal,Emmen
3,7813CM,Wingerdwal,Emmen
5,7813CM,Wingerdwal,Emmen
84,7831CC,Eerste Kruisdiep WZ,Nieuw-Weerdinge
64,7811HC,Kapelstraat,Emmen
86,7811DV,Monetpassage,Emmen
88,7811DV,Monetpassage,Emmen
14,7811HC,Kapelstraat,Emmen
60,7811DV,Monetpassage,Emmen
143,7811HT,Baander,Emmen
40,7833GL,Schooldijk,Nieuw-Amsterdam
14,7813BS,Kloostertuin,Emmen
1,7813BD,Kruidentuin,Emmen
25,7761RE,Roggeakker,Schoonebeek
3,7844NA,Nieuwe weg,Veenoord
73,7881AD,Hoofdkanaal WZ,Emmer-Compascuum
107,7823CX,De Haar,Emmen
108,7823CX,De Haar,Emmen
109,7823CX,De Haar,Emmen
110,7823CX,De Haar,Emmen
11,7824NH,Vosackers,Emmen
19,7825SB,Bislett,Emmen
16,7891RA,Herderstraat,Klazienaveen
17,7891RA,Herderstraat,Klazienaveen
26,7813BC,Rozentuin,Emmen
14,7891LM,Van Echtenstraat,Klazienaveen
49,7891BS,Mr. Ovingstraat,Klazienaveen
9,7761AS,Kerkhoflaan,Schoonebeek
23,7887TP,Warmoesweg,Erica
9999,7831CG,Tussen de Wijken,Nieuw-Weerdinge
40,7831CG,Tussen de Wijken,Nieuw-Weerdinge
42,7827KC,Grijze Snip,Emmen
41,7827KC,Grijze Snip,Emmen
179,7891PN,Derksweg,Klazienaveen
2,7827KC,Grijze Snip,Emmen
13,7827KC,Grijze Snip,Emmen
20,7827KC,Grijze Snip,Emmen
25,7827KC,Grijze Snip,Emmen
3,7827KG,Houtsnip,Emmen
15,7827KE,Poelsnip,Emmen
12,7827KG,Houtsnip,Emmen
107,7881VR,Hoofdkanaal OZ,Emmer-Compascuum
109,7881AE,Hoofdkanaal WZ,Emmer-Compascuum
27,7891EA,Meridiaan,Klazienaveen
23,7891EA,Meridiaan,Klazienaveen
25,7891EA,Meridiaan,Klazienaveen
2,7761BZ,Hankenhofweg,Schoonebeek
103,7761AB,Europaweg,Schoonebeek
105,7761AB,Europaweg,Schoonebeek
106,7761AK,Europaweg,Schoonebeek
97,7761AB,Europaweg,Schoonebeek
91,7761AB,Europaweg,Schoonebeek
94,7761AK,Europaweg,Schoonebeek
95,7761AB,Europaweg,Schoonebeek
81,7761AB,Europaweg,Schoonebeek
73,7761AB,Europaweg,Schoonebeek
84,7761AJ,Europaweg,Schoonebeek
70,7761AJ,Europaweg,Schoonebeek
2,7761XS,Margrietlaan,Schoonebeek
4,7761XS,Margrietlaan,Schoonebeek
1,7761XR,Christinalaan,Schoonebeek
29,7761GK,'t Rak,Schoonebeek
34,7761GJ,'t Rak,Schoonebeek
36,7761GJ,'t Rak,Schoonebeek
30,7761GJ,'t Rak,Schoonebeek
32,7761GJ,'t Rak,Schoonebeek
4,7825VZ,Willem Barentszstraat,Emmen
82,7761AZ,Kooikerlaan,Schoonebeek
21,7761AW,Kooikerlaan,Schoonebeek
23,7761AW,Kooikerlaan,Schoonebeek
16,7761XE,De Bongerd,Schoonebeek
22,7761XE,De Bongerd,Schoonebeek
13,7761BD,Westerlanden,Schoonebeek
99,7761BN,Spanjaardspad,Schoonebeek
105,7761BN,Spanjaardspad,Schoonebeek
35,7761BL,Spanjaardspad,Schoonebeek
1,7825SC,Ullevi,Emmen
7901,7811AJ,Derksstraat,Emmen
7941,7811CV,Weerdingerstraat,Emmen
12,7822AD,Oude Roswinkelerweg,Emmen
9999,7827ZG,Veldstukken,Emmen
9,7761CP,De Slagen,Schoonebeek
32,7827KC,Grijze Snip,Emmen
6,7827KC,Grijze Snip,Emmen
15,7827KA,Snippenveld,Emmen
10,7827KA,Snippenveld,Emmen
27,7887TP,Warmoesweg,Erica
22,7887TP,Warmoesweg,Erica
31,7887TR,Tuindershof,Erica
31,7887TN,Beekweg,Erica
13,7891AM,Verlengde Bladderswijk WZ,Klazienaveen
98,7887TM,Peelstraat,Erica
85,7891PM,Derksweg,Klazienaveen
114,7761AK,Europaweg,Schoonebeek
23,7825AB,Charles Darwinstraat,Emmen
137,7811HT,Baander,Emmen
34,7811HC,Kapelstraat,Emmen
22,7811HC,Kapelstraat,Emmen
44,7811HC,Kapelstraat,Emmen
139,7811HT,Baander,Emmen
152,7811DX,Monetpassage,Emmen
78,7811DV,Monetpassage,Emmen
120,7811DX,Monetpassage,Emmen
92,7811DV,Monetpassage,Emmen
36,7811DM,Monetpassage,Emmen
133,7811HT,Baander,Emmen
159,7811HT,Baander,Emmen
110,7811DV,Monetpassage,Emmen
119,7811HT,Baander,Emmen
115,7811HT,Baander,Emmen
34,7811DM,Monetpassage,Emmen
114,7811DV,Monetpassage,Emmen
64,7811DV,Monetpassage,Emmen
126,7811DX,Monetpassage,Emmen
146,7884TC,Limietweg,Barger-Compascuum
4,7813DJ,Lunekehaar,Emmen
6,7761PW,Dwarsakker,Schoonebeek
46,7833JD,Verlengde Herendijk,Nieuw-Amsterdam
56,7822EL,Dennenlaan,Emmen
38,7824AA,Boermarkeweg,Emmen
85,7831CC,Eerste Kruisdiep WZ,Nieuw-Weerdinge
508,7891AW,Van Echtenskanaal NZ,Klazienaveen
514,7891AW,Van Echtenskanaal NZ,Klazienaveen
517,7891AW,Van Echtenskanaal NZ,Klazienaveen
520,7891AW,Van Echtenskanaal NZ,Klazienaveen
513,7891AW,Van Echtenskanaal NZ,Klazienaveen
505,7891AX,Langestraat,Klazienaveen
530,7891AW,Van Echtenskanaal NZ,Klazienaveen
1,7761EA,Beekmaat,Schoonebeek
3,7761DT,Achterkamp,Schoonebeek
5,7761DT,Achterkamp,Schoonebeek
17,7761DT,Achterkamp,Schoonebeek
14,7761DR,Achterkamp,Schoonebeek
16,7761DR,Achterkamp,Schoonebeek
20,7761DR,Achterkamp,Schoonebeek
27,7761DT,Achterkamp,Schoonebeek
21,7761DT,Achterkamp,Schoonebeek
25,7761DT,Achterkamp,Schoonebeek
33,7761DV,Achterkamp,Schoonebeek
31,7761DV,Achterkamp,Schoonebeek
26,7761DR,Achterkamp,Schoonebeek
51,7761DV,Achterkamp,Schoonebeek
50,7761DS,Achterkamp,Schoonebeek
35,7761DV,Achterkamp,Schoonebeek
43,7761DV,Achterkamp,Schoonebeek
39,7761DV,Achterkamp,Schoonebeek
40,7761DM,De Beeklanden,Schoonebeek
29,7761DA,De Beeklanden,Schoonebeek
21,7761PE,Westersebos,Schoonebeek
9,7761PE,Westersebos,Schoonebeek
22,7761PG,Westersebos,Schoonebeek
20,7761PG,Westersebos,Schoonebeek
16,7761PG,Westersebos,Schoonebeek
8,7761PG,Westersebos,Schoonebeek
6,7761PG,Westersebos,Schoonebeek
14,7761PG,Westersebos,Schoonebeek
9,7761PD,Nieuw-Amsterdamseweg,Schoonebeek
11,7761PD,Nieuw-Amsterdamseweg,Schoonebeek
12,7761AG,Europaweg,Schoonebeek
6,7761AG,Europaweg,Schoonebeek
2,7761PT,Koelveenweg,Schoonebeek
8,7766AL,Europaweg,Nieuw-Schoonebeek
4,7766AL,Europaweg,Nieuw-Schoonebeek
1,7766AA,Europaweg,Nieuw-Schoonebeek
11,7766AA,Europaweg,Nieuw-Schoonebeek
13,7766AA,Europaweg,Nieuw-Schoonebeek
17,7766AA,Europaweg,Nieuw-Schoonebeek
35,7766AA,Europaweg,Nieuw-Schoonebeek
37,7766AA,Europaweg,Nieuw-Schoonebeek
31,7766AA,Europaweg,Nieuw-Schoonebeek
20,7766AL,Europaweg,Nieuw-Schoonebeek
22,7766AL,Europaweg,Nieuw-Schoonebeek
33,7761GK,'t Rak,Schoonebeek
52,7761GL,'t Rak,Schoonebeek
55,7761GP,Het Schut,Schoonebeek
51,7761GP,Het Schut,Schoonebeek
25,7761GK,'t Rak,Schoonebeek
3,7761GE,Grellimaat,Schoonebeek
8,7761GE,Grellimaat,Schoonebeek
9,7761GK,'t Rak,Schoonebeek
11,7761GK,'t Rak,Schoonebeek
1,7761DJ,De Maten,Schoonebeek
11,7761DJ,De Maten,Schoonebeek
