18,8243GP,Jol 24,Lelystad
18,8243GS,Jol 25,Lelystad
3,8243GV,Jol 27,Lelystad
8,8243GW,Jol 28,Lelystad
4,8243HC,Jol 32,Lelystad
13,8223ZA,Gelderse Hoek,Lelystad
14,8223ZA,Gelderse Hoek,Lelystad
15,8223ZA,Gelderse Hoek,Lelystad
1,8223ZA,Gelderse Hoek,Lelystad
2,8223ZA,Gelderse Hoek,Lelystad
3,8223ZA,Gelderse Hoek,Lelystad
5,8223ZA,Gelderse Hoek,Lelystad
9,8223ZA,Gelderse Hoek,Lelystad
152,8224DJ,Fjord,Lelystad
32,8243XH,Schoener 44,Lelystad
142,8224DJ,Fjord,Lelystad
143,8224DJ,Fjord,Lelystad
145,8224DJ,Fjord,Lelystad
146,8224DJ,Fjord,Lelystad
147,8224DJ,Fjord,Lelystad
149,8224DJ,Fjord,Lelystad
151,8224DJ,Fjord,Lelystad
138,8224DJ,Fjord,Lelystad
124,8224DH,Fjord,Lelystad
126,8224DH,Fjord,Lelystad
129,8224DH,Fjord,Lelystad
130,8224DH,Fjord,Lelystad
131,8224DH,Fjord,Lelystad
133,8224DJ,Fjord,Lelystad
134,8224DJ,Fjord,Lelystad
109,8224DG,Fjord,Lelystad
111,8224DG,Fjord,Lelystad
112,8224DH,Fjord,Lelystad
113,8224DH,Fjord,Lelystad
115,8224DH,Fjord,Lelystad
119,8224DH,Fjord,Lelystad
120,8224DH,Fjord,Lelystad
121,8224DH,Fjord,Lelystad
108,8224DG,Fjord,Lelystad
97,8224DG,Fjord,Lelystad
98,8224DG,Fjord,Lelystad
52,8232NJ,Tjalk 30,Lelystad
102,8224DG,Fjord,Lelystad
103,8224DG,Fjord,Lelystad
105,8224DG,Fjord,Lelystad
92,8224DE,Fjord,Lelystad
93,8224DE,Fjord,Lelystad
94,8224DG,Fjord,Lelystad
82,8224DE,Fjord,Lelystad
83,8224DE,Fjord,Lelystad
84,8224DE,Fjord,Lelystad
86,8224DE,Fjord,Lelystad
87,8224DE,Fjord,Lelystad
88,8224DE,Fjord,Lelystad
91,8224DE,Fjord,Lelystad
77,8224DE,Fjord,Lelystad
78,8224DE,Fjord,Lelystad
79,8224DE,Fjord,Lelystad
68,8224DD,Fjord,Lelystad
50,8232NJ,Tjalk 30,Lelystad
72,8224DD,Fjord,Lelystad
73,8224DD,Fjord,Lelystad
75,8224DD,Fjord,Lelystad
60,8224DD,Fjord,Lelystad
64,8224DD,Fjord,Lelystad
66,8224DD,Fjord,Lelystad
53,8224DC,Fjord,Lelystad
54,8224DC,Fjord,Lelystad
56,8224DC,Fjord,Lelystad
57,8224DC,Fjord,Lelystad
59,8224DD,Fjord,Lelystad
45,8224DC,Fjord,Lelystad
47,8224DC,Fjord,Lelystad
48,8224DC,Fjord,Lelystad
22,8225TJ,Griend 37,Lelystad
27,8243HM,Jol 40,Lelystad
44,8242GL,Punter 48,Lelystad
48,8219PC,Visvijverweg,Lelystad
17,8225AX,Wold 21,Lelystad
210,8239DB,Apolloweg,Lelystad
37,8225LR,Horst 10,Lelystad
37,8225TH,Griend 37,Lelystad
65,8225BB,Wold 23,Lelystad
30,8243ED,Jol 11,Lelystad
20,8218ND,Vogelweg,Lelystad
44,8242DM,Punter 19,Lelystad
20,8242DL,Punter 18,Lelystad
35,8225MX,Horst 29,Lelystad
32,8225VJ,Griend 12,Lelystad
52,8231DC,Kempenaar 30,Lelystad
36,8231CT,Kempenaar 28,Lelystad
148,8226BD,Oostzeestraat,Lelystad
47,8242ET,Punter 37,Lelystad
37,8232XJ,Schouw 53,Lelystad
2,8242GJ,Punter 45,Lelystad
53,8243LM,Galjoen 22,Lelystad
301,8226HD,Voorstraat,Lelystad
10,8231GK,Kempenaar 24,Lelystad
11,8231CA,Kempenaar 23,Lelystad
22,8242ES,Punter 37,Lelystad
8,8243DD,Gondel 34,Lelystad
3,8243CZ,Gondel 32,Lelystad
12,8232NA,Tjalk 42,Lelystad
191,8244BJ,Ringdijk,Lelystad
5,8242AW,Kogge 06,Lelystad
26,8224AG,Damrif,Lelystad
38,8243LE,Galjoen 27,Lelystad
1,8226JZ,Markermeerstraat,Lelystad
37,8245DG,Oostermoer,Lelystad
14,8224HN,Archipel 37,Lelystad
64,8242CL,Boeier 04,Lelystad
152,8233BJ,Het Ravelijn,Lelystad
8,8223XE,Malzwin,Lelystad
15,8231BC,Karveel 20,Lelystad
37,8223XC,Marderhoek,Lelystad
54,8225EM,Kamp 27,Lelystad
3,8225EK,Kamp 27,Lelystad
17,8223PC,Langevelderslag,Lelystad
62,8212XM,Haf,Lelystad
18,8245BP,Liemers,Lelystad
72,8245BW,Zwanenwater,Lelystad
60,8211AR,Platinastraat,Lelystad
45,8226LZ,Waalstraat,Lelystad
10,8218NW,Flamingoweg,Lelystad
11,8242JG,Zeepaert,Lelystad
7,8224HG,Archipel 34,Lelystad
25,8226RG,Nienoord,Lelystad
158,8224CK,Klip,Lelystad
2,8225DW,Kamp 22,Lelystad
36,8223CN,Breehorn,Lelystad
34,8223BG,Blokkerhoek,Lelystad
25,8223XM,Amsteldiep,Lelystad
8,8243XL,Schoener 46,Lelystad
23,8225KL,Zoom 17,Lelystad
8,8225BZ,Wold 14,Lelystad
195,8226LG,Rivierenlaan,Lelystad
21,8225DT,Kamp 20,Lelystad
26,8223ZB,Gelderse Hoek,Lelystad
274,8233BN,Het Ravelijn,Lelystad
56,8225ST,Griend 32,Lelystad
24,8225VD,Griend 10,Lelystad
193,8226ML,Rhônestraat,Lelystad
23,8243TJ,Schoener 15,Lelystad
49,8225ML,Horst 25,Lelystad
27,8225MK,Horst 25,Lelystad
29,8224BV,Gors,Lelystad
21,8224DL,Baai,Lelystad
50,8243MB,Galjoen 22,Lelystad
23,8226AM,Noordzeestraat,Lelystad
44,8225RS,Griend 19,Lelystad
67,8224ME,Parkzijde,Lelystad
45,8243PX,Schoepenweg,Lelystad
29,8245CV,Rijnland,Lelystad
56,8226LZ,Waalstraat,Lelystad
11,8231BH,Karveel 33,Lelystad
16,8225LH,Horst 15,Lelystad
28,8226RX,De Klencke,Lelystad
49,8226RK,Duinbeek,Lelystad
82,8245CJ,Salland,Lelystad
47,8243KT,Botter 36,Lelystad
20,8231BK,Karveel 35,Lelystad
7,8243KG,Botter 31,Lelystad
31,8232ME,Tjalk 33,Lelystad
7,8231AC,Karveel 05,Lelystad
38,8225LK,Horst 16,Lelystad
66,8244EW,Weerribben,Lelystad
85,8244EX,Weerribben,Lelystad
107,8241AX,Birdielaan,Lelystad
34,8232LT,Tjalk 29,Lelystad
44,8212DB,Rozengaard 11,Lelystad
42,8244GA,Hollandse Hout,Lelystad
74,8226RB,Assumburg,Lelystad
55,8244EC,Weerribben,Lelystad
3,8245BT,Zwanenwater,Lelystad
122,8241AN,Eaglelaan,Lelystad
11,8224HV,Archipel 44,Lelystad
12,8224HP,Archipel 40,Lelystad
27,8223BJ,Hoek van het IJ,Lelystad
90,8226RK,Duinbeek,Lelystad
9,8245BT,Zwanenwater,Lelystad
1,8243LP,Galjoen 20,Lelystad
12,8245CW,Twente,Lelystad
145,8242JD,Saerdam,Lelystad
33,8225NG,Horst 32,Lelystad
17,8223CW,Grienderwaard,Lelystad
25,8224EK,Oostkaap,Lelystad
105,8224JL,Agoradek,Lelystad
76,8242CR,Karveel 56,Lelystad
69,8244CE,Beemster,Lelystad
37,8242EK,Punter 35,Lelystad
36,8231JN,De Veste 17,Lelystad
38,8225GR,Kamp 31,Lelystad
3,8225GL,Kamp 29,Lelystad
2,8225GM,Kamp 30,Lelystad
35,8232VH,Stadhuisstraat,Lelystad
48,8244DK,Lemmerstraat,Lelystad
17,8242XR,Karveel 55,Lelystad
11,8242XN,Karveel 54,Lelystad
29,8242BE,Kempenaar 04,Lelystad
20,8243XV,Schoener 49,Lelystad
14,8231JJ,De Veste 16,Lelystad
28,8232JJ,Botter 18,Lelystad
40,8242GA,Punter 40,Lelystad
134,8224ZJ,Zandbank,Lelystad
201,8212VM,Plantage,Lelystad
52,8231JL,De Veste 15,Lelystad
49,8243GN,Jol 24,Lelystad
55,8231DB,Kempenaar 30,Lelystad
46,8232JD,Botter 13,Lelystad
66,8231VW,Kempenaar 14,Lelystad
47,8231VN,Kempenaar 12,Lelystad
3,8224ZA,Zandbank,Lelystad
347,8244BL,Ringdijk,Lelystad
178,8226GL,Grevelingenstraat,Lelystad
45,8243BX,Gondel 18,Lelystad
50,8232ZD,Schouw 14,Lelystad
16,8225DE,Kamp 12,Lelystad
21,8243GD,Jol 17,Lelystad
8,8243EB,Jol 16,Lelystad
7,8242DR,Punter 21,Lelystad
63,8231VD,Kempenaar 09,Lelystad
33,8243BN,Gondel 15,Lelystad
24,8243BK,Gondel 13,Lelystad
144,8245BD,Vijfherenlanden,Lelystad
62,8225DK,Kamp 16,Lelystad
14,8224CP,Lagune,Lelystad
45,8233BE,Grietenij 11,Lelystad
5,8226RV,Salentein,Lelystad
18,8232MV,Tjalk 41,Lelystad
44,8223GA,Bastion,Lelystad
40,8225NZ,Horst 36,Lelystad
11,8243TD,Schoener 12,Lelystad
6,8243KB,Botter 39,Lelystad
25,8225LE,Horst 13,Lelystad
13,8225LC,Horst 12,Lelystad
8,8226JV,Tjeukemeerstraat,Lelystad
9,8232ML,Tjalk 38,Lelystad
21,8242CD,Boeier 02,Lelystad
10,8225AC,Wold 10,Lelystad
134,8226RE,Burgvliet,Lelystad
103,8223GL,Bastion,Lelystad
457,8226KD,Voorstraat,Lelystad
42,8231EL,Kempenaar 16,Lelystad
84,8232VE,Stadhuisstraat,Lelystad
15,8226AC,Sont,Lelystad
2,8242XJ,Karveel 53,Lelystad
287,8224KD,Neringweg,Lelystad
159,8244AD,Binnendijk,Lelystad
16,8243HL,Jol 39,Lelystad
62,8243GZ,Jol 29,Lelystad
103,8244DG,Harderwijkstraat,Lelystad
211,8232WC,Muntstraat,Lelystad
306,8224KL,Neringweg,Lelystad
40,8243BH,Gondel 11,Lelystad
5,8231VC,Kempenaar 09,Lelystad
63,8242DZ,Punter 24,Lelystad
4,8232KH,Botter 29,Lelystad
7,8232KM,Botter 27,Lelystad
114,8226AL,Noordzeestraat,Lelystad
44,8226AS,Zeelaan,Lelystad
83,8226DG,Getijdenlaan,Lelystad
204,8226BJ,Oostzeestraat,Lelystad
169,8244BJ,Ringdijk,Lelystad
57,8212AR,Oostrandpark,Lelystad
2,8225DB,Kamp 11,Lelystad
69,8243GE,Jol 17,Lelystad
183,8226AH,Noordzeestraat,Lelystad
85,8226BG,Oostzeestraat,Lelystad
26,8232KW,Botter 22,Lelystad
10,8244CH,Wogmeer,Lelystad
199,8244AE,Binnendijk,Lelystad
8,8242GH,Punter 47,Lelystad
220,8244BN,Ringdijk,Lelystad
76,8225GA,Kamp 13,Lelystad
40,8243WD,Schoener 32,Lelystad
66,8243VT,Schoener 29,Lelystad
44,8232JG,Botter 19,Lelystad
20,8232JJ,Botter 18,Lelystad
42,8232JK,Botter 17,Lelystad
43,8242EW,Punter 39,Lelystad
103,8224ZH,Zandbank,Lelystad
205,8212VN,Plantage,Lelystad
158,8212VK,Plantage,Lelystad
6,8212EA,De Scheren,Lelystad
25,8243GN,Jol 24,Lelystad
79,8231VT,Kempenaar 14,Lelystad
17,8243HB,Jol 31,Lelystad
19,8219PH,Edelhertweg,Lelystad
383,8244BM,Ringdijk,Lelystad
7,8231JC,De Veste 13,Lelystad
27,8226JK,Bergumermeerstraat,Lelystad
38,8243BW,Gondel 18,Lelystad
37,8232ZH,Schouw 14,Lelystad
61,8225DD,Kamp 12,Lelystad
36,8243EB,Jol 16,Lelystad
31,8243LV,Galjoen 23,Lelystad
22,8231VP,Kempenaar 12,Lelystad
39,8243EJ,Jol 13,Lelystad
108,8244AR,Schermer,Lelystad
55,8244AL,Schermer,Lelystad
37,8232XD,Schouw 51,Lelystad
60,8243AH,Kogge 12,Lelystad
103,8226AD,Sont,Lelystad
429,8223GS,Bastion,Lelystad
387,8223GS,Bastion,Lelystad
12,8243EH,Jol 13,Lelystad
47,8231VK,Kempenaar 11,Lelystad
22,8226BA,Oostzeestraat,Lelystad
89,8226BS,Wittezeestraat,Lelystad
6,8232NE,Tjalk 32,Lelystad
4,8243CL,Gondel 25,Lelystad
4,8225RL,Griend 16,Lelystad
37,8243AD,Kogge 11,Lelystad
54,8242AA,Kogge 08,Lelystad
49,8226BR,Wittezeestraat,Lelystad
19,8242EG,Punter 32,Lelystad
3,8242DD,Punter 14,Lelystad
72,8225TV,Griend 41,Lelystad
81,8244CG,Beemster,Lelystad
78,8226CB,Zwartezeestraat,Lelystad
31,8226CC,Zwartezeestraat,Lelystad
161,8232GE,Dukaatpassage,Lelystad
42,8225GV,Kamp 32,Lelystad
15,8231EW,Kempenaar 19,Lelystad
525,8226KL,Voorstraat,Lelystad
14,8242DC,Punter 10,Lelystad
44,8242AK,Kogge 02,Lelystad
141,8226BW,Oostzeestraat,Lelystad
17,8232NH,Tjalk 30,Lelystad
44,8231JL,De Veste 15,Lelystad
9,8232RK,Memelstraat,Lelystad
43,8231CJ,Kempenaar 26,Lelystad
134,8245BD,Vijfherenlanden,Lelystad
119,8245CT,Rijnland,Lelystad
29,8226LR,Amer,Lelystad
15,8245CP,Noordenveld,Lelystad
17,8232RG,Windaustraat,Lelystad
27,8243EC,Jol 10,Lelystad
35,8242AR,Kogge 04,Lelystad
46,8244GA,Hollandse Hout,Lelystad
52,8243GB,Jol 17,Lelystad
29,8223GJ,Bastion,Lelystad
12,8243DD,Gondel 34,Lelystad
456,8233BW,Het Ravelijn,Lelystad
25,8244CL,Wormer,Lelystad
7,8226ST,Slotenlaan,Lelystad
467,8233BW,Het Ravelijn,Lelystad
51,8225MX,Horst 29,Lelystad
18,8245CX,De Peel,Lelystad
17,8225GA,Kamp 13,Lelystad
14,8225GE,Kamp 10,Lelystad
15,8239AB,Zuiderpoort,Lelystad
11,8224CA,Klip,Lelystad
57,8223BL,Hoek van het IJ,Lelystad
105,8244DJ,Lemmerstraat,Lelystad
12,8212DN,Rozengaard 17,Lelystad
104,8226MD,Rhônestraat,Lelystad
31,8225MS,Horst 27,Lelystad
41,8232MA,Tjalk 22,Lelystad
148,8244DL,Harderwijkstraat,Lelystad
34,8226RZ,Oldengaerde,Lelystad
13,8225TA,Griend 34,Lelystad
49,8226MJ,Rhônestraat,Lelystad
22,8226MC,Rhônestraat,Lelystad
27,8243LX,Galjoen 19,Lelystad
5,8223DA,IJssellaan,Lelystad
5,8244DR,Edamstraat,Lelystad
1,8218NT,Dakotaweg,Lelystad
80,8225RB,Griend 22,Lelystad
43,8225RA,Griend 22,Lelystad
4,8225RT,Griend 21,Lelystad
4,8243ME,Galjoen 13,Lelystad
11,8218NJ,Pascallaan,Lelystad
167,8245CT,Rijnland,Lelystad
8,8212DD,Rozengaard 12,Lelystad
32,8226RX,De Klencke,Lelystad
3,8242CJ,Boeier 03,Lelystad
91,8242CG,Boeier 02,Lelystad
42,8243KL,Botter 32,Lelystad
6,8232LW,Tjalk 34,Lelystad
46,8231AM,Karveel 07,Lelystad
5,8231AC,Karveel 05,Lelystad
2,8231AB,Karveel 04,Lelystad
32,8225RD,Griend 20,Lelystad
13,8225LT,Horst 18,Lelystad
33,8225LJ,Horst 15,Lelystad
83,8244EX,Weerribben,Lelystad
37,8232MS,Tjalk 36,Lelystad
24,8232LT,Tjalk 29,Lelystad
40,8212DB,Rozengaard 11,Lelystad
10,8224ET,Stadspark,Lelystad
52,8244GC,Hollandse Hout,Lelystad
12,8231DZ,Bosweg,Lelystad
42,8244DX,Spakenburglaan,Lelystad
7,8244EH,Belterwiede,Lelystad
3,8245BR,Graafschap,Lelystad
9,8224HT,Archipel 42,Lelystad
24,8224HN,Archipel 37,Lelystad
60,8226RK,Duinbeek,Lelystad
36,8226RL,Zuidewijn,Lelystad
97,8243HW,Stadseiland,Lelystad
10,8244DZ,Uitdamstraat,Lelystad
32,8225MP,Horst 28,Lelystad
79,8242JC,Saerdam,Lelystad
11,8223BH,Hoek van het IJ,Lelystad
41,8243EN,Jol 14,Lelystad
130,8226EZ,Voorstraat,Lelystad
56,8242DT,Punter 22,Lelystad
52,8243EG,Jol 10,Lelystad
19,8243BT,Gondel 16,Lelystad
45,8225BB,Wold 23,Lelystad
9,8225BA,Wold 23,Lelystad
41,8243HM,Jol 40,Lelystad
25,8225DA,Kamp 11,Lelystad
19,8225NE,Horst 33,Lelystad
22,8225NM,Horst 38,Lelystad
14,8242GR,Punter 49,Lelystad
5,8242GM,Punter 47,Lelystad
14,8231VV,Kempenaar 14,Lelystad
8,8225AX,Wold 21,Lelystad
59,8225MX,Horst 29,Lelystad
8,8226RW,Twickel,Lelystad
13,8225LR,Horst 10,Lelystad
34,8225TJ,Griend 37,Lelystad
15,8225NL,Horst 38,Lelystad
36,8243EE,Jol 11,Lelystad
4,8231VE,Kempenaar 08,Lelystad
11,8242DN,Punter 19,Lelystad
232,8226LH,Rivierenlaan,Lelystad
5,8243AJ,Kogge 12,Lelystad
66,8231CV,Kempenaar 28,Lelystad
4,8231CS,Kempenaar 28,Lelystad
13,8242AN,Kogge 03,Lelystad
49,8242WD,Karveel 58,Lelystad
6,8232XH,Schouw 53,Lelystad
9,8242GC,Punter 40,Lelystad
595,8226KM,Voorstraat,Lelystad
279,8226HD,Voorstraat,Lelystad
33,8231CH,Kempenaar 26,Lelystad
16,8231GK,Kempenaar 24,Lelystad
36,8231CC,Kempenaar 23,Lelystad
29,8231GG,Kempenaar 22,Lelystad
46,8243DE,Gondel 35,Lelystad
7,8243DC,Gondel 34,Lelystad
41,8242EG,Punter 32,Lelystad
31,8232MZ,Tjalk 41,Lelystad
426,8244BT,Ringdijk,Lelystad
61,8245EA,De Streek,Lelystad
15,8231JA,De Veste 10,Lelystad
14,8231JB,De Veste 11,Lelystad
34,8225AW,Wold 20,Lelystad
101,8224ME,Parkzijde,Lelystad
51,8224MD,Parkzijde,Lelystad
79,8224ME,Parkzijde,Lelystad
9,8224MC,Parkzijde,Lelystad
18,8225VJ,Griend 12,Lelystad
217,8226LG,Rivierenlaan,Lelystad
76,8224BP,Meentweg,Lelystad
205,8226LG,Rivierenlaan,Lelystad
19,8226DH,Vloedstraat,Lelystad
77,8226LJ,Rivierenlaan,Lelystad
59,8225ND,Horst 33,Lelystad
50,8225NZ,Horst 36,Lelystad
13,8231DK,Karveel 40,Lelystad
15,8226LL,Neckarstraat,Lelystad
126,8226LD,Donaustraat,Lelystad
15,8225SR,Griend 30,Lelystad
49,8233BE,Grietenij 11,Lelystad
53,8233BE,Grietenij 11,Lelystad
19,8233BH,Grietenij 12,Lelystad
40,8233BD,Grietenij 11,Lelystad
7,8233BG,Grietenij 12,Lelystad
9,8225HM,Kamp 41,Lelystad
11,8225HL,Kamp 40,Lelystad
23,8226JZ,Markermeerstraat,Lelystad
15,8226JZ,Markermeerstraat,Lelystad
92,8226DG,Getijdenlaan,Lelystad
58,8225EM,Kamp 27,Lelystad
18,8225EL,Kamp 27,Lelystad
46,8225EJ,Kamp 26,Lelystad
29,8243TN,Schoener 17,Lelystad
24,8225EH,Kamp 26,Lelystad
10,8225DV,Kamp 21,Lelystad
49,8225DT,Kamp 20,Lelystad
58,8225DS,Kamp 20,Lelystad
30,8225DR,Kamp 20,Lelystad
48,8225DS,Kamp 20,Lelystad
18,8225DR,Kamp 20,Lelystad
9,8225DT,Kamp 20,Lelystad
4,8225DR,Kamp 20,Lelystad
31,8225GD,Kamp 14,Lelystad
27,8225GD,Kamp 14,Lelystad
18,8225GC,Kamp 14,Lelystad
32,8225VH,Griend 11,Lelystad
37,8225GB,Kamp 13,Lelystad
32,8225GA,Kamp 13,Lelystad
5,8225GA,Kamp 13,Lelystad
19,8225GA,Kamp 13,Lelystad
2,8225MR,Horst 27,Lelystad
82,8225MJ,Horst 25,Lelystad
72,8225MJ,Horst 25,Lelystad
54,8225MJ,Horst 25,Lelystad
33,8225MK,Horst 25,Lelystad
28,8225MH,Horst 25,Lelystad
61,8225MC,Horst 22,Lelystad
20,8225MA,Horst 22,Lelystad
10,8226RX,De Klencke,Lelystad
20,8226RX,De Klencke,Lelystad
22,8226RX,De Klencke,Lelystad
9,8226RZ,Oldengaerde,Lelystad
15,8226RZ,Oldengaerde,Lelystad
19,8226RZ,Oldengaerde,Lelystad
21,8226RZ,Oldengaerde,Lelystad
7,8226RX,De Klencke,Lelystad
11,8226RX,De Klencke,Lelystad
17,8226RX,De Klencke,Lelystad
23,8226RX,De Klencke,Lelystad
8,8226RZ,Oldengaerde,Lelystad
14,8226RZ,Oldengaerde,Lelystad
20,8226RZ,Oldengaerde,Lelystad
4,8226AJ,Noordzeestraat,Lelystad
43,8225HE,Kamp 33,Lelystad
44,8231EL,Kempenaar 16,Lelystad
12,8243LE,Galjoen 27,Lelystad
2,8243LR,Galjoen 24,Lelystad
9,8243CN,Gondel 26,Lelystad
16,8243EL,Jol 14,Lelystad
5,8231VN,Kempenaar 12,Lelystad
91,8231VK,Kempenaar 11,Lelystad
28,8244AN,Schermer,Lelystad
23,8232XG,Schouw 52,Lelystad
33,8226AC,Sont,Lelystad
17,8225PA,Horst 26,Lelystad
87,8226AD,Sont,Lelystad
173,8226LE,Rivierenlaan,Lelystad
557,8226KL,Voorstraat,Lelystad
27,8226TG,Borggraaf,Lelystad
10,8232MT,Tjalk 36,Lelystad
4,8243TH,Schoener 14,Lelystad
68,8242GR,Punter 49,Lelystad
162,8226LC,Donaustraat,Lelystad
57,8231DB,Kempenaar 30,Lelystad
29,8243HA,Jol 30,Lelystad
55,8245ED,Delfland,Lelystad
70,8232VT,Stationsplein,Lelystad
10,8232AE,Schouw 39,Lelystad
58,8226TC,Menkemaborg,Lelystad
7,8243JD,Botter 43,Lelystad
17,8226EN,Haringvlietlaan,Lelystad
32,8243ML,Galjoen 11,Lelystad
92,8226RS,Cannenburch,Lelystad
44,8231CL,Kempenaar 26,Lelystad
7,8232JP,Botter 14,Lelystad
36,8245GG,Waterland,Lelystad
6,8232RC,Danzigstraat,Lelystad
76,8232RC,Danzigstraat,Lelystad
4,8211AB,Pekstraat,Lelystad
8,8243XD,Schoener 40,Lelystad
56,8232DV,Waagpassage,Lelystad
22,8224BR,De Meent,Lelystad
181,8224BM,Kustrif,Lelystad
38,8243ER,Jol 15,Lelystad
35,8232JB,Botter 12,Lelystad
8,8231EV,Kempenaar 18,Lelystad
87,8225AB,Wold 10,Lelystad
24,8243GJ,Jol 21,Lelystad
9,8231GJ,Kempenaar 24,Lelystad
51,8226DK,Vloedstraat,Lelystad
10,8224AE,Damrif,Lelystad
37,8226TJ,Bouvigne,Lelystad
24,8243VK,Schoener 26,Lelystad
12,8243LB,Galjoen 29,Lelystad
46,8242ET,Punter 37,Lelystad
20,8226MB,Taagstraat,Lelystad
28,8232RS,Rigastraat,Lelystad
2,8243ME,Galjoen 13,Lelystad
21,8232LH,Tjalk 13,Lelystad
32,8232BA,Schouw 46,Lelystad
7,8212DK,Rozengaard 15,Lelystad
22,8232RN,Kolbergstraat,Lelystad
16,8225LW,Horst 20,Lelystad
14,8225SZ,Griend 33,Lelystad
10,8245CW,Twente,Lelystad
33,8245CZ,Oostergo,Lelystad
1,8223CW,Grienderwaard,Lelystad
14,8223CT,Robbenzand,Lelystad
111,8223CS,Breehorn,Lelystad
160,8226AV,Zeelaan,Lelystad
47,8226EG,Hollands Diepstraat,Lelystad
26,8226EB,Biesbosstraat,Lelystad
31,8226DD,Getijdenlaan,Lelystad
61,8226EN,Haringvlietlaan,Lelystad
109,8244AZ,Purmer,Lelystad
157,8241AC,Golfpark,Lelystad
7,8225VE,Griend 10,Lelystad
52,8223DP,Zwartewater,Lelystad
17,8232AC,Schouw 38,Lelystad
11,8232AC,Schouw 38,Lelystad
285,8239DC,Apolloweg,Lelystad
28,8212VB,Plantage,Lelystad
107,8223WJ,Langezand,Lelystad
75,8226DL,Vloedstraat,Lelystad
98,8244BD,Ringdijk,Lelystad
42,8224EH,Westkaap,Lelystad
55,8232NH,Tjalk 30,Lelystad
14,8224EA,Strand,Lelystad
6,8223DS,Schipbeek,Lelystad
31,8231DN,Karveel 39,Lelystad
38,8231BS,Karveel 36,Lelystad
10,8242VA,Karveel 45,Lelystad
40,8226RZ,Oldengaerde,Lelystad
106,8244GE,Hollandse Hout,Lelystad
104,8224MJ,Marktstraat,Lelystad
15,8223XA,Marderhoek,Lelystad
29,8225BV,Wold 13,Lelystad
567,8226KM,Voorstraat,Lelystad
21,8225KL,Zoom 17,Lelystad
95,8224AK,Damrif,Lelystad
21,8245GN,Langstraat,Lelystad
24,8226TL,Schierstins,Lelystad
48,8232KK,Botter 28,Lelystad
18,8226JH,Gooimeerstraat,Lelystad
67,8226EN,Haringvlietlaan,Lelystad
48,8226HM,Veluwemeerstraat,Lelystad
1,8242DL,Punter 18,Lelystad
20,8211AC,Asfaltstraat,Lelystad
123,8224BJ,Kustrif,Lelystad
78,8242VP,Karveel 49,Lelystad
47,8226JE,Merenlaan,Lelystad
31,8211AA,Binnenhavenweg,Lelystad
65,8232LE,Tjalk 11,Lelystad
204,8212WP,Hofstede,Lelystad
9,8225AD,Wold 16,Lelystad
53,8225BW,Wold 13,Lelystad
18,8212WC,Hofstede,Lelystad
70,8232ZK,Schouw 15,Lelystad
307,8233BT,Het Ravelijn,Lelystad
50,8244GA,Hollandse Hout,Lelystad
34,8243BC,Gondel 10,Lelystad
34,8242GH,Punter 47,Lelystad
12,8243BC,Gondel 10,Lelystad
27,8226HJ,Drontermeerstraat,Lelystad
65,8225DA,Kamp 11,Lelystad
65,8225DG,Kamp 15,Lelystad
20,8225DE,Kamp 12,Lelystad
2,8243WN,Schoener 36,Lelystad
50,8243WJ,Schoener 35,Lelystad
13,8243WH,Schoener 34,Lelystad
22,8243WD,Schoener 32,Lelystad
90,8226RS,Cannenburch,Lelystad
110,8226RT,Cannenburch,Lelystad
124,8226RT,Cannenburch,Lelystad
38,8225DJ,Kamp 16,Lelystad
49,8224ZW,Bovenover,Lelystad
8,8224ZV,Bovenover,Lelystad
180,8212BK,Bongerd,Lelystad
109,8212BG,Bongerd,Lelystad
306,8224JE,Neringpassage,Lelystad
71,8226RK,Duinbeek,Lelystad
123,8244DJ,Lemmerstraat,Lelystad
154,8211BD,Groene Velden,Lelystad
138,8244GE,Hollandse Hout,Lelystad
35,8232BD,Schouw 48,Lelystad
29,8226TL,Schierstins,Lelystad
47,8226RH,Ekenstein,Lelystad
19,8242CV,Karveel 57,Lelystad
360,8244BS,Ringdijk,Lelystad
70,8231JP,De Veste 17,Lelystad
33,8225GS,Kamp 31,Lelystad
20,8225GM,Kamp 30,Lelystad
14,8231DJ,Kempenaar 33,Lelystad
33,8244DN,Stavorenstraat,Lelystad
21,8242XR,Karveel 55,Lelystad
41,8242BE,Kempenaar 04,Lelystad
31,8231JE,De Veste 16,Lelystad
347,8224KG,Neringweg,Lelystad
2,8226TA,Pauwenburg,Lelystad
126,8223GC,Bastion,Lelystad
32,8231EG,Kempenaar 15,Lelystad
175,8226BX,Oostzeestraat,Lelystad
59,8242XE,Karveel 51,Lelystad
365,8224KH,Neringweg,Lelystad
22,8242EL,Punter 35,Lelystad
1,8242ER,Punter 34,Lelystad
11,8243HK,Jol 38,Lelystad
68,8243GZ,Jol 29,Lelystad
203,8232WC,Muntstraat,Lelystad
328,8224KM,Neringweg,Lelystad
57,8243BJ,Gondel 11,Lelystad
45,8243BE,Gondel 12,Lelystad
4,8242ED,Punter 27,Lelystad
28,8232KH,Botter 29,Lelystad
12,8232KK,Botter 28,Lelystad
145,8226AP,Noordzeestraat,Lelystad
116,8226AL,Noordzeestraat,Lelystad
106,8226AT,Zeelaan,Lelystad
42,8226AS,Zeelaan,Lelystad
29,8231EB,Kempenaar 05,Lelystad
146,8224ZK,Zandbank,Lelystad
67,8244AB,Binnendijk,Lelystad
14,8212AN,Oostrandpark,Lelystad
131,8244AC,Binnendijk,Lelystad
32,8243GL,Jol 23,Lelystad
45,8243GK,Jol 22,Lelystad
35,8226BE,Oostzeestraat,Lelystad
94,8243BD,Gondel 10,Lelystad
418,8244BT,Ringdijk,Lelystad
8,8224ZA,Zandbank,Lelystad
30,8243WG,Schoener 34,Lelystad
20,8243WE,Schoener 33,Lelystad
16,8243VS,Schoener 29,Lelystad
14,8232JG,Botter 19,Lelystad
44,8232JJ,Botter 18,Lelystad
45,8242EW,Punter 39,Lelystad
117,8224ZH,Zandbank,Lelystad
138,8212VJ,Plantage,Lelystad
9,8243GV,Jol 27,Lelystad
32,8243GP,Jol 24,Lelystad
423,8223GS,Bastion,Lelystad
132,8212ED,Beukenhof,Lelystad
125,8212CH,Wijngaard,Lelystad
80,8212CE,Wijngaard,Lelystad
21,8232ND,Tjalk 31,Lelystad
68,8232NB,Tjalk 42,Lelystad
4,8243CW,Gondel 31,Lelystad
14,8225RL,Griend 16,Lelystad
39,8243AD,Kogge 11,Lelystad
57,8242AB,Kogge 08,Lelystad
79,8226BR,Wittezeestraat,Lelystad
6,8242EB,Punter 29,Lelystad
25,8225SR,Griend 30,Lelystad
117,8244CG,Beemster,Lelystad
40,8226CA,Zwartezeestraat,Lelystad
33,8226CC,Zwartezeestraat,Lelystad
40,8225HG,Kamp 34,Lelystad
20,8226LA,Moezelstraat,Lelystad
561,8226KL,Voorstraat,Lelystad
30,8242AK,Kogge 02,Lelystad
14,8233BG,Grietenij 12,Lelystad
73,8231KC,De Schans 18,Lelystad
87,8245ED,Delfland,Lelystad
7,8225VA,Griend 14,Lelystad
16,8225RL,Griend 16,Lelystad
78,8232JH,Botter 19,Lelystad
8,8232JG,Botter 19,Lelystad
4,8232JJ,Botter 18,Lelystad
45,8242ET,Punter 37,Lelystad
12,8243VS,Schoener 29,Lelystad
19,8243VN,Schoener 27,Lelystad
39,8225GS,Kamp 31,Lelystad
2,8225GL,Kamp 29,Lelystad
15,8225GK,Kamp 28,Lelystad
115,8226BH,Oostzeestraat,Lelystad
94,8226BB,Oostzeestraat,Lelystad
184,8226BN,Wittezeestraat,Lelystad
34,8226BK,Wittezeestraat,Lelystad
41,8231JT,De Veste 18,Lelystad
57,8226TB,Menkemaborg,Lelystad
259,8242JM,Saerdam,Lelystad
16,8243HP,Jol 37,Lelystad
5,8245GN,Langstraat,Lelystad
23,8226BP,Wittezeestraat,Lelystad
49,8225LJ,Horst 15,Lelystad
331,8239DC,Apolloweg,Lelystad
105,8244GD,Hollandse Hout,Lelystad
73,8244CE,Beemster,Lelystad
390,8244BT,Ringdijk,Lelystad
68,8244AT,Purmer,Lelystad
139,8245CN,Het Bildt,Lelystad
58,8226AB,Sont,Lelystad
7,8224HE,Archipel 33,Lelystad
7,8212XK,Haf,Lelystad
74,8232VL,Stadhuisplein,Lelystad
51,8231AV,Karveel 15,Lelystad
162,8224CK,Klip,Lelystad
102,8224CG,Klip,Lelystad
129,8224CX,Lagune,Lelystad
5,8224HC,Archipel 31,Lelystad
37,8224GV,Archipel 25,Lelystad
31,8223CN,Breehorn,Lelystad
1,8223BE,Blokkerhoek,Lelystad
41,8225KL,Zoom 17,Lelystad
10,8225BZ,Wold 14,Lelystad
42,8224BP,Meentweg,Lelystad
10,8232LL,Tjalk 17,Lelystad
11,8225DT,Kamp 20,Lelystad
1,8243XK,Schoener 46,Lelystad
4,8226LP,Maasstraat,Lelystad
5,8225SW,Griend 32,Lelystad
14,8225VD,Griend 10,Lelystad
170,8226MG,Rhônestraat,Lelystad
3,8232LH,Tjalk 13,Lelystad
21,8243TJ,Schoener 15,Lelystad
39,8224CC,Klip,Lelystad
60,8225MJ,Horst 25,Lelystad
79,8225MC,Horst 22,Lelystad
37,8224CR,Lagune,Lelystad
45,8225RW,Griend 23,Lelystad
10,8224DK,Baai,Lelystad
25,8243MC,Galjoen 14,Lelystad
63,8244EE,Monnickendamstraat,Lelystad
25,8225GD,Kamp 14,Lelystad
15,8224CP,Lagune,Lelystad
36,8225RX,Griend 23,Lelystad
4,8225LW,Horst 20,Lelystad
81,8243PS,Verlaatweg,Lelystad
23,8226RV,Salentein,Lelystad
15,8211BA,Groene Velden,Lelystad
62,8243PM,Vijzelweg,Lelystad
24,8232MH,Tjalk 39,Lelystad
34,8225NZ,Horst 36,Lelystad
22,8232MT,Tjalk 36,Lelystad
68,8243KW,Botter 40,Lelystad
49,8222RB,Bronsweg,Lelystad
6,8225LD,Horst 13,Lelystad
8,8232RL,Visbystraat,Lelystad
54,8241BC,Birdielaan,Lelystad
61,8212EG,Beukenhof,Lelystad
50,8226NA,Merwede,Lelystad
57,8224MD,Parkzijde,Lelystad
13,8225SJ,Griend 31,Lelystad
90,8231ES,Kempenaar 17,Lelystad
1,8232EJ,De Stelling 13,Lelystad
21,8225NN,Horst 35,Lelystad
3,8225DL,Kamp 16,Lelystad
77,8243GE,Jol 17,Lelystad
14,8225LK,Horst 16,Lelystad
66,8232MK,Tjalk 38,Lelystad
13,8232KD,Botter 24,Lelystad
38,8212EB,Beukenhof,Lelystad
116,8241AT,Birdielaan,Lelystad
58,8242AA,Kogge 08,Lelystad
93,8232VK,Stadhuisstraat,Lelystad
135,8226TR,Duinbeek,Lelystad
135,8226AZ,Zeelaan,Lelystad
12,8243KJ,Botter 32,Lelystad
26,8242DC,Punter 10,Lelystad
51,8242AW,Kogge 06,Lelystad
36,8231CK,Kempenaar 26,Lelystad
3,8243EN,Jol 14,Lelystad
19,8243PR,Noordersluisweg,Lelystad
10,8245EN,Land van Altena,Lelystad
11,8226RM,Singraven,Lelystad
13,8242DS,Punter 22,Lelystad
184,8242JK,Vliegent Hert,Lelystad
20,8232XK,Schouw 54,Lelystad
29,8243HR,Jol 37,Lelystad
26,8226LA,Moezelstraat,Lelystad
51,8232VT,Stationsplein,Lelystad
498,8233BW,Het Ravelijn,Lelystad
28,8226NA,Merwede,Lelystad
63,8231JS,De Veste 17,Lelystad
19,8232LL,Tjalk 17,Lelystad
39,8232JN,Botter 11,Lelystad
51,8225AL,Wold 17,Lelystad
76,8232VT,Stationsplein,Lelystad
74,8212BD,Bongerd,Lelystad
16,8231JV,De Veste 18,Lelystad
10,8225AN,Wold 18,Lelystad
18,8242WK,Karveel 60,Lelystad
12,8223XH,Texelstroom,Lelystad
32,8223DG,Eem,Lelystad
19,8225HE,Kamp 33,Lelystad
29,8242XH,Karveel 52,Lelystad
42,8243PW,Spuiweg,Lelystad
11,8245BR,Graafschap,Lelystad
65,8223CP,Breehorn,Lelystad
8,8225LC,Horst 12,Lelystad
64,8225RE,Griend 20,Lelystad
27,8242VG,Karveel 46,Lelystad
32,8242DT,Punter 22,Lelystad
26,8243JA,Botter 42,Lelystad
4,8232XK,Schouw 54,Lelystad
298,8244GN,Hollandse Hout,Lelystad
24,8242AV,Kogge 06,Lelystad
86,8232AH,Schouw 39,Lelystad
12,8224HH,Archipel 34,Lelystad
153,8224DV,Baai,Lelystad
32,8245BS,Graafschap,Lelystad
33,8245CV,Rijnland,Lelystad
19,8232AP,Schouw 41,Lelystad
85,8242EV,Punter 37,Lelystad
58,8212DH,Rozengaard 14,Lelystad
28,8225GM,Kamp 30,Lelystad
62,8225RB,Griend 22,Lelystad
56,8225RE,Griend 20,Lelystad
11,8225RP,Griend 19,Lelystad
438,8233BW,Het Ravelijn,Lelystad
449,8233BW,Het Ravelijn,Lelystad
489,8233BW,Het Ravelijn,Lelystad
42,8231DP,Karveel 39,Lelystad
68,8231BV,Karveel 37,Lelystad
27,8232ZG,Schouw 14,Lelystad
22,8226TH,Nijenrode,Lelystad
2,8223XH,Texelstroom,Lelystad
79,8242VT,Karveel 49,Lelystad
36,8225ST,Griend 32,Lelystad
1,8225SB,Griend 25,Lelystad
21,8243TH,Schoener 14,Lelystad
23,8243KM,Botter 33,Lelystad
22,8243KJ,Botter 32,Lelystad
62,8232XK,Schouw 54,Lelystad
11,8231ET,Kempenaar 18,Lelystad
10,8223ZP,Spaanderbank,Lelystad
4,8243GG,Jol 18,Lelystad
203,8212VN,Plantage,Lelystad
48,8232AW,Schouw 44,Lelystad
16,8232AV,Schouw 44,Lelystad
30,8232AV,Schouw 44,Lelystad
46,8224ZC,Zandbank,Lelystad
10,8223XE,Malzwin,Lelystad
24,8226LS,Rijnstraat,Lelystad
253,8223GN,Bastion,Lelystad
39,8242BB,Kempenaar 02,Lelystad
2,8242BG,Kempenaar 04,Lelystad
268,8223GD,Bastion,Lelystad
71,8212VE,Plantage,Lelystad
77,8212VE,Plantage,Lelystad
56,8212VD,Plantage,Lelystad
42,8242VD,Karveel 46,Lelystad
17,8242VG,Karveel 46,Lelystad
98,8241AG,Golfpark,Lelystad
15,8226EA,Biesbosstraat,Lelystad
23,8226DD,Getijdenlaan,Lelystad
93,8244AZ,Purmer,Lelystad
49,8244AX,Purmer,Lelystad
13,8244AW,Purmer,Lelystad
66,8244AT,Purmer,Lelystad
57,8226RW,Twickel,Lelystad
111,8244DJ,Lemmerstraat,Lelystad
22,8212DN,Rozengaard 17,Lelystad
2,8212DM,Rozengaard 16,Lelystad
8,8225NA,Horst 31,Lelystad
4,8225MR,Horst 27,Lelystad
33,8232LN,Tjalk 19,Lelystad
2,8244DS,Bunschotenlaan,Lelystad
158,8244DL,Harderwijkstraat,Lelystad
96,8244GC,Hollandse Hout,Lelystad
31,8226TK,Trompenburgh,Lelystad
1,8225TA,Griend 34,Lelystad
90,8226MD,Rhônestraat,Lelystad
32,8225AW,Wold 20,Lelystad
25,8243LX,Galjoen 19,Lelystad
8,8243RA,Stuwweg,Lelystad
14,8243PL,Havenweg,Lelystad
101,8242PH,Parkhaven,Lelystad
20,8244DR,Edamstraat,Lelystad
294,8233BT,Het Ravelijn,Lelystad
60,8243PG,Werfweg,Lelystad
60,8225RS,Griend 19,Lelystad
97,8224ME,Parkzijde,Lelystad
20,8244EG,Beulakerwiede,Lelystad
2,8244EK,Hoornse Hop,Lelystad
21,8226LX,Waalstraat,Lelystad
54,8231BP,Karveel 34,Lelystad
31,8225LH,Horst 14,Lelystad
8,8223BC,Muiderzand,Lelystad
16,8232EP,De Stelling 15,Lelystad
39,8224HA,Archipel 30,Lelystad
44,8224GN,Archipel 22,Lelystad
11,8224GJ,Archipel 17,Lelystad
290,8244GN,Hollandse Hout,Lelystad
20,8243CW,Gondel 31,Lelystad
102,8226AK,Noordzeestraat,Lelystad
205,8224KB,Neringweg,Lelystad
127,8224DH,Fjord,Lelystad
70,8224GN,Archipel 22,Lelystad
69,8212AS,Oostrandpark,Lelystad
157,8224DV,Baai,Lelystad
53,8224DM,Baai,Lelystad
87,8243PE,Zuiveringweg,Lelystad
141,8212EJ,Beukenhof,Lelystad
40,8232JD,Botter 13,Lelystad
40,8224ZC,Zandbank,Lelystad
21,8219PH,Edelhertweg,Lelystad
417,8244BM,Ringdijk,Lelystad
23,8231JC,De Veste 13,Lelystad
19,8226JK,Bergumermeerstraat,Lelystad
218,8226HA,Voorstraat,Lelystad
67,8225DD,Kamp 12,Lelystad
5,8225MX,Horst 29,Lelystad
113,8244AZ,Purmer,Lelystad
12,8243BW,Gondel 18,Lelystad
23,8243BN,Gondel 15,Lelystad
31,8243HM,Jol 40,Lelystad
24,8226RH,Ekenstein,Lelystad
56,8225NX,Horst 37,Lelystad
32,8225NC,Horst 33,Lelystad
48,8225NJ,Horst 30,Lelystad
48,8242GL,Punter 48,Lelystad
35,8225AS,Wold 19,Lelystad
306,8239DB,Apolloweg,Lelystad
58,8225LP,Horst 10,Lelystad
26,8225TS,Griend 38,Lelystad
85,8225BB,Wold 23,Lelystad
17,8243EA,Jol 12,Lelystad
60,8243KB,Botter 38,Lelystad
40,8243AG,Kogge 12,Lelystad
9,8231CW,Kempenaar 29,Lelystad
25,8231CP,Kempenaar 28,Lelystad
