33,3297TC,Bovenkruier,Puttershoek
8,3273AK,Kartuizerveld,Westmaas
3,3273AM,Margrietlaan,Westmaas
5,3295RN,Seringenstraat,'s-Gravendeel
2,3295XK,Heeremanstraat,'s-Gravendeel
3,3274LW,van Speykstraat,Heinenoord
18,3271CB,Noordernesse,Mijnsheerenland
15,3295BB,Hoefpad,'s-Gravendeel
21,3297TW,Paltrok,Puttershoek
4,3274BH,Goidschalxoordsedijk,Heinenoord
6,3295GZ,Plaszoom,'s-Gravendeel
19,3273LD,Munnikendijk,Westmaas
11,3299BS,Fazant,Maasdam
18,3295CT,Weegje,'s-Gravendeel
20,3295AM,Margrietstraat,'s-Gravendeel
45,3271TN,Landheerlaan,Mijnsheerenland
3,3299CA,Grutto,Maasdam
93,3297WN,Valeriaan,Puttershoek
2,3297AP,Ring,Puttershoek
128,3295TG,Hekelstraat,'s-Gravendeel
37,3271BJ,Laan van Westmolen,Mijnsheerenland
6,3271VB,Cijnsland,Mijnsheerenland
6,3295XA,Beneden Gorsdijk,'s-Gravendeel
31,3299WE,Poelwijk,Maasdam
2,3295AL,Julianastraat,'s-Gravendeel
6,3273XN,Boomweide,Westmaas
15,3297VL,Zuidster,Puttershoek
26,3274KC,Oosteinde,Heinenoord
52,3295TN,Vlasstraat,'s-Gravendeel
11,3271BJ,Laan van Westmolen,Mijnsheerenland
4,3273AD,de Roolaan,Westmaas
17,3273BC,Nikolaus Boutstraat,Westmaas
54,3299BL,Molenlaan,Maasdam
16,3299AP,Raadhuisstraat,Maasdam
2,3297GL,Biezenbloker,Puttershoek
8,3274AK,Oranjestraat,Heinenoord
47,3274LD,Blaaksedijk West,Heinenoord
9,3295SW,Tuinstraat,'s-Gravendeel
51,3295VL,Spinnerijstraat,'s-Gravendeel
11,3299BM,Smidsweg,Maasdam
26,3295CR,Van Groningenstraat,'s-Gravendeel
48,3299AH,Hoeksedijk,Maasdam
12,3295BR,Roodenburg Vermaatstraat,'s-Gravendeel
167,3295CJ,Hendrik Hamerstraat,'s-Gravendeel
3,3297TX,Grondzeiler,Puttershoek
9,3297CD,Julianastraat,Puttershoek
83,3295BP,Roodenburg Vermaatstraat,'s-Gravendeel
25,3297CW,Prinsenhof,Puttershoek
16,3295LL,Onder de molen,'s-Gravendeel
55,3295PB,Atalanta,'s-Gravendeel
83,3295CG,Hendrik Hamerstraat,'s-Gravendeel
6,3295GT,Boezembaan,'s-Gravendeel
10,3295AG,dr Bossersstraat,'s-Gravendeel
6,3297CH,Marijkestraat,Puttershoek
1,3297XA,Eikenlaan,Puttershoek
47,3271VE,Vlietland,Mijnsheerenland
17,3274LD,Blaaksedijk West,Heinenoord
34,3271XN,Grasgors,Mijnsheerenland
25,3274CG,John F. Kennedystraat,Heinenoord
30,3271VB,Cijnsland,Mijnsheerenland
5,3273AS,Prins Willem Alexanderln,Westmaas
94,3295LE,Molendijk,'s-Gravendeel
25,3271BW,van der Waalstraat,Mijnsheerenland
5,3271AD,Everocken,Mijnsheerenland
23,3295TH,Lijnzaadstraat,'s-Gravendeel
12,3297TE,Bovenkruier,Puttershoek
2,3295XT,Renooishoekstraat,'s-Gravendeel
1,3299WK,Hof van Weede,Maasdam
10,3295XX,Van der Merckstraat,'s-Gravendeel
32,3299LZ,Vlasoever,Maasdam
6,3299BS,Fazant,Maasdam
16,3295TL,Schrankstraat,'s-Gravendeel
6,3297GG,Biezensnijder,Puttershoek
9,3295EC,Schenkeldijk,'s-Gravendeel
22,3299AN,Parallelweg,Maasdam
10,3295AN,Marijkestraat,'s-Gravendeel
71,3297CT,Oranjelaan Westzijde,Puttershoek
37,3295BN,Roodenburg Vermaatstraat,'s-Gravendeel
205,3295CT,Weegje,'s-Gravendeel
18,3295CA,Alexanderstraat,'s-Gravendeel
58,3274CS,Wouter van den Walestr,Heinenoord
95,3295KN,Strijenseweg,'s-Gravendeel
51,3299BB,Dorpsstraat,Maasdam
16,3274AH,Margrietstraat,Heinenoord
81,3295BP,Roodenburg Vermaatstraat,'s-Gravendeel
2,3297GM,Oudeland,Puttershoek
165,3295CT,Weegje,'s-Gravendeel
28,3295TN,Vlasstraat,'s-Gravendeel
126,3295WH,Lindehof,'s-Gravendeel
28,3297BG,Nassaulaan,Puttershoek
26,3274AA,Beatrixstraat,Heinenoord
42,3297LC,Molendijk,Puttershoek
6,3297TZ,Wiekenkruis,Puttershoek
22,3295SP,Klaprooslaan,'s-Gravendeel
31,3273LL,Stougjesdijk,Westmaas
7,3271VC,Hoofdland,Mijnsheerenland
24,3295AM,Margrietstraat,'s-Gravendeel
5,3297AR,Schoolstraat,Puttershoek
20,3297XJ,Hazelaarstraat,Puttershoek
21,3295KL,Strijensedijk,'s-Gravendeel
19,3299XK,Vliet,Maasdam
15,3295TB,Bootstraat,'s-Gravendeel
15,3297BA,Jasmijnstraat,Puttershoek
87,3295CG,Hendrik Hamerstraat,'s-Gravendeel
78,3295TE,Hekelstraat,'s-Gravendeel
145,3295CT,Weegje,'s-Gravendeel
1,3274LD,Blaaksedijk West,Heinenoord
230,3271LR,Blaaksedijk,Mijnsheerenland
2,3295CT,Weegje,'s-Gravendeel
13,3274CB,De Laagjes,Heinenoord
40,3297WC,Gele lis,Puttershoek
11,3273XC,Leeuwendaal,Westmaas
26,3295AB,Beatrixstraat,'s-Gravendeel
3,3274AJ,Marijkestraat,Heinenoord
19,3295AR,Oranjestraat,'s-Gravendeel
51,3271BW,van der Waalstraat,Mijnsheerenland
36,3295AT,Oranjestraat,'s-Gravendeel
18,3295ST,Korenbloemerf,'s-Gravendeel
64,3297WC,Gele lis,Puttershoek
66,3299BD,Dorpsstraat,Maasdam
23,3297WK,Kleefkruid,Puttershoek
12,3295VD,Damaststraat,'s-Gravendeel
25,3273LJ,Smidsweg,Westmaas
1,3295SB,Anemoonpad,'s-Gravendeel
35,3295LD,Molendijk,'s-Gravendeel
43,3295TR,Akkerwinde,'s-Gravendeel
3,3271BJ,Laan van Westmolen,Mijnsheerenland
47,3271TE,Binnenbans,Mijnsheerenland
40,3297GA,Biezengors,Puttershoek
37,3295CN,Roterijstraat,'s-Gravendeel
16,3295XM,Pasmanstraat,'s-Gravendeel
36,3297BB,Kastanjelaan,Puttershoek
9,3297ED,Dwarsstraat,Puttershoek
3,3295GX,Kwelderpad,'s-Gravendeel
14,3295EG,Schenkeldijk,'s-Gravendeel
37,3295PA,Atalanta,'s-Gravendeel
1,3295AV,Schoolstraat,'s-Gravendeel
6,3273BC,Nikolaus Boutstraat,Westmaas
5,3295AN,Marijkestraat,'s-Gravendeel
4,3297XB,Eikenlaan,Puttershoek
13,3297EP,Rembrandtstraat,Puttershoek
18,3295GL,Schuilingenweg,'s-Gravendeel
46,3274CS,Wouter van den Walestr,Heinenoord
1,3271AM,Molenweg,Mijnsheerenland
20,3295XS,Nieuweweg,'s-Gravendeel
117,3295CT,Weegje,'s-Gravendeel
7,3274KG,Westdijk,Heinenoord
33,3297BA,Jasmijnstraat,Puttershoek
11,3299XR,Noordstraat,Maasdam
8,3295RD,Lavendelpad,'s-Gravendeel
3,3297LK,Tweede Kruisweg,Puttershoek
46,3299AH,Hoeksedijk,Maasdam
12,3299XJ,Spuistraat,Maasdam
15,3299BV,Merel,Maasdam
29,3295VA,Batiststraat,'s-Gravendeel
25,3299LA,Gatsedijk,Maasdam
2,3271VA,Aveling,Mijnsheerenland
13,3274BB,Dorpsstraat,Heinenoord
13,3299XE,Rijnstraat,Maasdam
17,3299BT,Lijster,Maasdam
4,3274AM,Wilhelminaplein,Heinenoord
1,3273LP,Groeneweg,Westmaas
24,3297BB,Kastanjelaan,Puttershoek
39,3297WC,Gele lis,Puttershoek
36,3271XK,Zeggegors,Mijnsheerenland
2,3295SG,Goudsbloemstraat,'s-Gravendeel
32,3273AV,Prins Willem Alexanderln,Westmaas
68,3271XL,Zeggegors,Mijnsheerenland
21,3273AN,Mastland,Westmaas
20,3271XD,Rietgors,Mijnsheerenland
14,3295VH,Lokkenstraat,'s-Gravendeel
24,3295CC,Constantijnstraat,'s-Gravendeel
24,3297GL,Biezenbloker,Puttershoek
23,3297WJ,Haagwinde,Puttershoek
23,3297LE,Rustenburgstraat,Puttershoek
1,3271TA,Doelenstraat,Mijnsheerenland
33,3295EB,Ronduitstraat,'s-Gravendeel
44,3297EK,Nieuw Weverseinde,Puttershoek
20,3273LK,Smidsweg,Westmaas
197,3271KC,Stougjesdijk,Mijnsheerenland
7,3297XM,Lindestraat,Puttershoek
11,3274CH,Kalesland,Heinenoord
19,3297CN,Wilhelminastraat,Puttershoek
3,3295XW,Van der Merckstraat,'s-Gravendeel
112,3295WG,Lindehof,'s-Gravendeel
40,3299XP,Boezemvliet,Maasdam
136,3297BJ,Nassaulaan,Puttershoek
3,3295AB,Beatrixstraat,'s-Gravendeel
7,3297AK,Maasdamsedijk,Puttershoek
74,3297AV,Schouteneinde,Puttershoek
14,3297TS,Tjasker,Puttershoek
4,3274LL,Gorzenweg,Heinenoord
39,3274MC,Prof. Teldersstraat,Heinenoord
26,3297AT,Schouteneinde,Puttershoek
89,3295CT,Weegje,'s-Gravendeel
98,3295WG,Lindehof,'s-Gravendeel
17,3274CX,Wiardi Beckmanhof,Heinenoord
227,3295CK,Hendrik Hamerstraat,'s-Gravendeel
15,3274CW,Abraham Kuyperhof,Heinenoord
2,3295EB,Ronduitstraat,'s-Gravendeel
11,3274LJ,de Ruyterstraat,Heinenoord
45,3295PB,Atalanta,'s-Gravendeel
29,3297TR,Tjasker,Puttershoek
50,3273CB,Johannes Kolfstraat,Westmaas
58,3299LW,Boendersweg,Maasdam
71,3297BT,Singel,Puttershoek
12,3295PG,Dagpauwoog,'s-Gravendeel
55,3299BB,Dorpsstraat,Maasdam
20,3299XE,Rijnstraat,Maasdam
120,3295EJ,Schenkeldijk,'s-Gravendeel
23,3297GE,Biezenklamp,Puttershoek
4,3295KK,Schenkeltje,'s-Gravendeel
2,3295RA,Anjerstraat,'s-Gravendeel
1,3271LL,Westdijk,Mijnsheerenland
14,3271VG,Vlietland,Mijnsheerenland
45,3271BJ,Laan van Westmolen,Mijnsheerenland
8,3271TA,Doelenstraat,Mijnsheerenland
17,3299CA,Grutto,Maasdam
21,3295BE,Kooijstraat,'s-Gravendeel
21,3297WR,Dotter,Puttershoek
17,3297LE,Rustenburgstraat,Puttershoek
17,3271AH,Laan van Moerkerken,Mijnsheerenland
48,3271AC,Eendrachtslaan,Mijnsheerenland
219,3295CT,Weegje,'s-Gravendeel
50,3271TL,Hertoglaan,Mijnsheerenland
70,3295CS,Van Groningenstraat,'s-Gravendeel
27,3297GJ,Biezenvlechter,Puttershoek
25,3297WR,Dotter,Puttershoek
115,3295AE,Bevershoekstraat,'s-Gravendeel
41,3274LK,Doormanstraat,Heinenoord
13,3295AJ,In 't Veldstraat,'s-Gravendeel
25,3295VA,Batiststraat,'s-Gravendeel
248,3271LR,Blaaksedijk,Mijnsheerenland
30,3297WD,Speenkruid,Puttershoek
5,3297CA,Beatrixstraat,Puttershoek
14,3299WJ,Striene,Maasdam
33,3297TA,Binnenkruier,Puttershoek
4,3299BM,Smidsweg,Maasdam
45,3299WB,de Heul,Maasdam
72,3297BH,Nassaulaan,Puttershoek
4,3274AH,Margrietstraat,Heinenoord
3,3295RC,Gladioolerf,'s-Gravendeel
50,3273AW,Prins Willem Alexanderln,Westmaas
1,3299WJ,Striene,Maasdam
6,3274CX,Wiardi Beckmanhof,Heinenoord
9,3274AG,Julianastraat,Heinenoord
7,3299BP,van der Doeslaan,Maasdam
49,3299AC,Hoeksedijk,Maasdam
9,3274MA,Rietwaard,Heinenoord
67,3273LM,Stougjesdijk,Westmaas
37,3299XK,Vliet,Maasdam
10,3295VK,Schevenstraat,'s-Gravendeel
4,3295SG,Goudsbloemstraat,'s-Gravendeel
5,3271VD,Vingerling,Mijnsheerenland
16,3297XB,Eikenlaan,Puttershoek
20,3271VC,Hoofdland,Mijnsheerenland
4,3273XD,Leeuwendaal,Westmaas
54,3297AD,Eendrachtsweg,Puttershoek
6,3295RE,Leliestraat,'s-Gravendeel
3,3295AZ,Wilhelminastraat,'s-Gravendeel
15,3297TZ,Wiekenkruis,Puttershoek
22,3299BC,Dorpsstraat,Maasdam
9,3273AP,Nieuwstraat,Westmaas
10,3297BW,Wilgenlaan,Puttershoek
20,3274CH,Kalesland,Heinenoord
16,3297BB,Kastanjelaan,Puttershoek
7,3295XH,Dokter van der Bijlplein,'s-Gravendeel
19,3297EJ,Nieuw Weverseinde,Puttershoek
62,3297AD,Eendrachtsweg,Puttershoek
51,3274BC,Dorpsstraat,Heinenoord
12,3295VR,Weverijstraat,'s-Gravendeel
109,3297XH,Hazelaarstraat,Puttershoek
3,3297BN,Prunuslaan,Puttershoek
23,3295BN,Roodenburg Vermaatstraat,'s-Gravendeel
24,3295RG,Narcisstraat,'s-Gravendeel
3,3297EN,Paulus Potterstraat,Puttershoek
16,3271TC,Haantjesvliet,Mijnsheerenland
11,3274MA,Rietwaard,Heinenoord
65,3274LB,Blaaksedijk Oost,Heinenoord
14,3274MB,Buitenlanden,Heinenoord
8,3299XE,Rijnstraat,Maasdam
37,3295BJ,Langestraat,'s-Gravendeel
82,3273LN,Stougjesdijk,Westmaas
23,3271BJ,Laan van Westmolen,Mijnsheerenland
12,3273AC,Breestraat,Westmaas
30,3274KG,Westdijk,Heinenoord
20,3273XH,Manhille,Westmaas
11,3299AL,Lageweg,Maasdam
42,3297XK,Hazelaarstraat,Puttershoek
74,3271XL,Zeggegors,Mijnsheerenland
12,3297GJ,Biezenvlechter,Puttershoek
11,3295HC,Vijverhof,'s-Gravendeel
9,3271XJ,Zeggegors,Mijnsheerenland
40,3297EC,Arie van Drielstraat,Puttershoek
37,3271BW,van der Waalstraat,Mijnsheerenland
81,3299WC,de Heul,Maasdam
11,3274LW,van Speykstraat,Heinenoord
3,3297CD,Julianastraat,Puttershoek
57,3297AS,Schouteneinde,Puttershoek
4,3295XG,Gorsdijk,'s-Gravendeel
2,3273XN,Boomweide,Westmaas
41,3297BD,Nassaulaan,Puttershoek
10,3297XB,Eikenlaan,Puttershoek
11,3274CW,Abraham Kuyperhof,Heinenoord
30,3295TE,Hekelstraat,'s-Gravendeel
27,3297CS,Oranjelaan Oostzijde,Puttershoek
70,3295KM,Strijensedijk,'s-Gravendeel
20,3299XP,Boezemvliet,Maasdam
45,3299LA,Gatsedijk,Maasdam
8,3271BM,Molenvlietlaan,Mijnsheerenland
48,3295CD,Constantijnstraat,'s-Gravendeel
31,3271VD,Vingerling,Mijnsheerenland
27,3271BJ,Laan van Westmolen,Mijnsheerenland
47,3297WJ,Haagwinde,Puttershoek
3,3295XT,Renooishoekstraat,'s-Gravendeel
93,3295CG,Hendrik Hamerstraat,'s-Gravendeel
7,3271TK,Schepenlaan,Mijnsheerenland
13,3295VA,Batiststraat,'s-Gravendeel
6,3271VA,Aveling,Mijnsheerenland
6,3271TM,Ambachtsherenlaan,Mijnsheerenland
10,3295TJ,Lijnzaadstraat,'s-Gravendeel
1,3295KC,Kilweg,'s-Gravendeel
59,3295ED,Schenkeldijk,'s-Gravendeel
113,3299AE,Hoeksedijk,Maasdam
101,3299AE,Hoeksedijk,Maasdam
54,3297WD,Speenkruid,Puttershoek
37,3297AS,Schouteneinde,Puttershoek
3,3274LM,Molenweg,Heinenoord
13,3295VG,Lokkenstraat,'s-Gravendeel
52,3271BR,Nieuwegeer,Mijnsheerenland
14,3299LZ,Vlasoever,Maasdam
1,3274KH,Kuipersveer,Heinenoord
6,3271XN,Grasgors,Mijnsheerenland
1,3295CN,Roterijstraat,'s-Gravendeel
6,3295LL,Onder de molen,'s-Gravendeel
59,3295XP,Leerambachtstraat,'s-Gravendeel
37,3295SC,Crocuserf,'s-Gravendeel
10,3295GW,Welhof,'s-Gravendeel
12,3295GA,Geuldam,'s-Gravendeel
2,3295PJ,Kleine Vos,'s-Gravendeel
20,3295RB,Dahliastraat,'s-Gravendeel
29,3274CG,John F. Kennedystraat,Heinenoord
83,3295AS,Oranjestraat,'s-Gravendeel
17,3273AE,Haagje,Westmaas
16,3299BC,Dorpsstraat,Maasdam
11,3295XB,Beneden Havendijk,'s-Gravendeel
25,3271XJ,Zeggegors,Mijnsheerenland
35,3295SR,Korenbloemerf,'s-Gravendeel
24,3295VR,Weverijstraat,'s-Gravendeel
153,3295CH,Hendrik Hamerstraat,'s-Gravendeel
19,3297CS,Oranjelaan Oostzijde,Puttershoek
2,3273XE,Mariëndaal,Westmaas
14,3295XC,Bosveldstraat,'s-Gravendeel
35,3295RN,Seringenstraat,'s-Gravendeel
25,3274KH,Kuipersveer,Heinenoord
4,3295SC,Crocuserf,'s-Gravendeel
16,3297GL,Biezenbloker,Puttershoek
19,3274AJ,Marijkestraat,Heinenoord
47,3271BJ,Laan van Westmolen,Mijnsheerenland
50,3271AK,Laan van Moerkerken,Mijnsheerenland
37,3297XA,Eikenlaan,Puttershoek
74,3295WE,Lindehof,'s-Gravendeel
34,3271TL,Hertoglaan,Mijnsheerenland
41,3274CT,Avenhil,Heinenoord
25,3271TM,Ambachtsherenlaan,Mijnsheerenland
16,3273LC,Grote Riethure,Westmaas
110,3271KG,Stougjesdijk,Mijnsheerenland
41,3271VD,Vingerling,Mijnsheerenland
4,3271LT,Langeweg,Mijnsheerenland
9,3297VA,Andromeda,Puttershoek
37,3297WR,Dotter,Puttershoek
28,3295EL,Zweedsestraat,'s-Gravendeel
20,3271XN,Grasgors,Mijnsheerenland
12,3297LG,Rustenburgstraat,Puttershoek
16,3297XS,Plataanstraat,Puttershoek
30,3297BC,Magnoliastraat,Puttershoek
16,3299AR,van Hogendorplaan,Maasdam
11,3295SN,Klaprooslaan,'s-Gravendeel
5,3295GB,Lek,'s-Gravendeel
19,3274BP,Willem Alexanderplein,Heinenoord
50,3295CD,Constantijnstraat,'s-Gravendeel
6,3297LH,Westhavenzijde,Puttershoek
14,3271TM,Ambachtsherenlaan,Mijnsheerenland
6,3297WC,Gele lis,Puttershoek
9,3271CB,Noordernesse,Mijnsheerenland
48,3297AJ,Laan van Heemstede,Puttershoek
92,3299AH,Hoeksedijk,Maasdam
22,3297WD,Speenkruid,Puttershoek
12,3271BD,Hoflaan,Mijnsheerenland
46,3273XD,Leeuwendaal,Westmaas
28,3273AK,Kartuizerveld,Westmaas
79,3295TH,Lijnzaadstraat,'s-Gravendeel
34,3299XP,Boezemvliet,Maasdam
21,3274KH,Kuipersveer,Heinenoord
16,3273AR,Nieuwstraat,Westmaas
8,3295AK,Irenestraat,'s-Gravendeel
35,3274KB,Oosteinde,Heinenoord
1,3297CD,Julianastraat,Puttershoek
58,3274BH,Goidschalxoordsedijk,Heinenoord
29,3299CA,Grutto,Maasdam
2,3297WD,Speenkruid,Puttershoek
19,3274LN,Mollekade,Heinenoord
19,3273AD,de Roolaan,Westmaas
10,3295GL,Schuilingenweg,'s-Gravendeel
49,3295AR,Oranjestraat,'s-Gravendeel
11,3295RJ,Jasmijnstraat,'s-Gravendeel
27,3271LL,Westdijk,Mijnsheerenland
21,3297TK,Standerdmolen,Puttershoek
78,3297GA,Biezengors,Puttershoek
25,3295TD,Hekelstraat,'s-Gravendeel
19,3297TW,Paltrok,Puttershoek
12,3295RB,Dahliastraat,'s-Gravendeel
15,3297GC,Biezendroger,Puttershoek
26,3274CK,Martin Luther Kingstraat,Heinenoord
25,3297ED,Dwarsstraat,Puttershoek
19,3299BB,Dorpsstraat,Maasdam
40,3299XJ,Spuistraat,Maasdam
5,3274BG,Goidschalxoordsedijk,Heinenoord
30,3297LC,Molendijk,Puttershoek
27,3295GR,Wetering,'s-Gravendeel
2,3297AA,Arent van Lierstraat,Puttershoek
15,3273AX,Rootweide,Westmaas
15,3295KG,Mijlweg,'s-Gravendeel
13,3271BV,ter Kuilestraat,Mijnsheerenland
28,3295EG,Schenkeldijk,'s-Gravendeel
8,3271BW,van der Waalstraat,Mijnsheerenland
71,3299AD,Hoeksedijk,Maasdam
2,3299AG,Hoeksedijk,Maasdam
14,3295LG,Eerste Kruisweg,'s-Gravendeel
87,3271BJ,Laan van Westmolen,Mijnsheerenland
20,3299BK,Molenlaan,Maasdam
40,3274KG,Westdijk,Heinenoord
60,3295KM,Strijensedijk,'s-Gravendeel
2,3295AG,dr Bossersstraat,'s-Gravendeel
27,3274AK,Oranjestraat,Heinenoord
66,3271LM,Westdijk,Mijnsheerenland
81,3274LH,Boonsweg,Heinenoord
49,3299BB,Dorpsstraat,Maasdam
68,3297WC,Gele lis,Puttershoek
11,3274LK,Doormanstraat,Heinenoord
44,3299XP,Boezemvliet,Maasdam
6,3297GM,Oudeland,Puttershoek
34,3297EC,Arie van Drielstraat,Puttershoek
10,3295AX,Verbruggestraat,'s-Gravendeel
11,3274AN,Wilhelminastraat,Heinenoord
93,3297BL,Pieter Repelaerstraat,Puttershoek
12,3297WK,Kleefkruid,Puttershoek
59,3273LD,Munnikendijk,Westmaas
13,3297GH,Biezenveld,Puttershoek
11,3297LE,Rustenburgstraat,Puttershoek
35,3295BT,Smidsweg,'s-Gravendeel
15,3295SL,Irisstraat,'s-Gravendeel
36,3295WE,Lindehof,'s-Gravendeel
13,3297GJ,Biezenvlechter,Puttershoek
44,3271CA,Maasdijk,Mijnsheerenland
7,3297VL,Zuidster,Puttershoek
90,3299LC,Gatsedijk,Maasdam
57,3295BP,Roodenburg Vermaatstraat,'s-Gravendeel
5,3295SW,Tuinstraat,'s-Gravendeel
40,3271XK,Zeggegors,Mijnsheerenland
22,3295GL,Schuilingenweg,'s-Gravendeel
10,3297EL,Pieter Abelszstraat,Puttershoek
41,3273LL,Stougjesdijk,Westmaas
222,3271LR,Blaaksedijk,Mijnsheerenland
32,3295BW,Zuid Voorstraat,'s-Gravendeel
21,3295CN,Roterijstraat,'s-Gravendeel
6,3295AK,Irenestraat,'s-Gravendeel
12,3299WH,de Heul,Maasdam
6,3299BC,Dorpsstraat,Maasdam
2,3295AE,Bevershoekstraat,'s-Gravendeel
163,3295CJ,Hendrik Hamerstraat,'s-Gravendeel
37,3295AH,Groene Kruisstraat,'s-Gravendeel
26,3295RA,Anjerstraat,'s-Gravendeel
16,3295AW,Van Heesenstraat,'s-Gravendeel
12,3299AW,Resenburgh,Maasdam
77,3295PB,Atalanta,'s-Gravendeel
29,3297BS,Singel,Puttershoek
20,3295AH,Groene Kruisstraat,'s-Gravendeel
154,3295KS,Strijenseweg,'s-Gravendeel
10,3295WD,Lindehof,'s-Gravendeel
18,3271BR,Nieuwegeer,Mijnsheerenland
20,3297TS,Tjasker,Puttershoek
5,3297CB,Prins Bernhardlaan,Puttershoek
14,3299XE,Rijnstraat,Maasdam
211,3295CJ,Hendrik Hamerstraat,'s-Gravendeel
16,3295RH,Vioolerf,'s-Gravendeel
13,3299AS,van Limburg Stirumlaan,Maasdam
62,3297WC,Gele lis,Puttershoek
11,3295VN,Vezelstraat,'s-Gravendeel
39,3295RN,Seringenstraat,'s-Gravendeel
26,3271AA,Burg.de Jongplein,Mijnsheerenland
11,3297WJ,Haagwinde,Puttershoek
75,3299LM,Polderdijk,Maasdam
14,3297TP,Sterrenlaan,Puttershoek
14,3295TA,Bolkafstraat,'s-Gravendeel
195,3271KC,Stougjesdijk,Mijnsheerenland
6,3297GD,Biezenbleek,Puttershoek
16,3271VC,Hoofdland,Mijnsheerenland
18,3271TC,Haantjesvliet,Mijnsheerenland
17,3295AD,Nestpad,'s-Gravendeel
26,3295EG,Schenkeldijk,'s-Gravendeel
8,3274CG,John F. Kennedystraat,Heinenoord
17,3274BG,Goidschalxoordsedijk,Heinenoord
8,3274LK,Doormanstraat,Heinenoord
12,3299BK,Molenlaan,Maasdam
11,3295SX,Tulpstraat,'s-Gravendeel
36,3295TE,Hekelstraat,'s-Gravendeel
8,3295BM,Nieuwstraat,'s-Gravendeel
47,3271BS,Raadhuislaan,Mijnsheerenland
86,3299BD,Dorpsstraat,Maasdam
3,3297DB,De Putter,Puttershoek
15,3295VJ,Schevenstraat,'s-Gravendeel
9,3299BH,Molenlaan,Maasdam
35,3271TE,Binnenbans,Mijnsheerenland
73,3299BJ,Molenlaan,Maasdam
2,3271XA,Lisgors,Mijnsheerenland
33,3297CW,Prinsenhof,Puttershoek
25,3295SX,Tulpstraat,'s-Gravendeel
6,3295AT,Oranjestraat,'s-Gravendeel
2,3295GH,Kreekstraat,'s-Gravendeel
3,3299BS,Fazant,Maasdam
20,3299WJ,Striene,Maasdam
13,3295XL,Hiesveltstraat,'s-Gravendeel
11,3273BA,Zuidernesse,Westmaas
14,3274AC,Emmastraat,Heinenoord
8,3295RA,Anjerstraat,'s-Gravendeel
45,3297AD,Eendrachtsweg,Puttershoek
23,3274AD,Irenestraat,Heinenoord
45,3297DA,Schorredijk,Puttershoek
56,3297WD,Speenkruid,Puttershoek
19,3271TG,Ridderlaan,Mijnsheerenland
29,3271LL,Westdijk,Mijnsheerenland
5,3271XE,Zandgors,Mijnsheerenland
56,3271XL,Zeggegors,Mijnsheerenland
3,3274CM,Spuivelden,Heinenoord
13,3295PE,Dagpauwoog,'s-Gravendeel
163,3295CT,Weegje,'s-Gravendeel
25,3274BB,Dorpsstraat,Heinenoord
42,3274AA,Beatrixstraat,Heinenoord
53,3271BJ,Laan van Westmolen,Mijnsheerenland
18,3295VK,Schevenstraat,'s-Gravendeel
11,3273AJ,Kartuizerveld,Westmaas
43,3295TH,Lijnzaadstraat,'s-Gravendeel
39,3297VE,Polaris,Puttershoek
37,3297WK,Kleefkruid,Puttershoek
34,3295PG,Dagpauwoog,'s-Gravendeel
14,3295BK,Langestraat,'s-Gravendeel
24,3274BJ,Hofplein,Heinenoord
7,3274MB,Buitenlanden,Heinenoord
48,3295WE,Lindehof,'s-Gravendeel
18,3273AN,Mastland,Westmaas
10,3273AN,Mastland,Westmaas
42,3295AT,Oranjestraat,'s-Gravendeel
10,3297CA,Beatrixstraat,Puttershoek
7,3295AD,Nestpad,'s-Gravendeel
28,3273CB,Johannes Kolfstraat,Westmaas
14,3297WP,Barbarakruid,Puttershoek
9,3295AG,dr Bossersstraat,'s-Gravendeel
3,3295RK,Liserf,'s-Gravendeel
8,3297VK,Wega,Puttershoek
34,3273AK,Kartuizerveld,Westmaas
4,3274BM,Sluisendijk,Heinenoord
24,3273XN,Boomweide,Westmaas
99,3271BJ,Laan van Westmolen,Mijnsheerenland
27,3295RN,Seringenstraat,'s-Gravendeel
152,3297BK,Nassaulaan,Puttershoek
3,3273XP,Groteweide,Westmaas
28,3297WR,Dotter,Puttershoek
46,3297GA,Biezengors,Puttershoek
250,3271LR,Blaaksedijk,Mijnsheerenland
43,3295BL,Noord Voorstraat,'s-Gravendeel
1,3295BM,Nieuwstraat,'s-Gravendeel
32,3299XJ,Spuistraat,Maasdam
6,3295RG,Narcisstraat,'s-Gravendeel
5,3299XA,Kilstraat,Maasdam
1,3297VK,Wega,Puttershoek
126,3274BE,Dorpsstraat,Heinenoord
60,3297BG,Nassaulaan,Puttershoek
36,3295RB,Dahliastraat,'s-Gravendeel
31,3297WC,Gele lis,Puttershoek
12,3273AB,Beatrixlaan,Westmaas
53,3271XG,Zandgors,Mijnsheerenland
38,3274CJ,Kooimansland,Heinenoord
6,3297EN,Paulus Potterstraat,Puttershoek
29,3299BS,Fazant,Maasdam
3,3295VJ,Schevenstraat,'s-Gravendeel
26,3271VC,Hoofdland,Mijnsheerenland
16,3297CS,Oranjelaan Oostzijde,Puttershoek
20,3295CP,Roterijstraat,'s-Gravendeel
16,3271BV,ter Kuilestraat,Mijnsheerenland
40,3271BR,Nieuwegeer,Mijnsheerenland
19,3271LL,Westdijk,Mijnsheerenland
16,3295BG,Kooijstraat,'s-Gravendeel
15,3274KB,Oosteinde,Heinenoord
69,3295CG,Hendrik Hamerstraat,'s-Gravendeel
15,3295GR,Wetering,'s-Gravendeel
40,3295AT,Oranjestraat,'s-Gravendeel
11,3273AE,Haagje,Westmaas
73,3273AT,Prins Willem Alexanderln,Westmaas
3,3271LD,Brabersweg,Mijnsheerenland
61,3274BC,Dorpsstraat,Heinenoord
73,3297WJ,Haagwinde,Puttershoek
56,3295TN,Vlasstraat,'s-Gravendeel
77,3297TD,Bovenkruier,Puttershoek
10,3295GT,Boezembaan,'s-Gravendeel
45,3295TC,Dauwrootstraat,'s-Gravendeel
2,3299BX,Patrijs,Maasdam
17,3295AR,Oranjestraat,'s-Gravendeel
16,3297WR,Dotter,Puttershoek
41,3295AR,Oranjestraat,'s-Gravendeel
40,3271BN,Molenvlietlaan,Mijnsheerenland
31,3299BW,Roodborst,Maasdam
23,3295BS,Rijkestraat,'s-Gravendeel
12,3297EL,Pieter Abelszstraat,Puttershoek
67,3295RA,Anjerstraat,'s-Gravendeel
112,3297AW,Zijdewinde,Puttershoek
11,3273XP,Groteweide,Westmaas
115,3299AE,Hoeksedijk,Maasdam
8,3271TG,Ridderlaan,Mijnsheerenland
8,3297XS,Plataanstraat,Puttershoek
16,3274CH,Kalesland,Heinenoord
19,3297EA,Arie van Drielstraat,Puttershoek
8,3271BC,Elisabeth van Loonstraat,Mijnsheerenland
54,3295PD,Atalanta,'s-Gravendeel
36,3297CW,Prinsenhof,Puttershoek
29,3297CD,Julianastraat,Puttershoek
2,3297XJ,Hazelaarstraat,Puttershoek
17,3299AM,Maaslaantje,Maasdam
28,3274KG,Westdijk,Heinenoord
1,3295RN,Seringenstraat,'s-Gravendeel
61,3295VB,Batiststraat,'s-Gravendeel
17,3299WE,Poelwijk,Maasdam
62,3273XK,Cabbeweide,Westmaas
3,3295LC,Maasdamseweg,'s-Gravendeel
64,3299LC,Gatsedijk,Maasdam
11,3273XS,Hogeweide,Westmaas
17,3274AG,Julianastraat,Heinenoord
35,3297TK,Standerdmolen,Puttershoek
2,3297CS,Oranjelaan Oostzijde,Puttershoek
31,3271VE,Vlietland,Mijnsheerenland
12,3295RG,Narcisstraat,'s-Gravendeel
10,3295GB,Lek,'s-Gravendeel
19,3297XA,Eikenlaan,Puttershoek
9,3273AJ,Kartuizerveld,Westmaas
75,3295CT,Weegje,'s-Gravendeel
25,3297TC,Bovenkruier,Puttershoek
8,3274CH,Kalesland,Heinenoord
57,3295XP,Leerambachtstraat,'s-Gravendeel
52,3273XD,Leeuwendaal,Westmaas
107,3295AE,Bevershoekstraat,'s-Gravendeel
166,3295KS,Strijenseweg,'s-Gravendeel
75,3274BC,Dorpsstraat,Heinenoord
34,3295VK,Schevenstraat,'s-Gravendeel
65,3273AT,Prins Willem Alexanderln,Westmaas
47,3297CP,Wilhelminastraat,Puttershoek
33,3297LE,Rustenburgstraat,Puttershoek
15,3274BP,Willem Alexanderplein,Heinenoord
47,3271XG,Zandgors,Mijnsheerenland
81,3271BJ,Laan van Westmolen,Mijnsheerenland
35,3299BH,Molenlaan,Maasdam
8,3271XD,Rietgors,Mijnsheerenland
5,3271LE,Buijensweg,Mijnsheerenland
5,3299BA,Acacialaan,Maasdam
16,3297EL,Pieter Abelszstraat,Puttershoek
65,3271XG,Zandgors,Mijnsheerenland
34,3273AB,Beatrixlaan,Westmaas
15,3271XE,Zandgors,Mijnsheerenland
14,3299XM,Waalstraat,Maasdam
1,3274CN,Talmahof,Heinenoord
37,3299BB,Dorpsstraat,Maasdam
17,3274CJ,Kooimansland,Heinenoord
2,3295LJ,Molenvliet,'s-Gravendeel
3,3271VK,Vroonland,Mijnsheerenland
10,3274AP,Wilhelminastraat,Heinenoord
61,3297BT,Singel,Puttershoek
17,3273XG,Vlasakkers,Westmaas
8,3295VM,Spinnerijstraat,'s-Gravendeel
75,3297BL,Pieter Repelaerstraat,Puttershoek
96,3273LN,Stougjesdijk,Westmaas
54,3273LE,Munnikendijk,Westmaas
37,3297BS,Singel,Puttershoek
22,3295BW,Zuid Voorstraat,'s-Gravendeel
30,3273XH,Manhille,Westmaas
1,3273BA,Zuidernesse,Westmaas
25,3295VJ,Schevenstraat,'s-Gravendeel
19,3295EB,Ronduitstraat,'s-Gravendeel
22,3299BT,Lijster,Maasdam
12,3274AC,Emmastraat,Heinenoord
1,3297TR,Tjasker,Puttershoek
22,3299BS,Fazant,Maasdam
18,3274BH,Goidschalxoordsedijk,Heinenoord
1,3271TB,Frederik van Eedenstraat,Mijnsheerenland
22,3274AE,Irenestraat,Heinenoord
12,3297BP,Ribesstraat,Puttershoek
28,3299BZ,Leeuwerik,Maasdam
4,3271LH,Maasweg,Mijnsheerenland
5,3297TM,Sterrenlaan,Puttershoek
2,3295AC,Bernhardstraat,'s-Gravendeel
129,3295CH,Hendrik Hamerstraat,'s-Gravendeel
56,3297WC,Gele lis,Puttershoek
53,3295XW,Van der Merckstraat,'s-Gravendeel
12,3271VG,Vlietland,Mijnsheerenland
5,3297GE,Biezenklamp,Puttershoek
46,3297AE,Gerrit de Voslaan,Puttershoek
3,3274LZ,Langeweg,Heinenoord
35,3271BP,Nieuwegeer,Mijnsheerenland
24,3299BT,Lijster,Maasdam
5,3273BC,Nikolaus Boutstraat,Westmaas
7,3295VJ,Schevenstraat,'s-Gravendeel
6,3274LT,Trompstraat,Heinenoord
14,3299AN,Parallelweg,Maasdam
7,3295VN,Vezelstraat,'s-Gravendeel
65,3274CG,John F. Kennedystraat,Heinenoord
59,3273AX,Rootweide,Westmaas
45,3271BW,van der Waalstraat,Mijnsheerenland
16,3274BP,Willem Alexanderplein,Heinenoord
14,3297WS,Waterkers,Puttershoek
12,3271BT,Raadhuislaan,Mijnsheerenland
15,3297XE,Hazelaarstraat,Puttershoek
13,3271TH,Schoutlaan,Mijnsheerenland
1,3295RJ,Jasmijnstraat,'s-Gravendeel
2,3274CD,Heyne van Althenastraat,Heinenoord
6,3271BD,Hoflaan,Mijnsheerenland
37,3271VE,Vlietland,Mijnsheerenland
24,3295BR,Roodenburg Vermaatstraat,'s-Gravendeel
48,3299LC,Gatsedijk,Maasdam
62,3299XJ,Spuistraat,Maasdam
50,3297GA,Biezengors,Puttershoek
90,3297AW,Zijdewinde,Puttershoek
41,3295KV,Griendweg,'s-Gravendeel
13,3271VH,Vrijland,Mijnsheerenland
30,3295GH,Kreekstraat,'s-Gravendeel
2,3299LZ,Vlasoever,Maasdam
24,3274LT,Trompstraat,Heinenoord
10,3274CM,Spuivelden,Heinenoord
235,3295CK,Hendrik Hamerstraat,'s-Gravendeel
15,3297TW,Paltrok,Puttershoek
10,3297EP,Rembrandtstraat,Puttershoek
14,3297CS,Oranjelaan Oostzijde,Puttershoek
25,3295KK,Schenkeltje,'s-Gravendeel
10,3295BV,Smidsweg,'s-Gravendeel
1,3295AG,dr Bossersstraat,'s-Gravendeel
5,3295RL,Meidoornerf,'s-Gravendeel
30,3295CA,Alexanderstraat,'s-Gravendeel
25,3271AG,Lodewijk van Praetstraat,Mijnsheerenland
17,3271VD,Vingerling,Mijnsheerenland
39,3271BX,Wilhelminastraat,Mijnsheerenland
12,3295TN,Vlasstraat,'s-Gravendeel
17,3295VC,Damaststraat,'s-Gravendeel
12,3299BW,Roodborst,Maasdam
3,3297EA,Arie van Drielstraat,Puttershoek
211,3295CT,Weegje,'s-Gravendeel
32,3295CD,Constantijnstraat,'s-Gravendeel
9,3297TT,Wipmolen,Puttershoek
21,3295GX,Kwelderpad,'s-Gravendeel
88,3271BK,Laan van Westmolen,Mijnsheerenland
30,3271XN,Grasgors,Mijnsheerenland
37,3271AB,Eendrachtslaan,Mijnsheerenland
8,3271AA,Burg.de Jongplein,Mijnsheerenland
3,3295TD,Hekelstraat,'s-Gravendeel
28,3297GA,Biezengors,Puttershoek
5,3295AS,Biekurf,'s-Gravendeel
20,3299XB,Kilstraat,Maasdam
25,3295GR,Wetering,'s-Gravendeel
9,3297BA,Jasmijnstraat,Puttershoek
12,3295SP,Klaprooslaan,'s-Gravendeel
24,3271BK,Laan van Westmolen,Mijnsheerenland
5,3271AA,Burg.de Jongplein,Mijnsheerenland
5,3274CP,Thorbeckehof,Heinenoord
14,3297GD,Biezenbleek,Puttershoek
30,3274BH,Goidschalxoordsedijk,Heinenoord
41,3295EC,Schenkeldijk,'s-Gravendeel
49,3297AS,Schouteneinde,Puttershoek
12,3297CH,Marijkestraat,Puttershoek
50,3271AC,Eendrachtslaan,Mijnsheerenland
33,3297TR,Tjasker,Puttershoek
2,3297EC,Arie van Drielstraat,Puttershoek
34,3297WC,Gele lis,Puttershoek
27,3297AB,Arent van Lierstraat,Puttershoek
36,3273XD,Leeuwendaal,Westmaas
3,3271VA,Aveling,Mijnsheerenland
14,3295TP,Zwingellaan,'s-Gravendeel
22,3297VC,Noordster,Puttershoek
10,3295TC,Dauwrootstraat,'s-Gravendeel
10,3295GN,Vlietstraat,'s-Gravendeel
6,3274CM,Spuivelden,Heinenoord
4,3271VD,Vingerling,Mijnsheerenland
29,3274CZ,Prof. Teldersstraat,Heinenoord
3,3299LP,'s-Gravendeelseweg,Maasdam
27,3295TK,Schelfstraat,'s-Gravendeel
8,3299XD,Merwedestraat,Maasdam
26,3299WG,Poelwijk,Maasdam
45,3274CG,John F. Kennedystraat,Heinenoord
17,3295SR,Korenbloemerf,'s-Gravendeel
17,3295KC,Kilweg,'s-Gravendeel
4,3297EN,Paulus Potterstraat,Puttershoek
16,3299AM,Maaslaantje,Maasdam
17,3295SX,Tulpstraat,'s-Gravendeel
3,3295AV,Schoolstraat,'s-Gravendeel
1,3273LG,Munnikenweg,Westmaas
9,3297WP,Barbarakruid,Puttershoek
28,3295PC,Atalanta,'s-Gravendeel
1,3297AX,Kerkplein,Puttershoek
4,3299BK,Molenlaan,Maasdam
69,3271AB,Eendrachtslaan,Mijnsheerenland
3,3295VC,Damaststraat,'s-Gravendeel
3,3297WE,Penningkruid,Puttershoek
44,3273CB,Johannes Kolfstraat,Westmaas
9,3274LH,Boonsweg,Heinenoord
38,3271BZ,Wilhelminastraat,Mijnsheerenland
11,3299AR,van Hogendorplaan,Maasdam
38,3295BV,Smidsweg,'s-Gravendeel
81,3295AS,Oranjestraat,'s-Gravendeel
39,3295EB,Ronduitstraat,'s-Gravendeel
6,3271BA,Beatrixplein,Mijnsheerenland
47,3271XJ,Zeggegors,Mijnsheerenland
141,3295CH,Hendrik Hamerstraat,'s-Gravendeel
44,3295BV,Smidsweg,'s-Gravendeel
16,3274CG,John F. Kennedystraat,Heinenoord
15,3295SZ,Zonnebloemlaan,'s-Gravendeel
16,3299BZ,Leeuwerik,Maasdam
16,3295TA,Bolkafstraat,'s-Gravendeel
67,3295ED,Schenkeldijk,'s-Gravendeel
36,3271CA,Maasdijk,Mijnsheerenland
8,3274KC,Oosteinde,Heinenoord
27,3297CN,Wilhelminastraat,Puttershoek
11,3299BT,Lijster,Maasdam
2,3295LK,Tweede Kruisweg,'s-Gravendeel
24,3297GB,Biezenweide,Puttershoek
2,3274CW,Abraham Kuyperhof,Heinenoord
6,3299BR,van der Doeslaan,Maasdam
21,3295TM,Vlasstraat,'s-Gravendeel
113,3295CT,Weegje,'s-Gravendeel
11,3274CB,De Laagjes,Heinenoord
11,3295XW,Van der Merckstraat,'s-Gravendeel
33,3295GG,Kreekstraat,'s-Gravendeel
6,3299AV,Willem I laan,Maasdam
5,3274CC,Dreeshof,Heinenoord
65,3297XG,Hazelaarstraat,Puttershoek
3,3297VD,Orion,Puttershoek
26,3273XH,Manhille,Westmaas
27,3297GH,Biezenveld,Puttershoek
5,3274AM,Wilhelminaplein,Heinenoord
145,3295AE,Bevershoekstraat,'s-Gravendeel
4,3297CE,Julianastraat,Puttershoek
103,3295AS,Oranjestraat,'s-Gravendeel
21,3299AM,Maaslaantje,Maasdam
99,3299AE,Hoeksedijk,Maasdam
4,3295KZ,Nijverheidsweg,'s-Gravendeel
3,3295CB,Braakstraat,'s-Gravendeel
55,3295LL,Onder de molen,'s-Gravendeel
1,3299BE,Kastanjelaan,Maasdam
1,3295BN,Roodenburg Vermaatstraat,'s-Gravendeel
53,3299BW,Roodborst,Maasdam
9,3297WC,Gele lis,Puttershoek
47,3274MC,Prof. Teldersstraat,Heinenoord
34,3297VC,Noordster,Puttershoek
13,3271BP,Nieuwegeer,Mijnsheerenland
6,3271DB,Stelleveld,Mijnsheerenland
117,3271KB,Stougjesdijk,Mijnsheerenland
22,3273CB,Johannes Kolfstraat,Westmaas
137,3295CH,Hendrik Hamerstraat,'s-Gravendeel
32,3297ER,Pieter v Slingelandtstr,Puttershoek
9,3271BX,Wilhelminastraat,Mijnsheerenland
19,3274AK,Oranjestraat,Heinenoord
4,3274CR,Wouter van den Walestr,Heinenoord
12,3295BC,Korte Smidsweg,'s-Gravendeel
8,3295AG,dr Bossersstraat,'s-Gravendeel
5,3299AL,Lageweg,Maasdam
18,3274MC,Prof. Teldersstraat,Heinenoord
51,3299BW,Roodborst,Maasdam
7,3295XE,Elshoffstraat,'s-Gravendeel
83,3273AX,Rootweide,Westmaas
9,3297LH,Westhavenzijde,Puttershoek
123,3297XH,Hazelaarstraat,Puttershoek
3,3271VH,Vrijland,Mijnsheerenland
6,3295RA,Anjerstraat,'s-Gravendeel
48,3297BG,Nassaulaan,Puttershoek
13,3271AH,Laan van Moerkerken,Mijnsheerenland
5,3295GZ,Plaszoom,'s-Gravendeel
10,3295BS,Rijkestraat,'s-Gravendeel
16,3295GZ,Plaszoom,'s-Gravendeel
29,3297WR,Dotter,Puttershoek
10,3295VE,Linnenstraat,'s-Gravendeel
33,3295TM,Vlasstraat,'s-Gravendeel
34,3273AR,Nieuwstraat,Westmaas
11,3274CG,John F. Kennedystraat,Heinenoord
19,3297GJ,Biezenvlechter,Puttershoek
37,3297BA,Jasmijnstraat,Puttershoek
135,3295KP,Strijenseweg,'s-Gravendeel
36,3299XJ,Spuistraat,Maasdam
244,3271LR,Blaaksedijk,Mijnsheerenland
29,3295SZ,Zonnebloemlaan,'s-Gravendeel
39,3295PB,Atalanta,'s-Gravendeel
10,3295TA,Bolkafstraat,'s-Gravendeel
4,3295TA,Bolkafstraat,'s-Gravendeel
6,3295RM,Azaleastraat,'s-Gravendeel
35,3299AC,Hoeksedijk,Maasdam
125,3295KP,Strijenseweg,'s-Gravendeel
28,3297WB,De Grienden,Puttershoek
27,3297LE,Rustenburgstraat,Puttershoek
12,3295LC,Maasdamseweg,'s-Gravendeel
6,3274AC,Emmastraat,Heinenoord
60,3295WE,Lindehof,'s-Gravendeel
6,3295LB,Boendersweg,'s-Gravendeel
19,3297VE,Polaris,Puttershoek
18,3271AM,Molenweg,Mijnsheerenland
69,3299BJ,Molenlaan,Maasdam
12,3295SZ,Zonnebloemlaan,'s-Gravendeel
10,3271VA,Aveling,Mijnsheerenland
95,3271AJ,Laan van Moerkerken,Mijnsheerenland
4,3295TL,Schrankstraat,'s-Gravendeel
20,3271TP,Koningspark,Mijnsheerenland
119,3295EE,Schenkeldijk,'s-Gravendeel
25,3271TE,Binnenbans,Mijnsheerenland
8,3299AV,Willem I laan,Maasdam
13,3297CS,Oranjelaan Oostzijde,Puttershoek
58,3295VP,Vezelstraat,'s-Gravendeel
116,3295EJ,Schenkeldijk,'s-Gravendeel
15,3274KD,Oud-Heinenoordseweg,Heinenoord
6,3297VK,Wega,Puttershoek
2,3297CE,Julianastraat,Puttershoek
91,3299AE,Hoeksedijk,Maasdam
16,3274KJ,Nijverheidsweg,Heinenoord
13,3299BW,Roodborst,Maasdam
23,3274LD,Blaaksedijk West,Heinenoord
8,3295GA,Geuldam,'s-Gravendeel
28,3274MC,Prof. Teldersstraat,Heinenoord
17,3297GB,Biezenweide,Puttershoek
10,3299BZ,Leeuwerik,Maasdam
174,3297BK,Nassaulaan,Puttershoek
67,3271XG,Zandgors,Mijnsheerenland
18,3273LG,Munnikenweg,Westmaas
14,3297DC,De Pelikaan,Puttershoek
39,3271XG,Zandgors,Mijnsheerenland
40,3299XB,Kilstraat,Maasdam
1,3297BN,Prunuslaan,Puttershoek
14,3297TE,Bovenkruier,Puttershoek
8,3297XB,Eikenlaan,Puttershoek
23,3271BP,Nieuwegeer,Mijnsheerenland
15,3295XL,Hiesveltstraat,'s-Gravendeel
34,3295BW,Zuid Voorstraat,'s-Gravendeel
5,3273LC,Grote Riethure,Westmaas
3,3271LS,Blaakseweg,Mijnsheerenland
14,3295BC,Korte Smidsweg,'s-Gravendeel
8,3274LE,Blaaksedijk West,Heinenoord
149,3295AE,Bevershoekstraat,'s-Gravendeel
9,3295LD,Molendijk,'s-Gravendeel
50,3295VD,Damaststraat,'s-Gravendeel
30,3295XR,Leerambachtstraat,'s-Gravendeel
25,3299BH,Molenlaan,Maasdam
14,3271AC,Eendrachtslaan,Mijnsheerenland
9,3271BP,Nieuwegeer,Mijnsheerenland
49,3271BB,Elisabeth van Loonstraat,Mijnsheerenland
55,3299XK,Vliet,Maasdam
7,3274CM,Spuivelden,Heinenoord
4,3299AS,van Limburg Stirumlaan,Maasdam
14,3295XM,Pasmanstraat,'s-Gravendeel
60,3297WC,Gele lis,Puttershoek
14,3295AK,Irenestraat,'s-Gravendeel
80,3297BH,Nassaulaan,Puttershoek
32,3271TM,Ambachtsherenlaan,Mijnsheerenland
24,3295BS,Rijkestraat,'s-Gravendeel
103,3299AE,Hoeksedijk,Maasdam
3,3271LW,Provincialeweg,Mijnsheerenland
3,3295AW,Van Heesenstraat,'s-Gravendeel
3,3295KD,Lagedijk,'s-Gravendeel
21,3271CA,Maasdijk,Mijnsheerenland
35,3297CD,Julianastraat,Puttershoek
5,3295EC,Schenkeldijk,'s-Gravendeel
2,3297EG,Frans Halsstraat,Puttershoek
18,3297VC,Noordster,Puttershoek
13,3295XW,Van der Merckstraat,'s-Gravendeel
44,3297LC,Molendijk,Puttershoek
25,3299BW,Roodborst,Maasdam
16,3274LK,Doormanstraat,Heinenoord
54,3297CT,Oranjelaan Westzijde,Puttershoek
19,3274CT,Avenhil,Heinenoord
77,3297BE,Nassaulaan,Puttershoek
80,3295EH,Schenkeldijk,'s-Gravendeel
7,3297WR,Dotter,Puttershoek
1,3295BH,Kortestraat,'s-Gravendeel
9,3299XK,Vliet,Maasdam
16,3273XP,Groteweide,Westmaas
43,3295KN,Strijenseweg,'s-Gravendeel
26,3274LV,van Galenstraat,Heinenoord
12,3274CM,Spuivelden,Heinenoord
214,3271LR,Blaaksedijk,Mijnsheerenland
85,3273LM,Stougjesdijk,Westmaas
1,3295VL,Spinnerijstraat,'s-Gravendeel
3,3297DA,Schorredijk,Puttershoek
6,3297VB,Hamal,Puttershoek
14,3295ST,Korenbloemerf,'s-Gravendeel
20,3273AK,Kartuizerveld,Westmaas
15,3295XD,Boven Havendijk,'s-Gravendeel
57,3295XM,Hiesveltstraat,'s-Gravendeel
57,3295XL,Hiesveltstraat,'s-Gravendeel
43,3274LD,Blaaksedijk West,Heinenoord
7,3295XS,Nieuweweg,'s-Gravendeel
24,3297GD,Biezenbleek,Puttershoek
