14,5751EZ,Beethovenlaan,Deurne
171,5754CK,Fitissingel,Deurne
56,5754DS,Vliersingel,Deurne
27,5758AW,Uitleg,Neerkant
4,5754SK,Pinksterbloem,Deurne
92,5751LN,Zeilbergsestraat,Deurne
7,5754SE,Paardebloem,Deurne
31,5754AG,Margrietstraat,Deurne
26,5757RE,Rodegraafweg,Liessel
49,5754EN,Wollegras,Deurne
46,5751AN,Molenlaan,Deurne
10,5751BT,Crobachplantsoen,Deurne
3,5754GL,Wolfsklauw,Deurne
1,5756AX,Einsteinstraat,Vlierden
58,5751JE,Pastoor Jacobsstraat,Deurne
8,5751MN,Rogier van Leefdaelstraat,Deurne
5,5754GL,Wolfsklauw,Deurne
28,5754HC,Oplegger,Deurne
33,5754EN,Wollegras,Deurne
22,5751CL,Parkhof,Deurne
10,5754DM,Kleine Vos,Deurne
37,5753PB,Industrieweg,Deurne
3,5754PP,Wittedijk,Deurne
13,5754CZ,Blauwborst,Deurne
31,5754HB,Batspade,Deurne
9,5754GL,Wolfsklauw,Deurne
26,5751TM,Geul,Deurne
10,5757AM,Hoofdstraat,Liessel
7,5751GV,Pelikaanhof,Deurne
115,5754GB,Peellandsingel,Deurne
10,5754BJ,Pottenbakker,Deurne
31,5751SL,Deltasingel,Deurne
10,5751JV,Prinsenhof,Deurne
7,5754BH,Plaveistoker,Deurne
28,5753CT,Vincent van Goghstraat,Deurne
22,5751LS,Felix Timmermansstraat,Deurne
10,5751CS,Groenewoud,Deurne
102,5751SV,Amer,Deurne
36,5757BX,Kieboom,Liessel
20,5754HK,Bonkspade,Deurne
57,5754DE,Korhoender,Deurne
12,5754SB,Teunisbloem,Deurne
91,5754DE,Korhoender,Deurne
2,5754DL,Koninginnepage,Deurne
139,5754AL,Parallelweg,Deurne
12,5759PC,Oude Peelstraat,Helenaveen
14,5751TT,Jeker,Deurne
3,5751BR,Zonneland,Deurne
54,5751CL,Parkhof,Deurne
21,5753GR,Esdoornstraat,Deurne
9,5753AA,Vlierdenseweg,Deurne
82,5754PA,Langstraat,Deurne
39,5751TJ,Roer,Deurne
48,5751MC,Frederick Hopkinshof,Deurne
10,5751RK,Berkmortel,Deurne
32,5751AS,Europastraat,Deurne
20,5751ML,Gevart van Doernestraat,Deurne
107,5751LK,Zeilbergsestraat,Deurne
11,5754AN,Mariastraat,Deurne
18,5751ML,Gevart van Doernestraat,Deurne
54,5754DS,Vliersingel,Deurne
31,5757CJ,Meidoorn,Liessel
36,5754ED,Struikheide,Deurne
2,5754SC,Sleutelbloem,Deurne
11,5754SH,Korenbloem,Deurne
3,5753BD,Dirk Boutsstraat,Deurne
7,5757BG,Monseigneur Berkvensstraat,Liessel
14,5754EJ,Hennegras,Deurne
32,5759RR,Meester Theelenstraat,Helenaveen
15,5759RJ,Pastoor Bijnenstraat,Helenaveen
27,5754AJ,Irenestraat,Deurne
16,5751VV,Weerijs,Deurne
62,5751GE,Helmondseweg,Deurne
35,5754DD,Korhoender,Deurne
5,5756BL,Archimedesstraat,Vlierden
3,5751AW,Lindenlaan,Deurne
1,5751XM,Antoon Coolenlaan,Deurne
77,5751LC,Molenstraat,Deurne
8,5751VT,Waal,Deurne
7,5756PB,Molenhuisweg,Vlierden
7,5751EW,Griegstraat,Deurne
36,5753RS,Snoertsebaan,Deurne
1,5753GL,Sint Jozefplein,Deurne
54,5751XT,Roothaertstraat,Deurne
18,5754BD,Legerweg,Deurne
20,5754CA,Fitissingel,Deurne
24,5757BR,Sint Hubertusstraat,Liessel
16,5753BB,Jeroen Boschstraat,Deurne
32,5751ML,Gevart van Doernestraat,Deurne
79,5751HC,Stationsstraat,Deurne
15,5751MP,Otto de Visscherestraat,Deurne
182,5751VS,Maassingel,Deurne
49,5754HB,Batspade,Deurne
2,5751AV,Frieslandstraat,Deurne
12,5751CB,Dunantweg,Deurne
14,5753GT,Ouwerlingstraat,Deurne
130,5754GE,Peellandsingel,Deurne
51,5753BK,Ferdinand Bolstraat,Deurne
23,5752AA,Eekstraat,Deurne
18,5754GT,Peelslenk,Deurne
39,5754GJ,Korstmos,Deurne
16,5756BK,Copernicusstraat,Vlierden
19,5751AE,Utrechtstraat,Deurne
26,5751WX,Dommel,Deurne
67,5752BB,Milhezerweg,Deurne
18,5751MH,Florence Nightingalestraat,Deurne
5,5751KA,Derpsestraat,Deurne
4,5751ZW,Grevelingen,Deurne
5,5753DE,Gerard Bildersstraat,Deurne
67,5751AA,Veldstraat,Deurne
50,5751AD,Veldstraat,Deurne
25,5751JC,Pastoor Jacobsstraat,Deurne
12,5758AB,Keulsebaan,Neerkant
23,5751JC,Pastoor Jacobsstraat,Deurne
9,5758PW,Ericaweg,Neerkant
10,5752PR,Goorweg,Deurne
14,5754DP,Dagpauwoog,Deurne
17,5757CJ,Meidoorn,Liessel
102,5751XV,Roothaertstraat,Deurne
20,5751MT,Theodorus de Smethstraat,Deurne
29,5751RM,Hagelkruisweg,Deurne
22,5754SG,Paardebloem,Deurne
2,5751CV,Kemper,Deurne
13,5751BT,Crobachplantsoen,Deurne
95,5753AC,Vlierdenseweg,Deurne
140,5754GE,Peellandsingel,Deurne
9,5758AW,Uitleg,Neerkant
44,5754ED,Struikheide,Deurne
16,5751BH,Kerkstraat,Deurne
16,5753BP,Jan Vermeerstraat,Deurne
35,5753GV,Potbosstraat,Deurne
34,5756PP,Belgerenseweg,Vlierden
59,5754DR,Vliersingel,Deurne
38,5751CL,Parkhof,Deurne
47,5751HP,Hellemanstraat,Deurne
5,5757CK,Banierveld,Liessel
33,5751WB,Donge,Deurne
23,5757BP,Sint Hubertusstraat,Liessel
17,5754HJ,Bonkspade,Deurne
8,5758SE,Sint Vincentiusstraat,Neerkant
53,5751SP,Amer,Deurne
18,5751JD,Pastoor Jacobsstraat,Deurne
4,5753AN,Jan van Goijenstraat,Deurne
31,5751JR,Romeinstraat,Deurne
11,5752BA,Milhezerweg,Deurne
86,5751HH,Stationsstraat,Deurne
45,5751HB,Stationsstraat,Deurne
30,5751TZ,Rijn,Deurne
15,5751MR,Keizerstraat,Deurne
92,5751JG,Pastoor Jacobsstraat,Deurne
42,5753GC,Beukenstraat,Deurne
12,5754DM,Kleine Vos,Deurne
7,5754AN,Mariastraat,Deurne
25,5754AS,Blasiusstraat,Deurne
28,5751LD,Molenstraat,Deurne
7,5759PK,Lagebrugweg,Helenaveen
4,5751LL,Zeilbergsestraat,Deurne
106,5757CD,Hazelaar,Liessel
29,5752AA,Eekstraat,Deurne
26,5751SZ,Dintel,Deurne
39,5752BB,Milhezerweg,Deurne
97,5758AP,Dorpsstraat,Neerkant
11,5753PZ,Heieindseweg,Deurne
38,5758RW,Keulsebaan,Neerkant
18,5751JB,Schutsboom,Deurne
193,5751BJ,Kruisstraat,Deurne
2,5751AL,Brabantstraat,Deurne
36,5751XZ,Stijn Streuvelslaan,Deurne
9,5751ZK,Beerse,Deurne
9,5751BR,Zonneland,Deurne
47,5751LR,Felix Timmermansstraat,Deurne
41,5751MG,Albert Schweitzerstraat,Deurne
10,5751TE,Gouwe,Deurne
25,5751AW,Lindenlaan,Deurne
28,5751XZ,Stijn Streuvelslaan,Deurne
2,5754AR,Christinaplantsoen,Deurne
30,5759PM,Helenastraat,Helenaveen
13,5752RD,Hemelrijkseweg,Deurne
15,5751HX,Sint Willibrordusplantsoen,Deurne
114,5751CH,Zandbosweg,Deurne
38,5751TP,Regge,Deurne
26,5757BZ,Hulsbos,Liessel
25,5753CP,Adriaen van Ostadehof,Deurne
7,5758RR,Limburgseweg,Neerkant
12,5754HK,Bonkspade,Deurne
1,5751RJ,Berkmortel,Deurne
20,5757AM,Hoofdstraat,Liessel
25,5753GV,Potbosstraat,Deurne
15,5754PE,Schuttersveld,Deurne
54,5751EM,Mozartstraat,Deurne
2,5759RE,Spruitweg,Helenaveen
73,5757CC,Hazelaar,Liessel
9,5757BA,het Hofke,Liessel
11,5758AW,Uitleg,Neerkant
14,5751ET,Wagnerstraat,Deurne
18,5754ED,Struikheide,Deurne
44,5754CB,Fitissingel,Deurne
6,5754EG,Dopheide,Deurne
135,5751BJ,Kruisstraat,Deurne
5,5751TV,Linge,Deurne
148,5754AM,Parallelweg,Deurne
36,5751XL,Anton van Duinkerkenstraat,Deurne
45,5751HP,Hellemanstraat,Deurne
12,5754HH,de Hork,Deurne
14,5753GW,Potbosstraat,Deurne
4,5751TP,Regge,Deurne
6,5757PD,Binnenweg,Liessel
101,5751VL,Maassingel,Deurne
7,5751BZ,Knippenbergstraat,Deurne
6,5751XZ,Stijn Streuvelslaan,Deurne
6,5759PN,Kervelweg,Helenaveen
12,5752BL,Walsbergseweg,Deurne
27,5754EC,Struikheide,Deurne
7,5751ZZ,Sloe,Deurne
35,5756PP,Belgerenseweg,Vlierden
41,5754EN,Wollegras,Deurne
23,5753AZ,Jan van Eijckstraat,Deurne
40,5754CN,Kokmeeuw,Deurne
41,5751MJ,Florence Nightingalestraat,Deurne
10,5754AR,Christinaplantsoen,Deurne
238,5756PE,Vlierdenseweg,Vlierden
7,5751AM,Molenlaan,Deurne
15,5751EP,Verdistraat,Deurne
21,5751XC,Leigraaf,Deurne
32,5754GR,Peelhorst,Deurne
22,5754EJ,Hennegras,Deurne
21,5751VB,Hoendiep,Deurne
7,5754EH,Hennegras,Deurne
10,5752AE,Warande,Deurne
107,5754CJ,Fitissingel,Deurne
3,5753PS,Vestingweg,Deurne
8,5753CS,Govert Flinckstraat,Deurne
21,5754SC,Sleutelbloem,Deurne
52,5751HV,Hellemanstraat,Deurne
4,5751JT,Nassauplein,Deurne
13,5757BA,het Hofke,Liessel
7,5757AX,Oude Molen,Liessel
60,5753AW,Sint Jozefstraat,Deurne
44,5751VW,Weerijs,Deurne
44,5751RP,Hagelkruisweg,Deurne
63,5751JC,Pastoor Jacobsstraat,Deurne
5,5754PX,Bosrandweg,Deurne
47,5754EN,Wollegras,Deurne
18,5754EG,Dopheide,Deurne
7,5758BB,Potterschans,Neerkant
7,5751BR,Zonneland,Deurne
157,5751BJ,Kruisstraat,Deurne
48,5751GS,Händelstraat,Deurne
10,5751JB,Schutsboom,Deurne
28,5751LT,Lek,Deurne
36,5754SG,Paardebloem,Deurne
22,5751WX,Dommel,Deurne
4,5758BE,Brandsmastraat,Neerkant
4,5751XZ,Stijn Streuvelslaan,Deurne
4,5752AL,Beverdonk,Deurne
67,5751VK,Maassingel,Deurne
21,5752AA,Eekstraat,Deurne
10,5757AV,Hoogveld,Liessel
1,5757AA,Loon,Liessel
21,5751AW,Lindenlaan,Deurne
49,5754EK,Veenmossingel,Deurne
19,5754SC,Sleutelbloem,Deurne
7,5751MP,Otto de Visscherestraat,Deurne
50,5753GC,Beukenstraat,Deurne
7,5753GR,Esdoornstraat,Deurne
30,5751CL,Parkhof,Deurne
3,5754EN,Wollegras,Deurne
31,5757BA,het Hofke,Liessel
5,5751JC,Pastoor Jacobsstraat,Deurne
6,5753PE,Grote Bottel,Deurne
162,5754CD,Fitissingel,Deurne
23,5751JR,Romeinstraat,Deurne
1,5754DT,Zilveren Maan,Deurne
18,5756BJ,Buys Ballotstraat,Vlierden
22,5754ED,Struikheide,Deurne
46,5757AD,Loon,Liessel
17,5751TN,Regge,Deurne
5,5754AW,Merlenbergseweg,Deurne
10,5751ZS,Botlek,Deurne
52,5758CA,Hazenpad,Neerkant
20,5754GK,Korstmos,Deurne
22,5751JN,Stationsplein,Deurne
14,5751WX,Dommel,Deurne
71,5751GB,Helmondseweg,Deurne
6,5754CT,Rietgors,Deurne
42,5754CT,Rietgors,Deurne
9,5751ET,Wagnerstraat,Deurne
11,5757BT,Sint Antoniusstraat,Liessel
95,5754CJ,Fitissingel,Deurne
10,5754GR,Peelhorst,Deurne
6,5752BG,Suezlaan,Deurne
73,5751HR,Hellemanstraat,Deurne
45,5751GA,Helmondseweg,Deurne
8,5757PH,Bulseweg,Liessel
97,5754CJ,Fitissingel,Deurne
9,5751MN,Rogier van Leefdaelstraat,Deurne
8,5751AS,Europastraat,Deurne
10,5757BZ,Hulsbos,Liessel
15,5754HA,Torteltuin,Deurne
75,5754ES,Veenmossingel,Deurne
52,5754CB,Fitissingel,Deurne
1,5758RG,Schansweg,Neerkant
40,5757BX,Kieboom,Liessel
3,5754AZ,Kerkplein,Deurne
15,5754HC,Oplegger,Deurne
9,5757BT,Sint Antoniusstraat,Liessel
64,5754DS,Vliersingel,Deurne
13,5753CP,Adriaen van Ostadehof,Deurne
9,5751GM,Brahmsstraat,Deurne
8,5754BG,Turfsteker,Deurne
13,5751EW,Griegstraat,Deurne
65,5754ES,Veenmossingel,Deurne
58,5751VH,Schelde,Deurne
1,5756AL,Pastoriestraat,Vlierden
32,5758RW,Keulsebaan,Neerkant
15,5754AG,Margrietstraat,Deurne
34,5751WP,Oude Liesselseweg,Deurne
56,5751VE,Swalm,Deurne
43,5751GA,Helmondseweg,Deurne
28,5751GD,Helmondseweg,Deurne
26,5751BC,Haageind,Deurne
21,5751LV,Lek,Deurne
41,5753PB,Industrieweg,Deurne
3,5756AX,Einsteinstraat,Vlierden
24,5751AK,Limburgstraat,Deurne
10,5751VC,Hoendiep,Deurne
45,5751VK,Maassingel,Deurne
75,5757AK,Hoofdstraat,Liessel
166,5756AC,Vlierdenseweg,Vlierden
26,5754CW,Kraanvogel,Deurne
23,5752BE,Langstraat,Deurne
27,5754GA,Peellandsingel,Deurne
34,5754CT,Rietgors,Deurne
45,5754DR,Vliersingel,Deurne
16,5754AR,Christinaplantsoen,Deurne
11,5758BE,Brandsmastraat,Neerkant
35,5751GA,Helmondseweg,Deurne
121,5754GM,Peellandsingel,Deurne
40,5753BS,Paulus Potterstraat,Deurne
27,5753GR,Esdoornstraat,Deurne
6,5757RN,Garst,Liessel
42,5757BZ,Hulsbos,Liessel
20,5757BW,Sint Servatiusstraat,Liessel
2,5751ZV,Zwin,Deurne
9,5751HX,Sint Willibrordusplantsoen,Deurne
26,5751ML,Gevart van Doernestraat,Deurne
55,5753AB,Vlierdenseweg,Deurne
58,5751LZ,Raadhuisstraat,Deurne
35,5754EA,Lavendelheide,Deurne
107,5751HD,Stationsstraat,Deurne
2,5751HK,Aaltje Reddingiusstraat,Deurne
40,5751RP,Hagelkruisweg,Deurne
8,5757AV,Hoogveld,Liessel
54,5758CA,Hazenpad,Neerkant
142,5754GE,Peellandsingel,Deurne
38,5754CN,Kokmeeuw,Deurne
34,5757BK,Monseigneur Berkvensstraat,Liessel
28,5757BX,Kieboom,Liessel
34,5754EL,Veenmossingel,Deurne
71,5751RN,Hagelkruisweg,Deurne
62,5753AE,Vlierdenseweg,Deurne
4,5751BR,Zonneland,Deurne
27,5751MD,Frederick Hopkinshof,Deurne
46,5751MC,Frederick Hopkinshof,Deurne
8,5751ZX,Sloe,Deurne
9,5754BG,Turfsteker,Deurne
11,5751RE,Pijnakker,Deurne
9,5751LA,Molenstraat,Deurne
12,5754AH,Margrietstraat,Deurne
1,5758RR,Limburgseweg,Neerkant
30,5751VW,Weerijs,Deurne
6,5751JS,Romeinstraat,Deurne
40,5751CL,Parkhof,Deurne
12,5752PX,Goorsebergweg,Deurne
29,5752AM,Trimperthof,Deurne
8,5751MV,Balthasar Coymansstraat,Deurne
13,5756BH,Buys Ballotstraat,Vlierden
18,5754CX,Blauwborst,Deurne
48,5751XA,Gender,Deurne
1,5752RD,Hemelrijkseweg,Deurne
24,5751TE,Gouwe,Deurne
107,5751CD,Zandbosweg,Deurne
37,5751BV,Crobachplantsoen,Deurne
19,5751ZT,Zwin,Deurne
187,5751BJ,Kruisstraat,Deurne
103,5754CJ,Fitissingel,Deurne
15,5754CR,Wintertaling,Deurne
30,5751JX,Julianastraat,Deurne
8,5751AX,Lindenlaan,Deurne
9,5753GA,Beukenstraat,Deurne
1,5756PP,Belgerenseweg,Vlierden
20,5754CX,Blauwborst,Deurne
36,5751EB,Schommerveld,Deurne
10,5758SE,Sint Vincentiusstraat,Neerkant
10,5754RG,Veendijk,Deurne
26,5758SE,Sint Vincentiusstraat,Neerkant
14,5751PK,Rijtvensedreef,Deurne
47,5757BZ,Hulsbos,Liessel
4,5751EB,Schommerveld,Deurne
20,5751BT,Crobachplantsoen,Deurne
22,5751AV,Frieslandstraat,Deurne
15,5751MD,Frederick Hopkinshof,Deurne
6,5751LS,Felix Timmermansstraat,Deurne
149,5759RD,Soemeersingel,Helenaveen
8,5756PB,Molenhuisweg,Vlierden
30,5751XL,Anton van Duinkerkenstraat,Deurne
11,5751AL,Brabantstraat,Deurne
21,5751BV,Crobachplantsoen,Deurne
19,5751RM,Hagelkruisweg,Deurne
139,5751BJ,Kruisstraat,Deurne
27,5758CA,Hazenpad,Neerkant
50,5758PV,Moostdijk,Neerkant
24,5751LZ,Raadhuisstraat,Deurne
19,5751LR,Felix Timmermansstraat,Deurne
11,5751HZ,Schuifelenberg,Deurne
62,5759PZ,Koolweg,Helenaveen
27,5751ZZ,Sloe,Deurne
63,5754HB,Batspade,Deurne
12,5751JB,Schutsboom,Deurne
12,5754DK,Avondrood,Deurne
42,5751VH,Schelde,Deurne
13,5751JC,Pastoor Jacobsstraat,Deurne
18,5757BK,Monseigneur Berkvensstraat,Liessel
31,5757AJ,Hoofdstraat,Liessel
55,5751MJ,Florence Nightingalestraat,Deurne
145,5756AA,Vlierdenseweg,Vlierden
54,5751VX,Weerijs,Deurne
34,5751CZ,Vriezenkamp,Deurne
11,5751AH,Zeelandstraat,Deurne
25,5754SE,Paardebloem,Deurne
16,5757BB,het Hofke,Liessel
13,5754EH,Hennegras,Deurne
16,5751MT,Theodorus de Smethstraat,Deurne
12,5758RN,Vuurlinie,Neerkant
6,5758BE,Brandsmastraat,Neerkant
16,5751ML,Gevart van Doernestraat,Deurne
5,5756BK,Copernicusstraat,Vlierden
21,5751HX,Sint Willibrordusplantsoen,Deurne
9,5752RC,Suezlaan,Deurne
26,5751LZ,Raadhuisstraat,Deurne
73,5751GB,Helmondseweg,Deurne
15,5753GP,Kloosterstraat,Deurne
17,5752AB,Eekhof,Deurne
14,5751LT,Lek,Deurne
102,5757AR,Hoofdstraat,Liessel
20,5753GW,Potbosstraat,Deurne
18,5751LT,Lek,Deurne
18,5753BS,Paulus Potterstraat,Deurne
28,5753GG,Eikelstraat,Deurne
43,5754DR,Vliersingel,Deurne
16,5754CW,Kraanvogel,Deurne
34,5756PL,Hoge Zijdeweg,Vlierden
13,5754EC,Struikheide,Deurne
22,5757RM,Neerkantseweg,Liessel
72,5758AT,Dorpsstraat,Neerkant
101,5751EK,Mozartstraat,Deurne
51,5753CW,Leembaan,Deurne
2,5752AP,Parkstraat,Deurne
2,5751JK,Tramstraat,Deurne
2,5751BW,Romboutsstraat,Deurne
9,5753RJ,Indumastraat,Deurne
6,5753AX,Katoenstraat,Deurne
34,5758SE,Sint Vincentiusstraat,Neerkant
19,5756AL,Pastoriestraat,Vlierden
7,5753PB,Industrieweg,Deurne
15,5751KG,Lagekerk,Deurne
41,5751KB,Derpsestraat,Deurne
8,5751HN,Heuvelstraat,Deurne
38,5751VH,Schelde,Deurne
27,5751BA,Haageind,Deurne
2,5754AV,Blasiusstraat,Deurne
16,5759PK,Lagebrugweg,Helenaveen
60,5758CA,Hazenpad,Neerkant
18,5751CL,Parkhof,Deurne
58,5751CL,Parkhof,Deurne
8,5751BJ,Kruisstraat,Deurne
4,5751BH,Kerkstraat,Deurne
5,5759RB,Soemeersingel,Helenaveen
22,5751JA,Schutsboom,Deurne
22,5751JB,Schutsboom,Deurne
6,5753BP,Jan Vermeerstraat,Deurne
27,5751HM,Heuvelstraat,Deurne
30,5757BX,Kieboom,Liessel
8,5753RN,Energiestraat,Deurne
1,5754AS,Blasiusstraat,Deurne
14,5751JB,Schutsboom,Deurne
2,5751KX,Hogeweg,Deurne
26,5753PM,Doctor Huub van Doorneweg,Deurne
19,5753PB,Industrieweg,Deurne
2,5757AZ,Oude Molen,Liessel
5,5758AM,Dorpsstraat,Neerkant
28,5753PM,Doctor Huub van Doorneweg,Deurne
48,5751KC,Derpsestraat,Deurne
25,5757AJ,Hoofdstraat,Liessel
3,5753RP,Geijzerstraat,Deurne
25,5753PB,Industrieweg,Deurne
4,5753DE,Gerard Bildersstraat,Deurne
15,5753CW,Leembaan,Deurne
43,5751LH,Zeilbergsestraat,Deurne
38,5753AH,Fabriekstraat,Deurne
2,5753RL,Voltstraat,Deurne
22,5753AH,Fabriekstraat,Deurne
15,5757PJ,Hoogdonkseweg,Liessel
2,5753RP,Geijzerstraat,Deurne
11,5751JH,Haspelweg,Deurne
39,5751BB,Haageind,Deurne
120,5753PP,Liesselseweg,Deurne
2,5753DB,Jacob Marisstraat,Deurne
20,5753AV,Sint Jozefstraat,Deurne
1,5757PZ,Willige Laagt,Liessel
55,5753CW,Leembaan,Deurne
3,5759PA,Oude Peelstraat,Helenaveen
41,5759PB,Oude Peelstraat,Helenaveen
8,5753PM,Doctor Huub van Doorneweg,Deurne
5,5754RC,Randweg,Deurne
5,5754RL,Randweg,Deurne
20,5758PV,Moostdijk,Neerkant
2,5753DA,Hendrik Mesdagstraat,Deurne
2,5754AH,Margrietstraat,Deurne
12,5753AH,Fabriekstraat,Deurne
1,5753CW,Leembaan,Deurne
5,5751JM,Spoorlaan,Deurne
1,5753RK,Wattstraat,Deurne
8,5754AV,Blasiusstraat,Deurne
12,5753RN,Energiestraat,Deurne
6,5751KX,Hogeweg,Deurne
30,5753AV,Sint Jozefstraat,Deurne
18,5753RJ,Indumastraat,Deurne
19,5753RL,Voltstraat,Deurne
8,5756AN,Waagweg,Vlierden
10,5754HK,Bonkspade,Deurne
3,5751LA,Molenstraat,Deurne
3,5751HA,Stationsstraat,Deurne
5,5751HZ,Schuifelenberg,Deurne
206,5756AD,Vlierdenseweg,Vlierden
20,5751GD,Helmondseweg,Deurne
13,5753RL,Voltstraat,Deurne
28,5751BH,Kerkstraat,Deurne
62,5751CL,Parkhof,Deurne
10,5759RN,Kaasweg,Helenaveen
9,5753DG,Paul Gabriëlstraat,Deurne
8,5753DA,Hendrik Mesdagstraat,Deurne
12,5754DP,Dagpauwoog,Deurne
3,5753ST,Ampèrestraat,Deurne
62,5753CV,Leembaan,Deurne
33,5758CA,Hazenpad,Neerkant
8,5758CC,Pijlkruidweg,Neerkant
11,5753DJ,Piet Mondriaanstraat,Deurne
2,5757PZ,Willige Laagt,Liessel
8,5753DL,Theo van Doesburgstraat,Deurne
2,5756PG,Schooteindseweg,Vlierden
6,5751LX,Raadhuisstraat,Deurne
9,5751GA,Helmondseweg,Deurne
10,5753SL,Leembaan,Deurne
3,5753DK,Jan Tooropstraat,Deurne
4,5753DJ,Piet Mondriaanstraat,Deurne
11,5753RL,Voltstraat,Deurne
16,5753DJ,Piet Mondriaanstraat,Deurne
84,5751HH,Stationsstraat,Deurne
6,5753RL,Voltstraat,Deurne
11,5751BE,Oude Martinetstraat,Deurne
2,5753RG,Kranenmortelweg,Deurne
12,5753RP,Geijzerstraat,Deurne
13,5753DJ,Piet Mondriaanstraat,Deurne
29,5751WN,Oude Liesselseweg,Deurne
16,5751LX,Raadhuisstraat,Deurne
2,5753DJ,Piet Mondriaanstraat,Deurne
37,5751JH,Haspelweg,Deurne
13,5751HA,Stationsstraat,Deurne
20,5754BK,Kulertseweg,Deurne
9,5752PB,Kouwenhoekseweg,Deurne
12,5754RL,Randweg,Deurne
25,5754HC,Oplegger,Deurne
3,5754DW,Atalanta,Deurne
18,5754SB,Teunisbloem,Deurne
20,5751SM,Deltasingel,Deurne
56,5758CA,Hazenpad,Neerkant
10,5751VT,Waal,Deurne
10,5753RP,Geijzerstraat,Deurne
32,5751VH,Schelde,Deurne
32,5757AN,Hoofdstraat,Liessel
11,5754HC,Oplegger,Deurne
53,5754DR,Vliersingel,Deurne
12,5751JH,Haspelweg,Deurne
6,5751VT,Waal,Deurne
9,5754BH,Plaveistoker,Deurne
30,5754HC,Oplegger,Deurne
7,5751BW,Romboutsstraat,Deurne
78,5754GD,Peellandsingel,Deurne
44,5751XH,Zaan,Deurne
34,5754HC,Oplegger,Deurne
36,5751XH,Zaan,Deurne
15,5754SH,Korenbloem,Deurne
2,5754DW,Atalanta,Deurne
4,5754HD,Krullevaar,Deurne
1,5759PD,Zinkskesweg,Helenaveen
19,5754HD,Krullevaar,Deurne
19,5754DT,Zilveren Maan,Deurne
14,5754DV,De Meent,Deurne
23,5754HD,Krullevaar,Deurne
11,5754HD,Krullevaar,Deurne
9,5754HD,Krullevaar,Deurne
10,5754DV,De Meent,Deurne
22,5754DV,De Meent,Deurne
4,5754DV,De Meent,Deurne
3,5754HD,Krullevaar,Deurne
1,5753RN,Energiestraat,Deurne
151,5751BJ,Kruisstraat,Deurne
6,5754HD,Krullevaar,Deurne
21,5754DW,Atalanta,Deurne
25,5754DW,Atalanta,Deurne
30,5751LT,Lek,Deurne
16,5754DV,De Meent,Deurne
22,5751LT,Lek,Deurne
27,5754DW,Atalanta,Deurne
8,5754SC,Sleutelbloem,Deurne
2,5754DV,De Meent,Deurne
31,5754DW,Atalanta,Deurne
29,5754DW,Atalanta,Deurne
28,5751XH,Zaan,Deurne
23,5754DW,Atalanta,Deurne
14,5754HK,Bonkspade,Deurne
19,5754DW,Atalanta,Deurne
17,5754DW,Atalanta,Deurne
15,5754DW,Atalanta,Deurne
11,5754DW,Atalanta,Deurne
13,5754DW,Atalanta,Deurne
9,5754DW,Atalanta,Deurne
18,5754DX,Koningsmantel,Deurne
14,5754DX,Koningsmantel,Deurne
38,5751ME,Albert Schweitzerstraat,Deurne
16,5754HK,Bonkspade,Deurne
24,5751LT,Lek,Deurne
1,5754DW,Atalanta,Deurne
10,5754DX,Koningsmantel,Deurne
19,5754DX,Koningsmantel,Deurne
4,5754DX,Koningsmantel,Deurne
6,5754DX,Koningsmantel,Deurne
8,5754DX,Koningsmantel,Deurne
23,5754DX,Koningsmantel,Deurne
21,5754DX,Koningsmantel,Deurne
17,5754DX,Koningsmantel,Deurne
7,5754DW,Atalanta,Deurne
26,5757BX,Kieboom,Liessel
15,5754GR,Peelhorst,Deurne
2,5754DX,Koningsmantel,Deurne
9,5754DX,Koningsmantel,Deurne
12,5754DX,Koningsmantel,Deurne
20,5754SC,Sleutelbloem,Deurne
20,5754SB,Teunisbloem,Deurne
20,5754DX,Koningsmantel,Deurne
11,5754DX,Koningsmantel,Deurne
14,5754SB,Teunisbloem,Deurne
16,5754SC,Sleutelbloem,Deurne
14,5754HC,Oplegger,Deurne
2,5754HK,Bonkspade,Deurne
19,5754SK,Pinksterbloem,Deurne
18,5754SC,Sleutelbloem,Deurne
91,5759PB,Oude Peelstraat,Helenaveen
12,5754SC,Sleutelbloem,Deurne
26,5754SB,Teunisbloem,Deurne
22,5754RL,Randweg,Deurne
2,5752RV,Raktseweg,Deurne
6,5754CM,Rode Wouw,Deurne
3,5754SC,Sleutelbloem,Deurne
20,5754SG,Paardebloem,Deurne
9,5751XM,Antoon Coolenlaan,Deurne
16,5754RL,Randweg,Deurne
30,5754SG,Paardebloem,Deurne
14,5754RL,Randweg,Deurne
28,5754SG,Paardebloem,Deurne
40,5754SG,Paardebloem,Deurne
32,5754SG,Paardebloem,Deurne
20,5751JK,Tramstraat,Deurne
45,5759RS,Meester Theelenstraat,Helenaveen
9,5751JN,Stationsplein,Deurne
31,5754SE,Paardebloem,Deurne
22,5754DZ,Vlinderhof,Deurne
18,5754SG,Paardebloem,Deurne
9,5754SH,Korenbloem,Deurne
5,5754SH,Korenbloem,Deurne
5,5754HC,Oplegger,Deurne
7,5754HC,Oplegger,Deurne
5,5751XM,Antoon Coolenlaan,Deurne
13,5754SK,Pinksterbloem,Deurne
3,5751GV,Pelikaanhof,Deurne
7,5754SK,Pinksterbloem,Deurne
1,5754SH,Korenbloem,Deurne
13,5754SH,Korenbloem,Deurne
80,5753GD,Beukenstraat,Deurne
16,5754DZ,Vlinderhof,Deurne
3,5751XM,Antoon Coolenlaan,Deurne
15,5754SK,Pinksterbloem,Deurne
19,5754SH,Korenbloem,Deurne
42,5754SG,Paardebloem,Deurne
7,5754SH,Korenbloem,Deurne
3,5754SK,Pinksterbloem,Deurne
18,5754DZ,Vlinderhof,Deurne
4,5754SG,Paardebloem,Deurne
10,5754DP,Dagpauwoog,Deurne
9,5754SK,Pinksterbloem,Deurne
8,5754SG,Paardebloem,Deurne
3,5754DK,Avondrood,Deurne
6,5754SG,Paardebloem,Deurne
7,5754DT,Zilveren Maan,Deurne
99,5757AL,Hoofdstraat,Liessel
24,5754DM,Kleine Vos,Deurne
13,5754GR,Peelhorst,Deurne
5,5754DK,Avondrood,Deurne
22,5754DM,Kleine Vos,Deurne
22,5754SB,Teunisbloem,Deurne
169,5751BJ,Kruisstraat,Deurne
30,5754DW,Atalanta,Deurne
147,5751BJ,Kruisstraat,Deurne
145,5751BJ,Kruisstraat,Deurne
121,5751BJ,Kruisstraat,Deurne
101,5751BJ,Kruisstraat,Deurne
99,5751BJ,Kruisstraat,Deurne
9,5751VS,Marie Koenenhof,Deurne
18,5754SJ,Korenbloem,Deurne
7,5751VS,Marie Koenenhof,Deurne
29,5754HB,Batspade,Deurne
22,5751LD,Molenstraat,Deurne
14,5751CL,Parkhof,Deurne
18,5754GR,Peelhorst,Deurne
44,5751CL,Parkhof,Deurne
29,5753AR,Sint Jozefstraat,Deurne
50,5751CL,Parkhof,Deurne
28,5751CL,Parkhof,Deurne
32,5753PM,Doctor Huub van Doorneweg,Deurne
64,5751CL,Parkhof,Deurne
9,5751CL,Parkhof,Deurne
20,5751CL,Parkhof,Deurne
48,5751CL,Parkhof,Deurne
57,5754DR,Vliersingel,Deurne
26,5751CL,Parkhof,Deurne
42,5751CL,Parkhof,Deurne
29,5751JP,Emmalaan,Deurne
70,5754DS,Vliersingel,Deurne
58,5754DS,Vliersingel,Deurne
47,5754DR,Vliersingel,Deurne
34,5751CL,Parkhof,Deurne
6,5751LD,Molenstraat,Deurne
3,5751BG,Kerkstraat,Deurne
6,5757BS,Sint Hubertusplein,Liessel
37,5751PA,Helmondsingel,Deurne
6,5751CL,Parkhof,Deurne
7,5751HK,Aaltje Reddingiusstraat,Deurne
12,5758CC,Pijlkruidweg,Neerkant
7,5754GR,Peelhorst,Deurne
10,5758CC,Pijlkruidweg,Neerkant
14,5756BP,Marie Curiestraat,Vlierden
49,5754DR,Vliersingel,Deurne
11,5754GR,Peelhorst,Deurne
60,5752RC,Suezlaan,Deurne
26,5754SJ,Korenbloem,Deurne
34,5757BE,Molenweg,Liessel
12,5756BP,Marie Curiestraat,Vlierden
6,5758CC,Pijlkruidweg,Neerkant
48,5758CA,Hazenpad,Neerkant
5,5754GR,Peelhorst,Deurne
50,5754BJ,Pottenbakker,Deurne
26,5754DZ,Vlinderhof,Deurne
44,5754BJ,Pottenbakker,Deurne
52,5754BJ,Pottenbakker,Deurne
56,5754BZ,Haageind,Deurne
7,5751CL,Parkhof,Deurne
4,5751CL,Parkhof,Deurne
28,5751PP,Leon van Kelpenaarstraat,Deurne
3,5754GR,Peelhorst,Deurne
46,5754BJ,Pottenbakker,Deurne
50,5758CA,Hazenpad,Neerkant
40,5754BJ,Pottenbakker,Deurne
38,5754BJ,Pottenbakker,Deurne
28,5758AR,Dorpsstraat,Neerkant
5,5751BJ,Kruisstraat,Deurne
17,5751HL,Heuvel,Deurne
24,5751HL,Heuvel,Deurne
23,5751HL,Heuvel,Deurne
30,5751HL,Heuvel,Deurne
20,5751HL,Heuvel,Deurne
1,5751MR,Keizerstraat,Deurne
28,5751HL,Heuvel,Deurne
31,5751HL,Heuvel,Deurne
18,5751HL,Heuvel,Deurne
23,5754BK,Kulertseweg,Deurne
29,5751HL,Heuvel,Deurne
32,5751HL,Heuvel,Deurne
22,5751HL,Heuvel,Deurne
36,5754BJ,Pottenbakker,Deurne
42,5754BJ,Pottenbakker,Deurne
22,5757RZ,Leensel,Liessel
20,5757RZ,Leensel,Liessel
16,5757RZ,Leensel,Liessel
15,5757RZ,Leensel,Liessel
14,5757RZ,Leensel,Liessel
11,5757RZ,Leensel,Liessel
7,5758SL,Paalberg,Neerkant
5,5758SL,Paalberg,Neerkant
3,5758SL,Paalberg,Neerkant
43,5757RX,Zand,Liessel
41,5757RX,Zand,Liessel
39,5757RX,Zand,Liessel
37,5757RX,Zand,Liessel
35,5757RX,Zand,Liessel
33,5757RX,Zand,Liessel
29,5757RX,Zand,Liessel
25,5757RX,Zand,Liessel
23,5757RX,Zand,Liessel
21,5757RX,Zand,Liessel
19,5757RX,Zand,Liessel
17,5757RX,Zand,Liessel
13,5757RX,Zand,Liessel
11,5757RX,Zand,Liessel
9,5757RX,Zand,Liessel
6,5757RX,Zand,Liessel
5,5757RX,Zand,Liessel
4,5757RX,Zand,Liessel
2,5757RX,Zand,Liessel
1,5757RX,Zand,Liessel
8,5753AM,Laurens Costerstraat,Deurne
33,5751HL,Heuvel,Deurne
35,5751HL,Heuvel,Deurne
36,5751HL,Heuvel,Deurne
14,5758CC,Pijlkruidweg,Neerkant
9,5756PJ,Rijntjesdijk,Vlierden
7,5756PJ,Rijntjesdijk,Vlierden
77,5757AK,Hoofdstraat,Liessel
19,5751LA,Molenstraat,Deurne
2,5751PP,Leon van Kelpenaarstraat,Deurne
44,5752PA,Walsbergseweg,Deurne
3,5758RX,Moostenstraat,Neerkant
1,5751BE,Markt,Deurne
27,5751HL,Heuvel,Deurne
25,5751HL,Heuvel,Deurne
26,5751HL,Heuvel,Deurne
34,5751HL,Heuvel,Deurne
1,5751BJ,Kruisstraat,Deurne
48,5754BJ,Pottenbakker,Deurne
1,5754GR,Peelhorst,Deurne
122,5751HJ,Stationsstraat,Deurne
37,5751AA,Veldstraat,Deurne
4,5752PM,Bankertseweg,Deurne
12,5757RL,Tramweg,Liessel
17,5753AJ,Steenovenweg,Deurne
5,5751BE,Markt,Deurne
7,5751BJ,Kruisstraat,Deurne
22,5758RX,Moostenstraat,Neerkant
49,5751HB,Stationsstraat,Deurne
7,5754CM,Rode Wouw,Deurne
46,5754GR,Peelhorst,Deurne
19,5751HL,Heuvel,Deurne
21,5751HL,Heuvel,Deurne
4,5751HK,Aaltje Reddingiusstraat,Deurne
2,5751KV,Posthoek,Deurne
35,5751BJ,Kruisstraat,Deurne
31,5751BJ,Kruisstraat,Deurne
13,5751BJ,Kruisstraat,Deurne
2,5751VC,Hoendiep,Deurne
9,5754AS,Blasiusstraat,Deurne
65,5751GB,Helmondseweg,Deurne
13,5751LA,Molenstraat,Deurne
30,5751VH,Schelde,Deurne
35,5758SC,Sint Vincentiusstraat,Neerkant
8,5751KX,Hogeweg,Deurne
83,5751BJ,Kruisstraat,Deurne
33,5751BJ,Kruisstraat,Deurne
28,5751BJ,Kruisstraat,Deurne
63,5751BJ,Kruisstraat,Deurne
59,5751BJ,Kruisstraat,Deurne
11,5751BJ,Kruisstraat,Deurne
18,5751WJ,Spaarne,Deurne
57,5751BJ,Kruisstraat,Deurne
113,5751PH,Helmondseweg,Deurne
29,5751BJ,Kruisstraat,Deurne
37,5751BJ,Kruisstraat,Deurne
9,5751BJ,Kruisstraat,Deurne
65,5751BJ,Kruisstraat,Deurne
97,5751BJ,Kruisstraat,Deurne
5,5753BE,Rembrandt van Rijnstraat,Deurne
21,5758AM,Dorpsstraat,Neerkant
2,5758AD,Mijnenweg,Neerkant
45,5751BJ,Kruisstraat,Deurne
29,5754BK,Kulertseweg,Deurne
85,5751BJ,Kruisstraat,Deurne
25,5751BJ,Kruisstraat,Deurne
18,5757PZ,Willige Laagt,Liessel
21,5751BJ,Kruisstraat,Deurne
58,5751HG,Stationsstraat,Deurne
47,5751BJ,Kruisstraat,Deurne
2,5751BE,Markt,Deurne
45,5753CW,Leembaan,Deurne
61,5751WN,Oude Liesselseweg,Deurne
49,5751BJ,Kruisstraat,Deurne
67,5751BJ,Kruisstraat,Deurne
87,5751BJ,Kruisstraat,Deurne
27,5753AH,Fabriekstraat,Deurne
14,5751AZ,Hofstraat,Deurne
69,5751BJ,Kruisstraat,Deurne
5,5751AZ,Hofstraat,Deurne
11,5751AZ,Hofstraat,Deurne
15,5751AZ,Hofstraat,Deurne
39,5751BJ,Kruisstraat,Deurne
73,5751BJ,Kruisstraat,Deurne
31,5753AH,Fabriekstraat,Deurne
3,5751AZ,Hofstraat,Deurne
9,5751AZ,Hofstraat,Deurne
34,5753PM,Doctor Huub van Doorneweg,Deurne
75,5751BJ,Kruisstraat,Deurne
111,5751HD,Stationsstraat,Deurne
1,5751AZ,Hofstraat,Deurne
25,5751AZ,Hofstraat,Deurne
2,5751AZ,Hofstraat,Deurne
27,5751AZ,Hofstraat,Deurne
4,5751PP,Leon van Kelpenaarstraat,Deurne
6,5751AZ,Hofstraat,Deurne
17,5751AZ,Hofstraat,Deurne
5,5753DA,Hendrik Mesdagstraat,Deurne
13,5751AZ,Hofstraat,Deurne
40,5753AH,Fabriekstraat,Deurne
22,5751AZ,Hofstraat,Deurne
26,5751AZ,Hofstraat,Deurne
44,5751AZ,Hofstraat,Deurne
52,5751AZ,Hofstraat,Deurne
16,5758CC,Pijlkruidweg,Neerkant
42,5751AZ,Hofstraat,Deurne
43,5751BJ,Kruisstraat,Deurne
10,5751AZ,Hofstraat,Deurne
71,5751BJ,Kruisstraat,Deurne
4,5751AZ,Hofstraat,Deurne
7,5751AZ,Hofstraat,Deurne
21,5751AZ,Hofstraat,Deurne
19,5751AZ,Hofstraat,Deurne
38,5751AZ,Hofstraat,Deurne
34,5751AZ,Hofstraat,Deurne
20,5751AZ,Hofstraat,Deurne
12,5752AK,Klingerveld,Deurne
17,5751BJ,Kruisstraat,Deurne
46,5751AZ,Hofstraat,Deurne
22,5754GR,Peelhorst,Deurne
61,5751BJ,Kruisstraat,Deurne
8,5751AZ,Hofstraat,Deurne
12,5751AZ,Hofstraat,Deurne
48,5751AZ,Hofstraat,Deurne
28,5751AZ,Hofstraat,Deurne
3,5756BP,Marie Curiestraat,Vlierden
24,5751AZ,Hofstraat,Deurne
27,5751BJ,Kruisstraat,Deurne
55,5751BJ,Kruisstraat,Deurne
51,5751BJ,Kruisstraat,Deurne
8,5753SC,Lupinenweg,Deurne
3,5751PP,Leon van Kelpenaarstraat,Deurne
50,5751AZ,Hofstraat,Deurne
32,5751AZ,Hofstraat,Deurne
18,5751AZ,Hofstraat,Deurne
23,5751AZ,Hofstraat,Deurne
24,5751PP,Leon van Kelpenaarstraat,Deurne
22,5751PP,Leon van Kelpenaarstraat,Deurne
1,5751PP,Leon van Kelpenaarstraat,Deurne
11,5751PR,Jules de Cortestraat,Deurne
7,5751PD,Rijtvenseweg,Deurne
5,5751PD,Rijtvenseweg,Deurne
13,5751PR,Jules de Cortestraat,Deurne
81,5751BJ,Kruisstraat,Deurne
23,5751BJ,Kruisstraat,Deurne
18,5753AN,Jan van Goijenstraat,Deurne
79,5751BJ,Kruisstraat,Deurne
77,5751BJ,Kruisstraat,Deurne
19,5751BJ,Kruisstraat,Deurne
87,5758AP,Dorpsstraat,Neerkant
1,5753RL,Voltstraat,Deurne
15,5751BJ,Kruisstraat,Deurne
30,5424SJ,Wollegras,Deurne
30,5754EP,Wollegras,Deurne
18,5751PR,Jules de Cortestraat,Deurne
16,5751PR,Jules de Cortestraat,Deurne
16,5751AZ,Hofstraat,Deurne
93,5751BJ,Kruisstraat,Deurne
18,5756BP,Marie Curiestraat,Vlierden
36,5751AZ,Hofstraat,Deurne
91,5751BJ,Kruisstraat,Deurne
132,5751HJ,Stationsstraat,Deurne
35,5756AZ,Keesomstraat,Vlierden
89,5751BJ,Kruisstraat,Deurne
14,5752AK,Klingerveld,Deurne
111,5751PH,Helmondseweg,Deurne
2,5751JN,Stationsplein,Deurne
5,5751MT,Zilveren Maan,Deurne
5,5754DT,Zilveren Maan,Deurne
6,5751KR,Theodorus de Smethstraat,Deurne
6,5751MT,Theodorus de Smethstraat,Deurne
19,5752BA,Milhezerweg,Deurne
24,5756BP,Marie Curiestraat,Vlierden
30,5751AZ,Hofstraat,Deurne
40,5751AZ,Hofstraat,Deurne
22,5753RL,Voltstraat,Deurne
5,5757AS,Nieuwstraat,Liessel
16,5756BP,Marie Curiestraat,Vlierden
47,5751HB,Stationsstraat,Deurne
6,5753RR,Meester de Jonghlaan,Deurne
