50,2871RR,Vlierstraat,Schoonhoven
119,2871DP,Koestraat,Schoonhoven
7,2871ZK,Voltastraat,Schoonhoven
18,2871ET,Het Bastion,Schoonhoven
2,2871TD,Koningin Emmastraat,Schoonhoven
83,2871LK,Asserlaan,Schoonhoven
22,2871PA,Leeghwaterstraat,Schoonhoven
128,2871PL,Leeghwaterstraat,Schoonhoven
25,2871XA,Galvanistraat,Schoonhoven
32,2871TN,Spoorstraat,Schoonhoven
38,2871ZN,Voltastraat,Schoonhoven
75,2871MN,Lekdijk-West,Schoonhoven
24,2871CZ,Kazerneplein,Schoonhoven
8,2871KX,Einsteinstraat,Schoonhoven
142,2871SH,Oude Singel,Schoonhoven
33,2871LT,Fleminghof,Schoonhoven
92,2871DS,Koestraat,Schoonhoven
4,2871LE,Debijelaan,Schoonhoven
2,2871AB,Tiendweg,Schoonhoven
6,2871VH,Vlisterweg,Schoonhoven
21,2871JP,Lorentzhof,Schoonhoven
17,2871NJ,Vrouwenmantel,Schoonhoven
27,2871CZ,Kazerneplein,Schoonhoven
35,2871HD,Beneluxlaan,Schoonhoven
31,2871HV,Reinier de Graafstraat,Schoonhoven
91,2871DP,Koestraat,Schoonhoven
81,2871NS,Vrouwenmantel,Schoonhoven
56,2871XD,Galvanistraat,Schoonhoven
33,2871ST,Jan van Bloisstraat,Schoonhoven
12,2871EP,Havenstraatse Wal,Schoonhoven
11,2871GK,Waagmeestersstraat,Schoonhoven
2,2871CM,Haven,Schoonhoven
49,2871BC,Wal,Schoonhoven
4,2871HR,Van Berkumstraat,Schoonhoven
35,2871VB,H.A. Schreuderstraat,Schoonhoven
33,2871RA,Knotwilgenstraat,Schoonhoven
21,2871JJ,Pasteurweg,Schoonhoven
29,2871NL,Fluitekruid,Schoonhoven
12,2871CZ,Kazerneplein,Schoonhoven
31,2871EN,Havenstraatse Wal,Schoonhoven
62,2871PV,Lopikerhof,Schoonhoven
61,2871HE,Beneluxlaan,Schoonhoven
27,2871BT,Lopikerstraat,Schoonhoven
14,2871LL,Asserlaan,Schoonhoven
21,2871CE,Scheepmakershaven,Schoonhoven
27,2871AX,Nieuwe Singel,Schoonhoven
25,2871AX,Nieuwe Singel,Schoonhoven
50,2871ZN,Voltastraat,Schoonhoven
27,2871NL,Fluitekruid,Schoonhoven
11,2871VJ,Sint Eloystraat,Schoonhoven
21,2871RA,Knotwilgenstraat,Schoonhoven
144,2871DT,Koestraat,Schoonhoven
73,2871NS,Vrouwenmantel,Schoonhoven
59,2871BL,Lange Weistraat,Schoonhoven
14,2871CD,Veerstraat,Schoonhoven
37,2871RA,Knotwilgenstraat,Schoonhoven
43,2871RV,Esdoornstraat,Schoonhoven
12,2871CD,Veerstraat,Schoonhoven
3,2871GL,Gildemeestersstraat,Schoonhoven
90,2871SG,Oude Singel,Schoonhoven
23,2871NZ,Waterviolier,Schoonhoven
21,2871DL,Uitdragersstraat,Schoonhoven
2,2871JH,Pasteurweg,Schoonhoven
11,2871RM,Broeikweg,Schoonhoven
90,2871DC,Jan Kortlandstraat,Schoonhoven
40,2871JT,Lorentzhof,Schoonhoven
7,2871CG,Tol,Schoonhoven
33,2871RV,Esdoornstraat,Schoonhoven
13,2871VJ,Sint Eloystraat,Schoonhoven
163,2871PK,Leeghwaterstraat,Schoonhoven
5,2871RW,Kastanjestraat,Schoonhoven
6,2871KS,Lafontainepad,Schoonhoven
3,2871VE,Vlisterweg,Schoonhoven
16,2871DE,Provenierstraat,Schoonhoven
16,2871RA,Knotwilgenstraat,Schoonhoven
12,2871JD,Bergambachterstraat,Schoonhoven
21,2871XR,Huygensplein,Schoonhoven
23,2871JN,Kamerlingh Onnesdreef,Schoonhoven
19,2871HK,Regiment van Heutszstraat,Schoonhoven
22,2871PM,Newtonstraat,Schoonhoven
92,2871EB,Havenstraat,Schoonhoven
73,2871CE,Scheepmakershaven,Schoonhoven
43,2871RA,Knotwilgenstraat,Schoonhoven
10,2871EL,Appelstraat,Schoonhoven
2,2871TE,Koningin Julianastraat,Schoonhoven
15,2871DA,Jan Kortlandstraat,Schoonhoven
3,2871NZ,Waterviolier,Schoonhoven
86,2871LM,Asserlaan,Schoonhoven
34,2871XN,Archimedesstraat,Schoonhoven
59,2871LK,Asserlaan,Schoonhoven
31,2871XA,Galvanistraat,Schoonhoven
108,2871SH,Oude Singel,Schoonhoven
43,2871EN,Havenstraatse Wal,Schoonhoven
54,2871DC,Jan Kortlandstraat,Schoonhoven
48,2871DB,Jan Kortlandstraat,Schoonhoven
65,2871AK,Populierenlaan,Schoonhoven
42,2871JK,Pasteurweg,Schoonhoven
10,2871BS,Lopikerstraat,Schoonhoven
12,2871TA,Groene Singel,Schoonhoven
11,2871XA,Galvanistraat,Schoonhoven
35,2871LK,Asserlaan,Schoonhoven
17,2871KG,Madame Curiehof,Schoonhoven
24,2871CN,Haven,Schoonhoven
132,2871LS,Asserlaan,Schoonhoven
31,2871BT,Lopikerstraat,Schoonhoven
34,2871SC,Albrecht Beijlinggracht,Schoonhoven
1,2871SP,Olivier van Noortplein,Schoonhoven
15,2871LG,Debijelaan,Schoonhoven
26,2871KE,Van Leeuwenhoekstraat,Schoonhoven
42,2871PB,Leeghwaterstraat,Schoonhoven
8,2871SE,Oude Singel,Schoonhoven
5,2871AL,Langerakkerweg,Schoonhoven
42,2871PV,Lopikerhof,Schoonhoven
26,2871XC,Galvanistraat,Schoonhoven
57,2871LT,Fleminghof,Schoonhoven
9,2871DE,Provenierstraat,Schoonhoven
17,2871AX,Nieuwe Singel,Schoonhoven
30,2871HS,Van Berkumstraat,Schoonhoven
52,2871RT,Lindenpad,Schoonhoven
17,2871BD,Nes,Schoonhoven
30,2871XC,Galvanistraat,Schoonhoven
30,2871TN,Spoorstraat,Schoonhoven
53,2871TV,Spoorstraat,Schoonhoven
18,2871RL,De Terp,Schoonhoven
12,2871GM,Keurmeestersstraat,Schoonhoven
32,2871AC,Tiendweg,Schoonhoven
65,2871BW,Lopikerstraat,Schoonhoven
5,2871JP,Lorentzhof,Schoonhoven
23,2871HL,Overste den Oudenstraat,Schoonhoven
118,2871DS,Koestraat,Schoonhoven
76,2871JM,Pasteurweg,Schoonhoven
33,2871DX,Havenstraat,Schoonhoven
31,2871HC,Beneluxlaan,Schoonhoven
46,2871LN,Zernikelaan,Schoonhoven
88,2871DC,Jan Kortlandstraat,Schoonhoven
11,2871JG,Marconiplein,Schoonhoven
74,2871LM,Asserlaan,Schoonhoven
63,2871LT,Fleminghof,Schoonhoven
8,2871XL,Archimedesstraat,Schoonhoven
57,2871WD,'s-Heerenbergstraat,Schoonhoven
25,2871JR,Lorentzhof,Schoonhoven
8,2871SR,Olivier van Noortplein,Schoonhoven
3,2871DW,Havenstraat,Schoonhoven
53,2871CE,Scheepmakershaven,Schoonhoven
13,2871NL,Fluitekruid,Schoonhoven
25,2871GM,Keurmeestersstraat,Schoonhoven
3,2871EN,Havenstraatse Wal,Schoonhoven
146,2871DT,Koestraat,Schoonhoven
43,2871ZJ,Copernicussingel,Schoonhoven
1,2871JH,Pasteurweg,Schoonhoven
13,2871ED,Kerkstraat,Schoonhoven
15,2871EE,Kerkstraat,Schoonhoven
17,2871HJ,Albert Plesmanstraat,Schoonhoven
68,2871ZP,Voltastraat,Schoonhoven
14,2871GM,Keurmeestersstraat,Schoonhoven
52,2871BZ,Lopikerstraat,Schoonhoven
7,2871AL,Langerakkerweg,Schoonhoven
59,2871CE,Scheepmakershaven,Schoonhoven
22,2871GL,Gildemeestersstraat,Schoonhoven
11,2871RV,Esdoornstraat,Schoonhoven
34,2871VD,H.A. Schreuderstraat,Schoonhoven
15,2871HC,Beneluxlaan,Schoonhoven
60,2871JL,Pasteurweg,Schoonhoven
71,2871RB,Knotwilgenstraat,Schoonhoven
19,2871RK,Achterwetering,Schoonhoven
53,2871ZJ,Copernicussingel,Schoonhoven
103,2871ZM,Voltastraat,Schoonhoven
11,2871PC,Leeghwaterstraat,Schoonhoven
169,2871PK,Leeghwaterstraat,Schoonhoven
12,2871GN,Carillonstraat,Schoonhoven
4,2871WE,'s-Heerenbergstraat,Schoonhoven
6,2871AG,Halve Maan,Schoonhoven
16,2871RT,Lindenpad,Schoonhoven
25,2871AA,Tiendweg,Schoonhoven
25,2871DX,Havenstraat,Schoonhoven
9,2871AR,Nassaukade,Schoonhoven
4,2871DR,Koestraat,Schoonhoven
1,2871TK,Oranjeplaats,Schoonhoven
18,2871KK,Boerhaavelaan,Schoonhoven
10,2871JD,Bergambachterstraat,Schoonhoven
24,2871AJ,De Montignylaan,Schoonhoven
19,2871AA,Tiendweg,Schoonhoven
32,2871SN,Olivier van Noortstraat,Schoonhoven
29,2871KA,Tinbergenlaan,Schoonhoven
3,2871BP,Korte Weistraat,Schoonhoven
74,2871VM,Sint Eloystraat,Schoonhoven
3,2871PH,Franklinpad,Schoonhoven
35,2871GC,Rotterdamseweg,Schoonhoven
22,2871ZG,Van der Heijdenstraat,Schoonhoven
68,2871SG,Oude Singel,Schoonhoven
76,2871LM,Asserlaan,Schoonhoven
9,2871GP,Mr. Kesperstraat,Schoonhoven
83,2871PD,Leeghwaterstraat,Schoonhoven
108,2871ES,Havenstraatse Wal,Schoonhoven
9,2871LG,Debijelaan,Schoonhoven
17,2871PC,Leeghwaterstraat,Schoonhoven
32,2871NB,Opweg,Schoonhoven
5,2871KJ,Boerhaavelaan,Schoonhoven
40,2871JZ,Zeemanhof,Schoonhoven
2,2871WE,'s-Heerenbergstraat,Schoonhoven
10,2871XP,Galileïplein,Schoonhoven
18,2871JJ,Pasteurweg,Schoonhoven
79,2871AK,Populierenlaan,Schoonhoven
43,2871WC,'s-Heerenbergstraat,Schoonhoven
24,2871RK,Achterwetering,Schoonhoven
10,2871DZ,Havenstraat,Schoonhoven
8,2871PV,Lopikerhof,Schoonhoven
6,2871KK,Boerhaavelaan,Schoonhoven
14,2871LH,Robert Kochlaan,Schoonhoven
1,2871CW,Doelenstraat,Schoonhoven
7,2871RE,Iepenpad,Schoonhoven
27,2871XE,Stevinstraat,Schoonhoven
8,2871NR,Kievitsbloem,Schoonhoven
2,2871AD,Lekdijk-Oost,Schoonhoven
41,2871VG,Vlisterweg,Schoonhoven
23,2871VG,Vlisterweg,Schoonhoven
7,2871ST,Jan van Bloisstraat,Schoonhoven
9,2871ZH,Copernicussingel,Schoonhoven
9,2871AS,Cellebroedersstraat,Schoonhoven
18,2871KB,Tinbergenlaan,Schoonhoven
86,2871NG,Opweg,Schoonhoven
47,2871WD,'s-Heerenbergstraat,Schoonhoven
15,2871AL,Langerakkerweg,Schoonhoven
3,2871HP,Van Berkumstraat,Schoonhoven
5,2871ZH,Copernicussingel,Schoonhoven
27,2871AS,Cellebroedersstraat,Schoonhoven
11,2871ZH,Copernicussingel,Schoonhoven
2,2871XL,Archimedesstraat,Schoonhoven
44,2871ZN,Voltastraat,Schoonhoven
4,2871NR,Kievitsbloem,Schoonhoven
63,2871WD,'s-Heerenbergstraat,Schoonhoven
60,2871HH,Beneluxlaan,Schoonhoven
13,2871AS,Cellebroedersstraat,Schoonhoven
27,2871KG,Madame Curiehof,Schoonhoven
16,2871XM,Archimedesstraat,Schoonhoven
31,2871RL,De Terp,Schoonhoven
33,2871CH,Voorhaven,Schoonhoven
12,2871PE,Pascalplein,Schoonhoven
11,2871GB,Rotterdamseweg,Schoonhoven
20,2871ET,Het Bastion,Schoonhoven
41,2871CE,Scheepmakershaven,Schoonhoven
3,2871RS,Vlierstraat,Schoonhoven
4,2871DB,Jan Kortlandstraat,Schoonhoven
3,2871KG,Madame Curiehof,Schoonhoven
39,2871PC,Leeghwaterstraat,Schoonhoven
26,2871KV,Landsteinerhof,Schoonhoven
4,2871XX,Buys Ballotsingel,Schoonhoven
29,2871AL,Langerakkerweg,Schoonhoven
22,2871NR,Kievitsbloem,Schoonhoven
7,2871LP,Zernikelaan,Schoonhoven
2,2871SV,Jacoba van Beierenstraat,Schoonhoven
3,2871NR,Kievitsbloem,Schoonhoven
37,2871ML,Lekdijk-West,Schoonhoven
20,2871AV,Lopikerweg,Schoonhoven
84,2871NG,Opweg,Schoonhoven
41,2871WL,Jan Lutmastraat,Schoonhoven
13,2871RA,Knotwilgenstraat,Schoonhoven
11,2871WB,'s-Heerenbergstraat,Schoonhoven
23,2871MZ,Ereprijs,Schoonhoven
47,2871GC,Rotterdamseweg,Schoonhoven
8,2871AC,Tiendweg,Schoonhoven
1,2871HK,Regiment van Heutszstraat,Schoonhoven
37,2871VR,Adam van Vianenstraat,Schoonhoven
154,2871SJ,Oude Singel,Schoonhoven
45,2871CE,Scheepmakershaven,Schoonhoven
12,2871CE,Scheepmakershaven,Schoonhoven
71,2871NS,Vrouwenmantel,Schoonhoven
8,2871JJ,Pasteurweg,Schoonhoven
5,2871CH,Voorhaven,Schoonhoven
31,2871MZ,Ereprijs,Schoonhoven
23,2871GB,Rotterdamseweg,Schoonhoven
42,2871NB,Opweg,Schoonhoven
25,2871RL,De Terp,Schoonhoven
11,2871CA,Korte Dijk,Schoonhoven
59,2871BC,Wal,Schoonhoven
11,2871RS,Vlierstraat,Schoonhoven
6,2871KB,Tinbergenlaan,Schoonhoven
42,2871CP,Haven,Schoonhoven
120,2871PL,Leeghwaterstraat,Schoonhoven
16,2871WG,'s-Heerenbergstraat,Schoonhoven
14,2871RL,De Terp,Schoonhoven
12,2871MC,C.G. Roosweg,Schoonhoven
63,2871BW,Lopikerstraat,Schoonhoven
14,2871GJ,Ambachtsstraat,Schoonhoven
12,2871AC,Tiendweg,Schoonhoven
39,2871KZ,Nobeldreef,Schoonhoven
3,2871PW,Boomgaard,Schoonhoven
8,2871DR,Koestraat,Schoonhoven
69,2871JL,Pasteurweg,Schoonhoven
19,2871DA,Jan Kortlandstraat,Schoonhoven
3,2871BA,Wal,Schoonhoven
66,2871VM,Sint Eloystraat,Schoonhoven
48,2871LL,Asserlaan,Schoonhoven
22,2871RR,Vlierstraat,Schoonhoven
9,2871GD,Lommerrijk,Schoonhoven
23,2871DG,Oude Haven,Schoonhoven
53,2871NJ,Vrouwenmantel,Schoonhoven
72,2871EA,Havenstraat,Schoonhoven
73,2871LT,Fleminghof,Schoonhoven
39,2871ZL,Voltastraat,Schoonhoven
44,2871LL,Asserlaan,Schoonhoven
33,2871KL,Van 't Hoffplaats,Schoonhoven
2,2871TR,Stationsplein,Schoonhoven
38,2871PE,Pascalplein,Schoonhoven
16,2871JS,Lorentzhof,Schoonhoven
10,2871XG,Stevinstraat,Schoonhoven
102,2871LR,Asserlaan,Schoonhoven
16,2871VC,H.A. Schreuderstraat,Schoonhoven
9,2871GL,Gildemeestersstraat,Schoonhoven
58,2871BZ,Lopikerstraat,Schoonhoven
57,2871HD,Beneluxlaan,Schoonhoven
41,2871BC,Wal,Schoonhoven
15,2871RX,Walnootstraat,Schoonhoven
71,2871VK,Sint Eloystraat,Schoonhoven
5,2871KR,Lafontainepad,Schoonhoven
22,2871EL,Appelstraat,Schoonhoven
8,2871XC,Galvanistraat,Schoonhoven
1,2871BK,Lange Weistraat,Schoonhoven
2,2871LD,Albert Schweitzerlaan,Schoonhoven
17,2871KA,Tinbergenlaan,Schoonhoven
1,2871AE,De Montignylaan,Schoonhoven
19,2871NT,Zonnedauw,Schoonhoven
15,2871PW,Boomgaard,Schoonhoven
35,2871RK,Achterwetering,Schoonhoven
18,2871SE,Oude Singel,Schoonhoven
31,2871PC,Leeghwaterstraat,Schoonhoven
130,2871SH,Oude Singel,Schoonhoven
62,2871PB,Leeghwaterstraat,Schoonhoven
9,2871EL,Appelstraat,Schoonhoven
7,2871VA,H.A. Schreuderstraat,Schoonhoven
10,2871DR,Koestraat,Schoonhoven
23,2871DL,Uitdragersstraat,Schoonhoven
26,2871MZ,Ereprijs,Schoonhoven
11,2871GP,Mr. Kesperstraat,Schoonhoven
50,2871LD,Albert Schweitzerlaan,Schoonhoven
43,2871DM,Koestraat,Schoonhoven
26,2871KP,Eykmanstraat,Schoonhoven
25,2871CK,Haven,Schoonhoven
66,2871ZP,Voltastraat,Schoonhoven
48,2871NB,Opweg,Schoonhoven
11,2871CE,Scheepmakershaven,Schoonhoven
6,2871DE,Provenierstraat,Schoonhoven
52,2871JL,Pasteurweg,Schoonhoven
125,2871NS,Vrouwenmantel,Schoonhoven
63,2871HE,Beneluxlaan,Schoonhoven
56,2871ZP,Voltastraat,Schoonhoven
47,2871VK,Sint Eloystraat,Schoonhoven
3,2871HT,Reinier de Graafstraat,Schoonhoven
12,2871JS,Lorentzhof,Schoonhoven
8,2871EG,Kerkstraat,Schoonhoven
91,2871CE,Scheepmakershaven,Schoonhoven
14,2871XT,Edisonstraat,Schoonhoven
2,2871GE,Buiten de Veste,Schoonhoven
13,2871LP,Zernikelaan,Schoonhoven
20,2871KH,Madame Curiehof,Schoonhoven
32,2871XC,Galvanistraat,Schoonhoven
17,2871WJ,Goudsmidshof,Schoonhoven
25,2871JN,Kamerlingh Onnesdreef,Schoonhoven
55,2871LP,Zernikelaan,Schoonhoven
32,2871GT,Mr. Kesperstraat,Schoonhoven
25,2871MZ,Ereprijs,Schoonhoven
100,2871SG,Oude Singel,Schoonhoven
11,2871AE,De Montignylaan,Schoonhoven
21,2871HT,Reinier de Graafstraat,Schoonhoven
6,2871CB,Korte Dijk,Schoonhoven
24,2871JJ,Pasteurweg,Schoonhoven
114,2871PL,Leeghwaterstraat,Schoonhoven
28,2871HS,Van Berkumstraat,Schoonhoven
17,2871VG,Vlisterweg,Schoonhoven
10,2871GK,Waagmeestersstraat,Schoonhoven
38,2871PB,Leeghwaterstraat,Schoonhoven
62,2871WZ,Edelsmidsdreef,Schoonhoven
6,2871LA,Nobeldreef,Schoonhoven
5,2871GP,Mr. Kesperstraat,Schoonhoven
50,2871SE,Oude Singel,Schoonhoven
11,2871GE,Buiten de Veste,Schoonhoven
9,2871KZ,Nobeldreef,Schoonhoven
94,2871DS,Koestraat,Schoonhoven
31,2871VG,Vlisterweg,Schoonhoven
158,2871EC,Havenstraat,Schoonhoven
20,2871RT,Lindenpad,Schoonhoven
11,2871DL,Uitdragersstraat,Schoonhoven
1,2871ED,Kerkstraat,Schoonhoven
6,2871RJ,Sparrenstraat,Schoonhoven
8,2871EP,Havenstraatse Wal,Schoonhoven
2,2871RX,Walnootstraat,Schoonhoven
3,2871AA,Tiendweg,Schoonhoven
19,2871XJ,Archimedesstraat,Schoonhoven
51,2871BW,Lopikerstraat,Schoonhoven
2,2871NZ,Waterviolier,Schoonhoven
17,2871RM,Broeikweg,Schoonhoven
14,2871DR,Koestraat,Schoonhoven
13,2871WK,Jan Lutmastraat,Schoonhoven
70,2871JL,Pasteurweg,Schoonhoven
21,2871NT,Zonnedauw,Schoonhoven
39,2871EE,Kerkstraat,Schoonhoven
93,2871MN,Lekdijk-West,Schoonhoven
4,2871XG,Stevinstraat,Schoonhoven
88,2871SG,Oude Singel,Schoonhoven
23,2871ZK,Voltastraat,Schoonhoven
56,2871MZ,Ereprijs,Schoonhoven
7,2871AE,De Montignylaan,Schoonhoven
31,2871RK,Achterwetering,Schoonhoven
29,2871ZK,Voltastraat,Schoonhoven
16,2871CJ,Voorhaven,Schoonhoven
7,2871RA,Knotwilgenstraat,Schoonhoven
69,2871TV,Spoorstraat,Schoonhoven
8,2871NZ,Waterviolier,Schoonhoven
54,2871LN,Zernikelaan,Schoonhoven
6,2871DK,Kruispoortstraat,Schoonhoven
134,2871ZR,Voltastraat,Schoonhoven
1,2871NP,Koninginnekruid,Schoonhoven
29,2871PN,Newtonstraat,Schoonhoven
35,2871WL,Jan Lutmastraat,Schoonhoven
22,2871GM,Keurmeestersstraat,Schoonhoven
64,2871EA,Havenstraat,Schoonhoven
55,2871VS,Adam van Vianenstraat,Schoonhoven
37,2871HD,Beneluxlaan,Schoonhoven
30,2871SC,Albrecht Beijlinggracht,Schoonhoven
9,2871HM,Barend van Hoeffstraat,Schoonhoven
41,2871RA,Knotwilgenstraat,Schoonhoven
32,2871ZG,Van der Heijdenstraat,Schoonhoven
22,2871BB,Wal,Schoonhoven
14,2871GN,Carillonstraat,Schoonhoven
22,2871LD,Albert Schweitzerlaan,Schoonhoven
1,2871AA,Tiendweg,Schoonhoven
17,2871KL,Van 't Hoffplaats,Schoonhoven
6,2871WP,Jan Lutmastraat,Schoonhoven
17,2871GE,Buiten de Veste,Schoonhoven
35,2871VR,Adam van Vianenstraat,Schoonhoven
3,2871RJ,Sparrenstraat,Schoonhoven
5,2871RV,Esdoornstraat,Schoonhoven
122,2871DT,Koestraat,Schoonhoven
20,2871JJ,Pasteurweg,Schoonhoven
14,2871LN,Zernikelaan,Schoonhoven
3,2871RX,Walnootstraat,Schoonhoven
37,2871KZ,Nobeldreef,Schoonhoven
19,2871RX,Walnootstraat,Schoonhoven
25,2871SP,Olivier van Noortplein,Schoonhoven
90,2871LN,Zernikelaan,Schoonhoven
14,2871KV,Landsteinerhof,Schoonhoven
3,2871XV,Linnaeushof,Schoonhoven
9,2871XH,Archimedesstraat,Schoonhoven
29,2871CE,Scheepmakershaven,Schoonhoven
3,2871ED,Kerkstraat,Schoonhoven
3,2871BK,Lange Weistraat,Schoonhoven
2,2871KX,Einsteinstraat,Schoonhoven
1,2871WB,'s-Heerenbergstraat,Schoonhoven
14,2871CJ,Voorhaven,Schoonhoven
58,2871EA,Havenstraat,Schoonhoven
12,2871XS,Huygensplein,Schoonhoven
1,2871CT,Waagstraat,Schoonhoven
35,2871VK,Sint Eloystraat,Schoonhoven
53,2871GC,Rotterdamseweg,Schoonhoven
2,2871ZC,Ampèrelaan,Schoonhoven
52,2871VD,H.A. Schreuderstraat,Schoonhoven
2,2871HZ,Voorne,Schoonhoven
6,2871XC,Galvanistraat,Schoonhoven
13,2871PX,Elzenstraat,Schoonhoven
14,2871JD,Bergambachterstraat,Schoonhoven
13,2871VA,H.A. Schreuderstraat,Schoonhoven
81,2871MN,Lekdijk-West,Schoonhoven
6,2871PE,Pascalplein,Schoonhoven
36,2871XN,Archimedesstraat,Schoonhoven
8,2871KB,Tinbergenlaan,Schoonhoven
25,2871VP,Adam van Vianenstraat,Schoonhoven
11,2871MZ,Ereprijs,Schoonhoven
58,2871LN,Zernikelaan,Schoonhoven
6,2871RP,Slootweg,Schoonhoven
21,2871PT,Lopikerhof,Schoonhoven
33,2871RK,Achterwetering,Schoonhoven
10,2871CJ,Voorhaven,Schoonhoven
79,2871CE,Scheepmakershaven,Schoonhoven
41,2871LP,Zernikelaan,Schoonhoven
90,2871JM,Pasteurweg,Schoonhoven
19,2871JG,Marconiplein,Schoonhoven
12,2871BJ,Het Klooster,Schoonhoven
15,2871TT,Spoorsingel,Schoonhoven
21,2871SP,Olivier van Noortplein,Schoonhoven
30,2871PE,Pascalplein,Schoonhoven
27,2871ZK,Voltastraat,Schoonhoven
48,2871CP,Haven,Schoonhoven
17,2871HK,Regiment van Heutszstraat,Schoonhoven
5,2871VE,Vlisterweg,Schoonhoven
85,2871BW,Lopikerstraat,Schoonhoven
12,2871CG,Tol,Schoonhoven
5,2871JV,Zeemanhof,Schoonhoven
98,2871ES,Havenstraatse Wal,Schoonhoven
2,2871HW,Reinier de Graafstraat,Schoonhoven
19,2871JV,Zeemanhof,Schoonhoven
14,2871SR,Olivier van Noortplein,Schoonhoven
36,2871PE,Pascalplein,Schoonhoven
3,2871LH,Robert Kochlaan,Schoonhoven
5,2871ED,Kerkstraat,Schoonhoven
35,2871RV,Esdoornstraat,Schoonhoven
21,2871RX,Walnootstraat,Schoonhoven
46,2871LD,Albert Schweitzerlaan,Schoonhoven
26,2871DR,Koestraat,Schoonhoven
160,2871SJ,Oude Singel,Schoonhoven
49,2871WD,'s-Heerenbergstraat,Schoonhoven
106,2871LR,Asserlaan,Schoonhoven
42,2871RC,Knotwilgenstraat,Schoonhoven
16,2871VT,Adam van Vianenstraat,Schoonhoven
18,2871RR,Vlierstraat,Schoonhoven
15,2871GB,Rotterdamseweg,Schoonhoven
9,2871BR,Tapuitstraat,Schoonhoven
19,2871BP,Korte Weistraat,Schoonhoven
22,2871PE,Pascalplein,Schoonhoven
19,2871PC,Leeghwaterstraat,Schoonhoven
19,2871DX,Havenstraat,Schoonhoven
11,2871BR,Tapuitstraat,Schoonhoven
38,2871XC,Galvanistraat,Schoonhoven
15,2871XW,Buys Ballotsingel,Schoonhoven
7,2871BS,Lopikerstraat,Schoonhoven
26,2871KK,Boerhaavelaan,Schoonhoven
13,2871KA,Tinbergenlaan,Schoonhoven
8,2871WE,'s-Heerenbergstraat,Schoonhoven
3,2871GB,Rotterdamseweg,Schoonhoven
79,2871BW,Lopikerstraat,Schoonhoven
13,2871TE,Koningin Julianastraat,Schoonhoven
2,2871HK,Regiment van Heutszstraat,Schoonhoven
8,2871CB,Korte Dijk,Schoonhoven
12,2871LA,Nobeldreef,Schoonhoven
20,2871SE,Oude Singel,Schoonhoven
70,2871EA,Havenstraat,Schoonhoven
24,2871BE,Nes,Schoonhoven
13,2871RM,Broeikweg,Schoonhoven
67,2871VK,Sint Eloystraat,Schoonhoven
42,2871PE,Pascalplein,Schoonhoven
34,2871SE,Oude Singel,Schoonhoven
4,2871ST,Jan van Bloisstraat,Schoonhoven
17,2871JV,Zeemanhof,Schoonhoven
5,2871GL,Gildemeestersstraat,Schoonhoven
15,2871VJ,Sint Eloystraat,Schoonhoven
15,2871BH,Carmelietenstraat,Schoonhoven
76,2871VM,Sint Eloystraat,Schoonhoven
13,2871GR,Mr. Kesperstraat,Schoonhoven
54,2871RC,Knotwilgenstraat,Schoonhoven
11,2871TL,Oranjeplaats,Schoonhoven
55,2871ZL,Voltastraat,Schoonhoven
6,2871ZC,Ampèrelaan,Schoonhoven
5,2871JN,Kamerlingh Onnesdreef,Schoonhoven
48,2871PB,Leeghwaterstraat,Schoonhoven
15,2871JV,Zeemanhof,Schoonhoven
23,2871CA,Korte Dijk,Schoonhoven
37,2871JN,Kamerlingh Onnesdreef,Schoonhoven
73,2871BL,Lange Weistraat,Schoonhoven
2,2871VL,Sint Eloystraat,Schoonhoven
4,2871CJ,Voorhaven,Schoonhoven
44,2871BE,Nes,Schoonhoven
2,2871SR,Olivier van Noortplein,Schoonhoven
35,2871EN,Havenstraatse Wal,Schoonhoven
8,2871BS,Lopikerstraat,Schoonhoven
12,2871DE,Provenierstraat,Schoonhoven
3,2871LP,Zernikelaan,Schoonhoven
63,2871TV,Spoorstraat,Schoonhoven
5,2871RN,Broeikweg,Schoonhoven
1,2871XP,Galileïplein,Schoonhoven
35,2871KL,Van 't Hoffplaats,Schoonhoven
3,2871GD,Lommerrijk,Schoonhoven
21,2871TT,Spoorsingel,Schoonhoven
37,2871BL,Lange Weistraat,Schoonhoven
83,2871NS,Vrouwenmantel,Schoonhoven
18,2871KS,Lafontainepad,Schoonhoven
12,2871XC,Galvanistraat,Schoonhoven
56,2871TP,Spoorstraat,Schoonhoven
22,2871RA,Knotwilgenstraat,Schoonhoven
12,2871GJ,Ambachtsstraat,Schoonhoven
92,2871ZP,Voltastraat,Schoonhoven
33,2871RG,Beukenpad,Schoonhoven
112,2871ES,Havenstraatse Wal,Schoonhoven
12,2871SX,Bij de Watertoren,Schoonhoven
42,2871TP,Spoorstraat,Schoonhoven
84,2871EB,Havenstraat,Schoonhoven
62,2871HE,Beneluxlaan,Schoonhoven
21,2871WC,'s-Heerenbergstraat,Schoonhoven
1,2871XX,Meidoornpad,Schoonhoven
1,2871RH,Meidoornpad,Schoonhoven
6,2871ET,Het Bastion,Schoonhoven
48,2871DR,Koestraat,Schoonhoven
34,2871SX,Bij de Watertoren,Schoonhoven
6,2871ZN,Voltastraat,Schoonhoven
81,2871TV,Spoorstraat,Schoonhoven
10,2871RL,De Terp,Schoonhoven
51,2871RB,Knotwilgenstraat,Schoonhoven
24,2871KP,Eykmanstraat,Schoonhoven
11,2871TN,Spoorstraat,Schoonhoven
18,2871GJ,Ambachtsstraat,Schoonhoven
4,2871RA,Knotwilgenstraat,Schoonhoven
6,2871BM,Lange Weistraat,Schoonhoven
28,2871KS,Lafontainepad,Schoonhoven
72,2871NC,Opweg,Schoonhoven
26,2871PE,Pascalplein,Schoonhoven
15,2871XV,Linnaeushof,Schoonhoven
69,2871ZM,Voltastraat,Schoonhoven
57,2871BW,Lopikerstraat,Schoonhoven
46,2871BZ,Lopikerstraat,Schoonhoven
132,2871SH,Oude Singel,Schoonhoven
62,2871LN,Zernikelaan,Schoonhoven
8,2871GK,Waagmeestersstraat,Schoonhoven
2,2871BR,Stadhuisstraat,Schoonhoven
23,2871LC,Albert Schweitzerlaan,Schoonhoven
14,2871PM,Newtonstraat,Schoonhoven
89,2871CE,Scheepmakershaven,Schoonhoven
7,2871BH,Carmelietenstraat,Schoonhoven
28,2871VV,Adam van Vianenstraat,Schoonhoven
23,2871HC,Beneluxlaan,Schoonhoven
43,2871BC,Wal,Schoonhoven
106,2871NH,Opweg,Schoonhoven
13,2871SK,Olivier van Noortstraat,Schoonhoven
35,2871ML,Lekdijk-West,Schoonhoven
27,2871CA,Korte Dijk,Schoonhoven
7,2871LH,Robert Kochlaan,Schoonhoven
18,2871LL,Asserlaan,Schoonhoven
49,2871VR,Adam van Vianenstraat,Schoonhoven
76,2871DS,Koestraat,Schoonhoven
57,2871VS,Adam van Vianenstraat,Schoonhoven
32,2871DR,Koestraat,Schoonhoven
24,2871GJ,Ambachtsstraat,Schoonhoven
12,2871SE,Oude Singel,Schoonhoven
44,2871GT,Mr. Kesperstraat,Schoonhoven
84,2871JM,Pasteurweg,Schoonhoven
9,2871BJ,Het Klooster,Schoonhoven
18,2871HG,Beneluxlaan,Schoonhoven
47,2871PC,Leeghwaterstraat,Schoonhoven
1,2871WJ,Goudsmidshof,Schoonhoven
28,2871KM,Van 't Hoffplaats,Schoonhoven
13,2871JC,Bergambachterstraat,Schoonhoven
18,2871DZ,Havenstraat,Schoonhoven
95,2871ZM,Voltastraat,Schoonhoven
15,2871SP,Olivier van Noortplein,Schoonhoven
20,2871MZ,Ereprijs,Schoonhoven
17,2871XE,Stevinstraat,Schoonhoven
32,2871LB,Nobeldreef,Schoonhoven
1,2871GM,Keurmeestersstraat,Schoonhoven
104,2871NH,Opweg,Schoonhoven
61,2871CL,Haven,Schoonhoven
3,2871TG,Koningin Wilhelminastraat,Schoonhoven
2,2871AS,Populierenlaan,Schoonhoven
34,2871KC,Tinbergenlaan,Schoonhoven
13,2871GH,Ambachtsstraat,Schoonhoven
13,2871BR,Tapuitstraat,Schoonhoven
121,2871PD,Leeghwaterstraat,Schoonhoven
33,2871RS,Vlierstraat,Schoonhoven
25,2871LJ,Asserlaan,Schoonhoven
3,2871HK,Regiment van Heutszstraat,Schoonhoven
1,2871WK,Jan Lutmastraat,Schoonhoven
3,2871SK,Olivier van Noortstraat,Schoonhoven
32,2871HX,Reinier de Graafstraat,Schoonhoven
19,2871XE,Stevinstraat,Schoonhoven
11,2871LC,Albert Schweitzerlaan,Schoonhoven
103,2871DP,Koestraat,Schoonhoven
89,2871RD,Knotwilgenstraat,Schoonhoven
87,2871RD,Knotwilgenstraat,Schoonhoven
28,2871BC,Wal,Schoonhoven
9,2871JB,Bergambachterstraat,Schoonhoven
22,2871KK,Boerhaavelaan,Schoonhoven
95,2871CE,Scheepmakershaven,Schoonhoven
23,2871DA,Jan Kortlandstraat,Schoonhoven
22,2871ET,Het Bastion,Schoonhoven
8,2871DB,Jan Kortlandstraat,Schoonhoven
32,2871XZ,Buys Ballotsingel,Schoonhoven
32,2871KX,Einsteinstraat,Schoonhoven
25,2871ZD,Van der Heijdenstraat,Schoonhoven
28,2871LL,Asserlaan,Schoonhoven
35,2871DH,Oude Haven,Schoonhoven
30,2871SX,Bij de Watertoren,Schoonhoven
3,2871DG,Oude Haven,Schoonhoven
5,2871AP,Lopikersingel,Schoonhoven
64,2871DC,Jan Kortlandstraat,Schoonhoven
7,2871XE,Stevinstraat,Schoonhoven
1,2871NT,Zonnedauw,Schoonhoven
45,2871VR,Adam van Vianenstraat,Schoonhoven
5,2871WB,'s-Heerenbergstraat,Schoonhoven
41,2871EN,Havenstraatse Wal,Schoonhoven
1,2871TM,Kerkweg,Schoonhoven
45,2871ZJ,Copernicussingel,Schoonhoven
10,2871SM,Olivier van Noortstraat,Schoonhoven
16,2871NZ,Waterviolier,Schoonhoven
51,2871ZB,Ampèrelaan,Schoonhoven
29,2871AS,Cellebroedersstraat,Schoonhoven
21,2871CV,Doelenplein,Schoonhoven
23,2871JJ,Pasteurweg,Schoonhoven
14,2871GV,Werf,Schoonhoven
11,2871VE,Vlisterweg,Schoonhoven
2,2871EL,Appelstraat,Schoonhoven
13,2871KZ,Nobeldreef,Schoonhoven
3,2871GM,Keurmeestersstraat,Schoonhoven
7,2871WK,Jan Lutmastraat,Schoonhoven
24,2871CV,Doelenplein,Schoonhoven
7,2871CA,Korte Dijk,Schoonhoven
140,2871PL,Leeghwaterstraat,Schoonhoven
14,2871XG,Stevinstraat,Schoonhoven
30,2871JZ,Zeemanhof,Schoonhoven
12,2871TN,Spoorstraat,Schoonhoven
73,2871TV,Spoorstraat,Schoonhoven
154,2871EC,Havenstraat,Schoonhoven
28,2871MZ,Ereprijs,Schoonhoven
17,2871PX,Elzenstraat,Schoonhoven
20,2871CB,Korte Dijk,Schoonhoven
76,2871ZP,Voltastraat,Schoonhoven
34,2871LB,Nobeldreef,Schoonhoven
24,2871XG,Stevinstraat,Schoonhoven
90,2871LM,Asserlaan,Schoonhoven
126,2871PL,Leeghwaterstraat,Schoonhoven
15,2871GK,Waagmeestersstraat,Schoonhoven
16,2871RW,Kastanjestraat,Schoonhoven
8,2871DJ,Oude Haven,Schoonhoven
47,2871VR,Adam van Vianenstraat,Schoonhoven
25,2871AR,Nassaukade,Schoonhoven
8,2871JS,Lorentzhof,Schoonhoven
9,2871GE,Buiten de Veste,Schoonhoven
37,2871WL,Jan Lutmastraat,Schoonhoven
20,2871JS,Lorentzhof,Schoonhoven
15,2871PT,Lopikerhof,Schoonhoven
31,2871WC,'s-Heerenbergstraat,Schoonhoven
16,2871SB,Albrecht Beijlinggracht,Schoonhoven
114,2871DS,Koestraat,Schoonhoven
57,2871VK,Sint Eloystraat,Schoonhoven
7,2871GG,Ambachtsstraat,Schoonhoven
17,2871TE,Koningin Julianastraat,Schoonhoven
69,2871MN,Lekdijk-West,Schoonhoven
10,2871TA,Groene Singel,Schoonhoven
81,2871CE,Scheepmakershaven,Schoonhoven
59,2871RB,Knotwilgenstraat,Schoonhoven
69,2871VK,Sint Eloystraat,Schoonhoven
84,2871ZP,Voltastraat,Schoonhoven
35,2871WC,'s-Heerenbergstraat,Schoonhoven
7,2871ZH,Copernicussingel,Schoonhoven
17,2871LP,Zernikelaan,Schoonhoven
134,2871DT,Koestraat,Schoonhoven
16,2871KX,Einsteinstraat,Schoonhoven
30,2871GN,Carillonstraat,Schoonhoven
63,2871LP,Zernikelaan,Schoonhoven
20,2871XP,Galileïplein,Schoonhoven
12,2871WP,Jan Lutmastraat,Schoonhoven
23,2871AL,Langerakkerweg,Schoonhoven
11,2871AR,Nassaukade,Schoonhoven
4,2871JS,Lorentzhof,Schoonhoven
32,2871SC,Albrecht Beijlinggracht,Schoonhoven
4,2871BP,Korte Weistraat,Schoonhoven
21,2871ZA,Ampèrelaan,Schoonhoven
33,2871AX,Nieuwe Singel,Schoonhoven
4,2871ET,Het Bastion,Schoonhoven
2,2871KM,Van 't Hoffplaats,Schoonhoven
10,2871AM,Langerakkerweg,Schoonhoven
50,2871XD,Galvanistraat,Schoonhoven
59,2871GC,Rotterdamseweg,Schoonhoven
50,2871JK,Pasteurweg,Schoonhoven
12,2871ET,Het Bastion,Schoonhoven
7,2871NR,Kievitsbloem,Schoonhoven
12,2871ZN,Voltastraat,Schoonhoven
11,2871PN,Newtonstraat,Schoonhoven
90,2871EB,Havenstraat,Schoonhoven
37,2871JW,Zeemanhof,Schoonhoven
14,2871WG,'s-Heerenbergstraat,Schoonhoven
54,2871ZP,Voltastraat,Schoonhoven
23,2871WL,Jan Lutmastraat,Schoonhoven
22,2871HW,Reinier de Graafstraat,Schoonhoven
87,2871PD,Leeghwaterstraat,Schoonhoven
106,2871SH,Oude Singel,Schoonhoven
29,2871EE,Kerkstraat,Schoonhoven
57,2871ML,Lekdijk-West,Schoonhoven
11,2871PX,Elzenstraat,Schoonhoven
23,2871ZH,Copernicussingel,Schoonhoven
5,2871TA,Groene Singel,Schoonhoven
37,2871MZ,Ereprijs,Schoonhoven
24,2871KX,Einsteinstraat,Schoonhoven
69,2871LK,Asserlaan,Schoonhoven
33,2871ZA,Ampèrelaan,Schoonhoven
20,2871WG,'s-Heerenbergstraat,Schoonhoven
80,2871JM,Pasteurweg,Schoonhoven
45,2871ZE,Van der Heijdenstraat,Schoonhoven
14,2871BE,Nes,Schoonhoven
19,2871NP,Koninginnekruid,Schoonhoven
25,2871DG,Oude Haven,Schoonhoven
63,2871JL,Pasteurweg,Schoonhoven
62,2871AW,Lopikerweg,Schoonhoven
29,2871CK,Haven,Schoonhoven
59,2871ZB,Ampèrelaan,Schoonhoven
13,2871HL,Overste den Oudenstraat,Schoonhoven
3,2871GE,Buiten de Veste,Schoonhoven
3,2871AZ,G.J. van Heuven Goedhartweg,Schoonhoven
6,2871PS,Cellebroedersstraat,Schoonhoven
6,2871DL,Uitdragersstraat,Schoonhoven
53,2871ZB,Ampèrelaan,Schoonhoven
12,2871HR,Van Berkumstraat,Schoonhoven
2,2871AV,Lopikerweg,Schoonhoven
22,2871VH,Vlisterweg,Schoonhoven
18,2871TE,Koningin Julianastraat,Schoonhoven
6,2871SV,Jacoba van Beierenstraat,Schoonhoven
4,2871JA,Plateelplaats,Schoonhoven
10,2871GN,Carillonstraat,Schoonhoven
17,2871NA,Opweg,Schoonhoven
48,2871AV,Lopikerweg,Schoonhoven
2,2871NA,Opweg,Schoonhoven
27,2871EE,Kerkstraat,Schoonhoven
55,2871CL,Haven,Schoonhoven
13,2871BK,Lange Weistraat,Schoonhoven
51,2871DX,Havenstraat,Schoonhoven
18,2871NR,Kievitsbloem,Schoonhoven
7,2871PC,Leeghwaterstraat,Schoonhoven
23,2871JP,Lorentzhof,Schoonhoven
73,2871DP,Koestraat,Schoonhoven
12,2871SB,Albrecht Beijlinggracht,Schoonhoven
37,2871WC,'s-Heerenbergstraat,Schoonhoven
14,2871LE,Debijelaan,Schoonhoven
12,2871JX,Zeemanhof,Schoonhoven
35,2871HV,Reinier de Graafstraat,Schoonhoven
11,2871DM,Koestraat,Schoonhoven
4,2871PM,Newtonstraat,Schoonhoven
36,2871SX,Bij de Watertoren,Schoonhoven
8,2871DL,Uitdragersstraat,Schoonhoven
27,2871JN,Kamerlingh Onnesdreef,Schoonhoven
52,2871RR,Vlierstraat,Schoonhoven
23,2871RV,Esdoornstraat,Schoonhoven
20,2871PV,Lopikerhof,Schoonhoven
33,2871ZH,Copernicussingel,Schoonhoven
29,2871VP,Adam van Vianenstraat,Schoonhoven
6,2871CS,Dam,Schoonhoven
21,2871BT,Lopikerstraat,Schoonhoven
24,2871WP,Jan Lutmastraat,Schoonhoven
19,2871VP,Adam van Vianenstraat,Schoonhoven
18,2871BJ,Het Klooster,Schoonhoven
4,2871KK,Boerhaavelaan,Schoonhoven
20,2871CV,Doelenplein,Schoonhoven
1,2871MZ,Ereprijs,Schoonhoven
11,2871ZD,Van der Heijdenstraat,Schoonhoven
12,2871KM,Van 't Hoffplaats,Schoonhoven
74,2871PB,Leeghwaterstraat,Schoonhoven
62,2871DC,Jan Kortlandstraat,Schoonhoven
17,2871XR,Huygensplein,Schoonhoven
11,2871HM,Barend van Hoeffstraat,Schoonhoven
5,2871XT,Edisonstraat,Schoonhoven
33,2871GC,Rotterdamseweg,Schoonhoven
20,2871RE,Iepenpad,Schoonhoven
14,2871KH,Madame Curiehof,Schoonhoven
6,2871AC,Tiendweg,Schoonhoven
97,2871MN,Lekdijk-West,Schoonhoven
9,2871GM,Keurmeestersstraat,Schoonhoven
8,2871RP,Slootweg,Schoonhoven
26,2871DB,Jan Kortlandstraat,Schoonhoven
14,2871MK,Lekdijk-West,Schoonhoven
31,2871GC,Rotterdamseweg,Schoonhoven
5,2871JH,Pasteurweg,Schoonhoven
12,2871RT,Lindenpad,Schoonhoven
33,2871PC,Leeghwaterstraat,Schoonhoven
54,2871LD,Albert Schweitzerlaan,Schoonhoven
50,2871VD,H.A. Schreuderstraat,Schoonhoven
4,2871JH,Pasteurweg,Schoonhoven
25,2871RX,Walnootstraat,Schoonhoven
1,2871LC,Albert Schweitzerlaan,Schoonhoven
30,2871KV,Landsteinerhof,Schoonhoven
34,2871RT,Lindenpad,Schoonhoven
13,2871EL,Appelstraat,Schoonhoven
83,2871ZM,Voltastraat,Schoonhoven
72,2871DS,Koestraat,Schoonhoven
6,2871DR,Koestraat,Schoonhoven
57,2871TV,Spoorstraat,Schoonhoven
3,2871EM,Schapenstraat,Schoonhoven
8,2871XX,Buys Ballotsingel,Schoonhoven
64,2871PB,Leeghwaterstraat,Schoonhoven
10,2871EH,Kerkstraat,Schoonhoven
21,2871MB,C.G. Roosweg,Schoonhoven
17,2871AS,Cellebroedersstraat,Schoonhoven
28,2871CE,Scheepmakershaven,Schoonhoven
41,2871GC,Rotterdamseweg,Schoonhoven
28,2871DB,Jan Kortlandstraat,Schoonhoven
94,2871PB,Leeghwaterstraat,Schoonhoven
126,2871ZR,Voltastraat,Schoonhoven
11,2871BT,Lopikerstraat,Schoonhoven
8,2871RW,Kastanjestraat,Schoonhoven
30,2871PM,Newtonstraat,Schoonhoven
51,2871EN,Havenstraatse Wal,Schoonhoven
33,2871NZ,Waterviolier,Schoonhoven
99,2871MN,Lekdijk-West,Schoonhoven
20,2871MC,C.G. Roosweg,Schoonhoven
63,2871DN,Koestraat,Schoonhoven
3,2871RE,Iepenpad,Schoonhoven
66,2871JL,Pasteurweg,Schoonhoven
5,2871NP,Koninginnekruid,Schoonhoven
62,2871RC,Knotwilgenstraat,Schoonhoven
3,2871XT,Edisonstraat,Schoonhoven
2,2871TH,Koningin Wilhelminastraat,Schoonhoven
5,2871VN,Adam van Vianenstraat,Schoonhoven
7,2871SV,Jacoba van Beierenstraat,Schoonhoven
33,2871JK,Pasteurweg,Schoonhoven
7,2871PT,Lopikerhof,Schoonhoven
11,2871RG,Beukenpad,Schoonhoven
60,2871NC,Opweg,Schoonhoven
36,2871LD,Albert Schweitzerlaan,Schoonhoven
39,2871EN,Havenstraatse Wal,Schoonhoven
11,2871XE,Stevinstraat,Schoonhoven
10,2871BM,Lange Weistraat,Schoonhoven
78,2871EB,Havenstraat,Schoonhoven
57,2871VB,H.A. Schreuderstraat,Schoonhoven
20,2871AC,Tiendweg,Schoonhoven
40,2871BC,Wal,Schoonhoven
18,2871LD,Albert Schweitzerlaan,Schoonhoven
45,2871WN,Jan Lutmastraat,Schoonhoven
130,2871LR,Asserlaan,Schoonhoven
11,2871CZ,Kazerneplein,Schoonhoven
48,2871SN,Olivier van Noortstraat,Schoonhoven
7,2871DE,Provenierstraat,Schoonhoven
78,2871ZP,Voltastraat,Schoonhoven
66,2871WZ,Edelsmidsdreef,Schoonhoven
12,2871KX,Einsteinstraat,Schoonhoven
45,2871XB,Galvanistraat,Schoonhoven
60,2871PV,Lopikerhof,Schoonhoven
3,2871BH,Carmelietenstraat,Schoonhoven
45,2871BL,Lange Weistraat,Schoonhoven
22,2871XP,Galileïplein,Schoonhoven
27,2871ST,Jan van Bloisstraat,Schoonhoven
10,2871NP,Koninginnekruid,Schoonhoven
8,2871BE,Nes,Schoonhoven
70,2871DC,Jan Kortlandstraat,Schoonhoven
9,2871CE,Scheepmakershaven,Schoonhoven
40,2871MZ,Ereprijs,Schoonhoven
48,2871JK,Pasteurweg,Schoonhoven
18,2871DB,Jan Kortlandstraat,Schoonhoven
61,2871ZE,Van der Heijdenstraat,Schoonhoven
9,2871DL,Uitdragersstraat,Schoonhoven
28,2871LN,Zernikelaan,Schoonhoven
6,2871TK,Oranjeplaats,Schoonhoven
18,2871XP,Galileïplein,Schoonhoven
12,2871RE,Iepenpad,Schoonhoven
8,2871PX,Elzenstraat,Schoonhoven
2,2871KP,Eykmanstraat,Schoonhoven
26,2871CZ,Kazerneplein,Schoonhoven
128,2871DT,Koestraat,Schoonhoven
17,2871DG,Oude Haven,Schoonhoven
7,2871GD,Lommerrijk,Schoonhoven
2,2871XC,Galvanistraat,Schoonhoven
35,2871BC,Wal,Schoonhoven
19,2871TE,Koningin Julianastraat,Schoonhoven
39,2871BC,Wal,Schoonhoven
10,2871KK,Boerhaavelaan,Schoonhoven
5,2871NJ,Vrouwenmantel,Schoonhoven
1,2871RJ,Sparrenstraat,Schoonhoven
36,2871XC,Galvanistraat,Schoonhoven
11,2871CV,Doelenplein,Schoonhoven
12,2871HK,Regiment van Heutszstraat,Schoonhoven
3,2871XW,Buys Ballotsingel,Schoonhoven
67,2871CL,Haven,Schoonhoven
88,2871LM,Asserlaan,Schoonhoven
17,2871AL,Langerakkerweg,Schoonhoven
33,2871LC,Albert Schweitzerlaan,Schoonhoven
37,2871JK,Pasteurweg,Schoonhoven
15,2871KT,Landsteinerhof,Schoonhoven
22,2871ZN,Voltastraat,Schoonhoven
22,2871LE,Debijelaan,Schoonhoven
26,2871VL,Sint Eloystraat,Schoonhoven
46,2871SE,Oude Singel,Schoonhoven
15,2871CX,Varkensmarkt,Schoonhoven
38,2871WZ,Edelsmidsdreef,Schoonhoven
65,2871BL,Lange Weistraat,Schoonhoven
50,2871RC,Knotwilgenstraat,Schoonhoven
26,2871CE,Scheepmakershaven,Schoonhoven
89,2871PD,Leeghwaterstraat,Schoonhoven
26,2871PA,Leeghwaterstraat,Schoonhoven
20,2871GT,Mr. Kesperstraat,Schoonhoven
6,2871NZ,Waterviolier,Schoonhoven
20,2871SV,Jacoba van Beierenstraat,Schoonhoven
17,2871PT,Lopikerhof,Schoonhoven
18,2871AV,Lopikerweg,Schoonhoven
22,2871SN,Olivier van Noortstraat,Schoonhoven
22,2871CN,Haven,Schoonhoven
32,2871DZ,Havenstraat,Schoonhoven
107,2871ZM,Voltastraat,Schoonhoven
45,2871LK,Asserlaan,Schoonhoven
30,2871HG,Beneluxlaan,Schoonhoven
10,2871CD,Veerstraat,Schoonhoven
1,2871TE,Koningin Julianastraat,Schoonhoven
20,2871KE,Van Leeuwenhoekstraat,Schoonhoven
7,2871TM,Kerkweg,Schoonhoven
53,2871VB,H.A. Schreuderstraat,Schoonhoven
9,2871DA,Jan Kortlandstraat,Schoonhoven
2,2871BX,Babokkenstraat,Schoonhoven
29,2871LP,Zernikelaan,Schoonhoven
6,2871TD,Koningin Emmastraat,Schoonhoven
5,2871CW,Doelenstraat,Schoonhoven
83,2871CE,Scheepmakershaven,Schoonhoven
19,2871ST,Jan van Bloisstraat,Schoonhoven
17,2871CE,Scheepmakershaven,Schoonhoven
12,2871LE,Debijelaan,Schoonhoven
13,2871BH,Carmelietenstraat,Schoonhoven
110,2871LR,Asserlaan,Schoonhoven
27,2871ZA,Ampèrelaan,Schoonhoven
29,2871JR,Lorentzhof,Schoonhoven
17,2871RL,De Terp,Schoonhoven
16,2871TE,Koningin Julianastraat,Schoonhoven
10,2871VH,Vlisterweg,Schoonhoven
36,2871SE,Oude Singel,Schoonhoven
24,2871KH,Madame Curiehof,Schoonhoven
3,2871LG,Debijelaan,Schoonhoven
24,2871AV,Lopikerweg,Schoonhoven
32,2871GN,Carillonstraat,Schoonhoven
4,2871NA,Opweg,Schoonhoven
43,2871VK,Sint Eloystraat,Schoonhoven
2,2871CB,Korte Dijk,Schoonhoven
