4,3295GB,Lek,'s-Gravendeel
4,3274CB,De Laagjes,Heinenoord
19,3274CG,John F. Kennedystraat,Heinenoord
63,3297CP,Wilhelminastraat,Puttershoek
24,3273AC,Breestraat,Westmaas
7,3297EM,Pieter Boelenstraat,Puttershoek
82,3271AL,Laan van Moerkerken,Mijnsheerenland
6,3299BW,Roodborst,Maasdam
86,3297BM,Pieter Repelaerstraat,Puttershoek
48,3299AB,Burg G de Katerstraat,Maasdam
93,3295AS,Oranjestraat,'s-Gravendeel
44,3297WD,Speenkruid,Puttershoek
31,3295VA,Batiststraat,'s-Gravendeel
80,3271AC,Eendrachtslaan,Mijnsheerenland
10,3297BB,Kastanjelaan,Puttershoek
1,3295LL,Onder de molen,'s-Gravendeel
39,3297GH,Biezenveld,Puttershoek
18,3273AL,van Koetsveldlaan,Westmaas
15,3295GZ,Plaszoom,'s-Gravendeel
57,3299LM,Polderdijk,Maasdam
9,3297TR,Tjasker,Puttershoek
89,3297XH,Hazelaarstraat,Puttershoek
27,3299XA,Kilstraat,Maasdam
56,3295VH,Lokkenstraat,'s-Gravendeel
2,3299WG,Poelwijk,Maasdam
7,3295KV,Griendweg,'s-Gravendeel
6,3295XX,Van der Merckstraat,'s-Gravendeel
8,3295BR,Roodenburg Vermaatstraat,'s-Gravendeel
23,3273AP,Nieuwstraat,Westmaas
11,3295AB,Beatrixstraat,'s-Gravendeel
10,3295CP,Roterijstraat,'s-Gravendeel
23,3299BN,Trambaan,Maasdam
10,3299AG,Hoeksedijk,Maasdam
71,3297TL,Standerdmolen,Puttershoek
64,3297BM,Pieter Repelaerstraat,Puttershoek
23,3271VA,Aveling,Mijnsheerenland
18,3297WH,Penningkruid,Puttershoek
24,3274AA,Beatrixstraat,Heinenoord
2,3295SP,Klaprooslaan,'s-Gravendeel
7,3299WJ,Striene,Maasdam
13,3297GA,Biezengors,Puttershoek
40,3273XJ,Cabbeweide,Westmaas
1,3271LS,Blaakseweg,Mijnsheerenland
3,3274AB,Bernhardstraat,Heinenoord
2,3271XD,Rietgors,Mijnsheerenland
51,3274BG,Goidschalxoordsedijk,Heinenoord
37,3274KB,Oosteinde,Heinenoord
36,3295XG,Gorsdijk,'s-Gravendeel
40,3295TN,Vlasstraat,'s-Gravendeel
62,3295VH,Lokkenstraat,'s-Gravendeel
37,3273AX,Rootweide,Westmaas
44,3274BH,Goidschalxoordsedijk,Heinenoord
28,3274CB,De Laagjes,Heinenoord
25,3297BA,Jasmijnstraat,Puttershoek
12,3295RE,Leliestraat,'s-Gravendeel
60,3295VD,Damaststraat,'s-Gravendeel
12,3271AM,Molenweg,Mijnsheerenland
49,3295VB,Batiststraat,'s-Gravendeel
3,3274CP,Thorbeckehof,Heinenoord
9,3297EA,Arie van Drielstraat,Puttershoek
1,3297LE,Rustenburgstraat,Puttershoek
84,3297BM,Pieter Repelaerstraat,Puttershoek
14,3274BA,Buitendijk,Heinenoord
43,3295BS,Rijkestraat,'s-Gravendeel
37,3299BP,van der Doeslaan,Maasdam
25,3295PE,Dagpauwoog,'s-Gravendeel
59,3295LL,Onder de molen,'s-Gravendeel
8,3297LG,Rustenburgstraat,Puttershoek
98,3297BH,Nassaulaan,Puttershoek
24,3299WJ,Striene,Maasdam
9,3295HA,Spuihof,'s-Gravendeel
26,3273AK,Kartuizerveld,Westmaas
41,3271VE,Vlietland,Mijnsheerenland
20,3274CB,De Laagjes,Heinenoord
10,3297VH,Rigel,Puttershoek
33,3297CD,Julianastraat,Puttershoek
36,3299BS,Fazant,Maasdam
4,3274MB,Buitenlanden,Heinenoord
15,3274CX,Wiardi Beckmanhof,Heinenoord
47,3297TM,Sterrenlaan,Puttershoek
51,3297CT,Oranjelaan Westzijde,Puttershoek
18,3274LE,Blaaksedijk West,Heinenoord
5,3297XP,Meidoornstraat,Puttershoek
12,3295ST,Korenbloemerf,'s-Gravendeel
1,3297CG,Margrietstraat,Puttershoek
35,3271BL,Molenvlietlaan,Mijnsheerenland
16,3273AL,van Koetsveldlaan,Westmaas
18,3295BC,Korte Smidsweg,'s-Gravendeel
59,3297WJ,Haagwinde,Puttershoek
23,3271BX,Wilhelminastraat,Mijnsheerenland
10,3295AC,Bernhardstraat,'s-Gravendeel
54,3271VC,Hoofdland,Mijnsheerenland
22,3271TM,Ambachtsherenlaan,Mijnsheerenland
14,3295AJ,In 't Veldstraat,'s-Gravendeel
8,3274CJ,Kooimansland,Heinenoord
33,3274CG,John F. Kennedystraat,Heinenoord
36,3274BA,Buitendijk,Heinenoord
43,3297DA,Schorredijk,Puttershoek
23,3271BV,ter Kuilestraat,Mijnsheerenland
46,3297WC,Gele lis,Puttershoek
14,3295SM,Irisstraat,'s-Gravendeel
3,3274CV,Boerengorzen,Heinenoord
70,3274CH,Kalesland,Heinenoord
28,3273XH,Manhille,Westmaas
14,3274BP,Willem Alexanderplein,Heinenoord
43,3297CW,Prinsenhof,Puttershoek
41,3295SC,Crocuserf,'s-Gravendeel
39,3295AR,Oranjestraat,'s-Gravendeel
47,3295LL,Onder de molen,'s-Gravendeel
2,3274KD,Oud-Heinenoordseweg,Heinenoord
13,3271BS,Raadhuislaan,Mijnsheerenland
54,3271TA,Doelenstraat,Mijnsheerenland
16,3274CW,Abraham Kuyperhof,Heinenoord
38,3297XS,Plataanstraat,Puttershoek
14,3297XJ,Hazelaarstraat,Puttershoek
19,3271XB,Lisgors,Mijnsheerenland
56,3297BG,Nassaulaan,Puttershoek
22,3299BW,Roodborst,Maasdam
9,3271LL,Westdijk,Mijnsheerenland
54,3273AW,Prins Willem Alexanderln,Westmaas
31,3295GW,Welhof,'s-Gravendeel
22,3274AP,Wilhelminastraat,Heinenoord
20,3273AV,Prins Willem Alexanderln,Westmaas
39,3297BD,Nassaulaan,Puttershoek
28,3274CT,Avenhil,Heinenoord
27,3295CN,Roterijstraat,'s-Gravendeel
113,3295AS,Oranjestraat,'s-Gravendeel
22,3273XN,Boomweide,Westmaas
32,3295PG,Dagpauwoog,'s-Gravendeel
7,3273LJ,Smidsweg,Westmaas
2,3295TB,Bootstraat,'s-Gravendeel
22,3274KC,Oosteinde,Heinenoord
3,3295VG,Lokkenstraat,'s-Gravendeel
17,3295LD,Molendijk,'s-Gravendeel
32,3297EE,Dwarsstraat,Puttershoek
65,3295PB,Atalanta,'s-Gravendeel
16,3274CA,Andries Wouterszhof,Heinenoord
5,3295EB,Ronduitstraat,'s-Gravendeel
62,3295CS,Van Groningenstraat,'s-Gravendeel
71,3299WC,de Heul,Maasdam
3,3297WP,Barbarakruid,Puttershoek
1,3295GM,Vlietstraat,'s-Gravendeel
26,3295VK,Schevenstraat,'s-Gravendeel
8,3295XK,Heeremanstraat,'s-Gravendeel
13,3274AG,Julianastraat,Heinenoord
26,3271TC,Haantjesvliet,Mijnsheerenland
32,3274MC,Prof. Teldersstraat,Heinenoord
68,3297WJ,Haagwinde,Puttershoek
8,3297AJ,Laan van Heemstede,Puttershoek
11,3297EN,Paulus Potterstraat,Puttershoek
7,3274KD,Oud-Heinenoordseweg,Heinenoord
53,3297TN,Sterrenlaan,Puttershoek
18,3295GJ,Singel,'s-Gravendeel
72,3299BD,Dorpsstraat,Maasdam
46,3271TL,Hertoglaan,Mijnsheerenland
22,3271BV,ter Kuilestraat,Mijnsheerenland
3,3299XN,Boezemvliet,Maasdam
100,3271LK,Reedijk,Mijnsheerenland
70,3297AW,Zijdewinde,Puttershoek
8,3297VA,Andromeda,Puttershoek
81,3297WG,Penningkruid,Puttershoek
13,3295KC,Kilweg,'s-Gravendeel
23,3271TN,Landheerlaan,Mijnsheerenland
25,3297EJ,Nieuw Weverseinde,Puttershoek
36,3271XN,Grasgors,Mijnsheerenland
26,3297GA,Biezengors,Puttershoek
19,3295KK,Schenkeltje,'s-Gravendeel
7,3295LA,Boendersweg,'s-Gravendeel
38,3297WC,Gele lis,Puttershoek
25,3295SB,Anemoonpad,'s-Gravendeel
3,3299XG,Sportlaan,Maasdam
20,3295VP,Vezelstraat,'s-Gravendeel
27,3299LL,Polderdijk,Maasdam
3,3295AL,Julianastraat,'s-Gravendeel
50,3295SC,Crocuserf,'s-Gravendeel
30,3295AC,Bernhardstraat,'s-Gravendeel
12,3295RH,Vioolerf,'s-Gravendeel
118,3274BE,Dorpsstraat,Heinenoord
9,3299BT,Lijster,Maasdam
74,3297XL,Hazelaarstraat,Puttershoek
28,3295RE,Leliestraat,'s-Gravendeel
13,3295CA,Alexanderstraat,'s-Gravendeel
29,3274LN,Mollekade,Heinenoord
26,3295SP,Klaprooslaan,'s-Gravendeel
4,3299XJ,Spuistraat,Maasdam
9,3297TK,Standerdmolen,Puttershoek
103,3297XH,Hazelaarstraat,Puttershoek
105,3295CT,Weegje,'s-Gravendeel
5,3297EJ,Nieuw Weverseinde,Puttershoek
3,3297BB,Kastanjelaan,Puttershoek
38,3295TE,Hekelstraat,'s-Gravendeel
2,3297BW,Wilgenlaan,Puttershoek
18,3299XD,Merwedestraat,Maasdam
65,3295CT,Weegje,'s-Gravendeel
93,3297XA,Eikenlaan,Puttershoek
25,3299XC,Merwedestraat,Maasdam
22,3295LB,Boendersweg,'s-Gravendeel
16,3273AD,de Roolaan,Westmaas
69,3295AR,Oranjestraat,'s-Gravendeel
212,3271LR,Blaaksedijk,Mijnsheerenland
5,3299XK,Vliet,Maasdam
13,3274KE,Reedijk,Heinenoord
56,3274KG,Westdijk,Heinenoord
31,3273XP,Groteweide,Westmaas
27,3295WB,Lindehof,'s-Gravendeel
52,3295WE,Lindehof,'s-Gravendeel
17,3271TB,Frederik van Eedenstraat,Mijnsheerenland
18,3297AT,Schouteneinde,Puttershoek
29,3299AA,Burg G de Katerstraat,Maasdam
98,3297AW,Zijdewinde,Puttershoek
11,3271XE,Zandgors,Mijnsheerenland
29,3299BB,Dorpsstraat,Maasdam
23,3273LD,Munnikendijk,Westmaas
101,3271AJ,Laan van Moerkerken,Mijnsheerenland
131,3295CH,Hendrik Hamerstraat,'s-Gravendeel
34,3274AC,Emmastraat,Heinenoord
65,3273LM,Stougjesdijk,Westmaas
22,3295BG,Kooijstraat,'s-Gravendeel
1,3295KG,Mijlweg,'s-Gravendeel
48,3295PD,Atalanta,'s-Gravendeel
77,3297BT,Singel,Puttershoek
23,3274AK,Oranjestraat,Heinenoord
43,3295XW,Van der Merckstraat,'s-Gravendeel
55,3299XC,Merwedestraat,Maasdam
15,3295RA,Anjerstraat,'s-Gravendeel
47,3273CA,Johannes Kolfstraat,Westmaas
24,3273XR,Hermesweide,Westmaas
269,3271LP,Blaaksedijk,Mijnsheerenland
36,3297AJ,Laan van Heemstede,Puttershoek
89,3274CG,John F. Kennedystraat,Heinenoord
6,3299AK,Julianastraat,Maasdam
15,3274BM,Sluisendijk,Heinenoord
13,3295AW,Van Heesenstraat,'s-Gravendeel
8,3299LZ,Vlasoever,Maasdam
3,3271TD,Albert Verweystraat,Mijnsheerenland
51,3295XP,Leerambachtstraat,'s-Gravendeel
1,3295KA,Beneden Strijensedijk,'s-Gravendeel
10,3295BK,Langestraat,'s-Gravendeel
49,3295BP,Roodenburg Vermaatstraat,'s-Gravendeel
155,3295CT,Weegje,'s-Gravendeel
3,3273AN,Mastland,Westmaas
20,3295HB,Graaflandweg,'s-Gravendeel
35,3295GJ,Singel,'s-Gravendeel
4,3295KT,Viltweg,'s-Gravendeel
8,3271BT,Raadhuislaan,Mijnsheerenland
21,3273XP,Groteweide,Westmaas
18,3274CD,Heyne van Althenastraat,Heinenoord
40,3297AE,Gerrit de Voslaan,Puttershoek
17,3271XJ,Zeggegors,Mijnsheerenland
46,3299XP,Boezemvliet,Maasdam
6,3271XK,Zeggegors,Mijnsheerenland
56,3299LC,Gatsedijk,Maasdam
87,3295AS,Oranjestraat,'s-Gravendeel
30,3299BW,Roodborst,Maasdam
33,3295XL,Hiesveltstraat,'s-Gravendeel
32,3295AN,Marijkestraat,'s-Gravendeel
29,3295PA,Atalanta,'s-Gravendeel
25,3271BJ,Laan van Westmolen,Mijnsheerenland
17,3274AK,Oranjestraat,Heinenoord
35,3295RG,Narcisstraat,'s-Gravendeel
1,3274KD,Oud-Heinenoordseweg,Heinenoord
7,3271XA,Lisgors,Mijnsheerenland
7,3274LV,van Galenstraat,Heinenoord
19,3299AA,Burg G de Katerstraat,Maasdam
37,3273AP,Nieuwstraat,Westmaas
35,3273AP,Nieuwstraat,Westmaas
43,3274LH,Boonsweg,Heinenoord
63,3271AJ,Laan van Moerkerken,Mijnsheerenland
13,3274MB,Buitenlanden,Heinenoord
16,3273AK,Kartuizerveld,Westmaas
4,3295XS,Nieuweweg,'s-Gravendeel
22,3295PC,Atalanta,'s-Gravendeel
95,3295AS,Oranjestraat,'s-Gravendeel
3,3271XM,Grasgors,Mijnsheerenland
21,3271VA,Aveling,Mijnsheerenland
92,3297AW,Zijdewinde,Puttershoek
53,3297BT,Singel,Puttershoek
25,3297GH,Biezenveld,Puttershoek
16,3297XJ,Hazelaarstraat,Puttershoek
16,3299AN,Parallelweg,Maasdam
11,3295BL,Noord Voorstraat,'s-Gravendeel
14,3274AK,Oranjestraat,Heinenoord
7,3297BD,Nassaulaan,Puttershoek
12,3295RN,Seringenstraat,'s-Gravendeel
24,3271TM,Ambachtsherenlaan,Mijnsheerenland
1,3295XH,Dokter van der Bijlplein,'s-Gravendeel
42,3299XJ,Spuistraat,Maasdam
10,3271BW,van der Waalstraat,Mijnsheerenland
31,3299XA,Kilstraat,Maasdam
4,3297TE,Bovenkruier,Puttershoek
13,3297BA,Jasmijnstraat,Puttershoek
19,3295HA,Spuihof,'s-Gravendeel
2,3271TA,Doelenstraat,Mijnsheerenland
22,3271XN,Grasgors,Mijnsheerenland
42,3271VJ,Vrijland,Mijnsheerenland
7,3274AN,Wilhelminastraat,Heinenoord
5,3295TB,Bootstraat,'s-Gravendeel
7,3271XM,Grasgors,Mijnsheerenland
12,3295BH,Kortestraat,'s-Gravendeel
38,3299BL,Molenlaan,Maasdam
6,3295SJ,Hyacinterf,'s-Gravendeel
21,3297LE,Rustenburgstraat,Puttershoek
2,3274AB,Bernhardstraat,Heinenoord
10,3271AM,Molenweg,Mijnsheerenland
17,3274MB,Buitenlanden,Heinenoord
6,3273LG,Munnikenweg,Westmaas
10,3295KH,Mijlweg,'s-Gravendeel
37,3297LE,Rustenburgstraat,Puttershoek
4,3271LN,Achterweg,Mijnsheerenland
29,3271XE,Zandgors,Mijnsheerenland
56,3297GA,Biezengors,Puttershoek
1,3274LA,Blaaksedijk Oost,Heinenoord
31,3299XN,Boezemvliet,Maasdam
16,3297WS,Waterkers,Puttershoek
18,3297CV,Oranjeplein,Puttershoek
32,3295XA,Beneden Gorsdijk,'s-Gravendeel
48,3299LZ,Vlasoever,Maasdam
20,3299XJ,Spuistraat,Maasdam
6,3297EG,Frans Halsstraat,Puttershoek
46,3274LC,Blaaksedijk Oost,Heinenoord
3,3297VL,Zuidster,Puttershoek
6,3273XJ,Cabbeweide,Westmaas
1,3271VH,Vrijland,Mijnsheerenland
53,3295WC,Lindehof,'s-Gravendeel
15,3299LA,Gatsedijk,Maasdam
5,3271VE,Vlietland,Mijnsheerenland
40,3274AE,Irenestraat,Heinenoord
4,3299BV,Merel,Maasdam
26,3274LC,Blaaksedijk Oost,Heinenoord
25,3297TW,Paltrok,Puttershoek
32,3274LC,Blaaksedijk Oost,Heinenoord
8,3295RE,Leliestraat,'s-Gravendeel
74,3273XK,Cabbeweide,Westmaas
28,3295CL,Hendrik Hamerstraat,'s-Gravendeel
32,3297BB,Kastanjelaan,Puttershoek
36,3297CE,Julianastraat,Puttershoek
30,3271BK,Laan van Westmolen,Mijnsheerenland
54,3297GA,Biezengors,Puttershoek
12,3297BZ,Te Hoecke,Puttershoek
5,3295XK,Heeremanstraat,'s-Gravendeel
52,3274BD,Dorpsstraat,Heinenoord
11,3295SW,Tuinstraat,'s-Gravendeel
2,3295AM,Margrietstraat,'s-Gravendeel
23,3297TR,Tjasker,Puttershoek
15,3297BC,Magnoliastraat,Puttershoek
13,3297VL,Zuidster,Puttershoek
30,3295PG,Dagpauwoog,'s-Gravendeel
23,3299BS,Fazant,Maasdam
14,3271TG,Ridderlaan,Mijnsheerenland
9,3295SX,Tulpstraat,'s-Gravendeel
41,3271BB,Elisabeth van Loonstraat,Mijnsheerenland
16,3274AB,Bernhardstraat,Heinenoord
22,3295EG,Schenkeldijk,'s-Gravendeel
23,3297GC,Biezendroger,Puttershoek
2,3297VB,Hamal,Puttershoek
24,3295SM,Irisstraat,'s-Gravendeel
18,3295BV,Smidsweg,'s-Gravendeel
8,3271XN,Grasgors,Mijnsheerenland
5,3299AT,van der Duyn v Maasdamln,Maasdam
31,3295EK,Zweedsestraat,'s-Gravendeel
6,3295BS,Rijkestraat,'s-Gravendeel
18,3273XJ,Cabbeweide,Westmaas
6,3297AE,Gerrit de Voslaan,Puttershoek
5,3274AK,Oranjestraat,Heinenoord
136,3274BE,Dorpsstraat,Heinenoord
28,3295LB,Boendersweg,'s-Gravendeel
29,3297XR,Plataanstraat,Puttershoek
39,3271AB,Eendrachtslaan,Mijnsheerenland
1,3297DB,De Putter,Puttershoek
55,3299AD,Hoeksedijk,Maasdam
30,3273AB,Beatrixlaan,Westmaas
23,3273AL,van Koetsveldlaan,Westmaas
11,3297XE,Hazelaarstraat,Puttershoek
18,3295EL,Zweedsestraat,'s-Gravendeel
13,3271TE,Binnenbans,Mijnsheerenland
17,3271VH,Vrijland,Mijnsheerenland
8,3273AZ,van Gaesbeekstraat,Westmaas
12,3295LH,Meeuwenoordseweg,'s-Gravendeel
21,3271AD,Everocken,Mijnsheerenland
1,3274AN,Wilhelminastraat,Heinenoord
108,3299BS,Fazant,Maasdam
11,3295AX,Verbruggestraat,'s-Gravendeel
2,3295CB,Braakstraat,'s-Gravendeel
7,3273AS,Prins Willem Alexanderln,Westmaas
3,3271TE,Binnenbans,Mijnsheerenland
6,3295BK,Langestraat,'s-Gravendeel
12,3274MB,Buitenlanden,Heinenoord
22,3299LR,Zuiddijk,Maasdam
37,3295RG,Narcisstraat,'s-Gravendeel
30,3274KJ,Nijverheidsweg,Heinenoord
39,3295RA,Anjerstraat,'s-Gravendeel
2,3295KD,Lagedijk,'s-Gravendeel
54,3273XD,Leeuwendaal,Westmaas
6,3299XM,Waalstraat,Maasdam
56,3274BH,Goidschalxoordsedijk,Heinenoord
7,3271LC,Boomgaardstraat,Mijnsheerenland
66,3295WE,Lindehof,'s-Gravendeel
17,3299LR,Zuiddijk,Maasdam
63,3271BW,van der Waalstraat,Mijnsheerenland
5,3299AS,van Limburg Stirumlaan,Maasdam
17,3299BB,Dorpsstraat,Maasdam
18,3273XD,Leeuwendaal,Westmaas
4,3274KJ,Nijverheidsweg,Heinenoord
32,3271XN,Grasgors,Mijnsheerenland
19,3297XR,Plataanstraat,Puttershoek
12,3297VC,Noordster,Puttershoek
12,3297CA,Beatrixstraat,Puttershoek
26,3274CR,Wouter van den Walestr,Heinenoord
7,3271TH,Schoutlaan,Mijnsheerenland
10,3271TC,Haantjesvliet,Mijnsheerenland
28,3297EE,Dwarsstraat,Puttershoek
4,3299LS,Zuiddijk,Maasdam
26,3273AR,Nieuwstraat,Westmaas
12,3295GV,Poldervaart,'s-Gravendeel
90,3297BH,Nassaulaan,Puttershoek
12,3295AW,Van Heesenstraat,'s-Gravendeel
59,3297WN,Valeriaan,Puttershoek
65,3271AJ,Laan van Moerkerken,Mijnsheerenland
1,3295CM,Repelstraat,'s-Gravendeel
8,3271VB,Cijnsland,Mijnsheerenland
36,3299XD,Merwedestraat,Maasdam
10,3295AB,Beatrixstraat,'s-Gravendeel
17,3274LJ,de Ruyterstraat,Heinenoord
17,3297TR,Tjasker,Puttershoek
56,3295EH,Schenkeldijk,'s-Gravendeel
11,3273LB,Blauwesteenweg,Westmaas
69,3295LD,Molendijk,'s-Gravendeel
36,3297AT,Schouteneinde,Puttershoek
12,3299AN,Parallelweg,Maasdam
3,3295AG,dr Bossersstraat,'s-Gravendeel
2,3295EL,Zweedsestraat,'s-Gravendeel
99,3271LL,Westdijk,Mijnsheerenland
15,3299BN,Trambaan,Maasdam
73,3297CP,Wilhelminastraat,Puttershoek
10,3299BV,Merel,Maasdam
54,3274KG,Westdijk,Heinenoord
12,3274BH,Goidschalxoordsedijk,Heinenoord
1,3295VE,Linnenstraat,'s-Gravendeel
77,3295BP,Roodenburg Vermaatstraat,'s-Gravendeel
6,3271LB,Blauwesteenweg,Mijnsheerenland
5,3273XR,Hermesweide,Westmaas
51,3274LD,Blaaksedijk West,Heinenoord
19,3271VE,Vlietland,Mijnsheerenland
223,3295CT,Weegje,'s-Gravendeel
50,3271TA,Doelenstraat,Mijnsheerenland
76,3295WG,Lindehof,'s-Gravendeel
21,3295EK,Zweedsestraat,'s-Gravendeel
102,3295EJ,Schenkeldijk,'s-Gravendeel
8,3273XN,Boomweide,Westmaas
7,3295SC,Crocuserf,'s-Gravendeel
67,3297TD,Bovenkruier,Puttershoek
20,3297BV,Singel,Puttershoek
6,3297CV,Oranjeplein,Puttershoek
108,3297BJ,Nassaulaan,Puttershoek
16,3274LT,Trompstraat,Heinenoord
17,3297TA,Binnenkruier,Puttershoek
62,3273XD,Leeuwendaal,Westmaas
80,3295WG,Lindehof,'s-Gravendeel
135,3271KB,Stougjesdijk,Mijnsheerenland
26,3295GH,Kreekstraat,'s-Gravendeel
7,3295AG,dr Bossersstraat,'s-Gravendeel
39,3295SB,Anemoonpad,'s-Gravendeel
11,3297XC,Elzenstraat,Puttershoek
123,3299CB,Grutto,Maasdam
2,3297EP,Rembrandtstraat,Puttershoek
44,3273XJ,Cabbeweide,Westmaas
13,3295HA,Spuihof,'s-Gravendeel
52,3295EH,Schenkeldijk,'s-Gravendeel
13,3299BT,Lijster,Maasdam
3,3295KE,Melkweg,'s-Gravendeel
34,3271VD,Vingerling,Mijnsheerenland
36,3299WH,de Heul,Maasdam
31,3295CD,Constantijnstraat,'s-Gravendeel
32,3297WH,Penningkruid,Puttershoek
42,3273CB,Johannes Kolfstraat,Westmaas
49,3297BT,Singel,Puttershoek
11,3295BE,Kooijstraat,'s-Gravendeel
41,3297TM,Sterrenlaan,Puttershoek
1,3297XN,Lijsterbesstraat,Puttershoek
48,3295AH,Groene Kruisstraat,'s-Gravendeel
35,3297XG,Hazelaarstraat,Puttershoek
9,3274CV,Boerengorzen,Heinenoord
7,3299AM,Maaslaantje,Maasdam
8,3295SC,Crocuserf,'s-Gravendeel
56,3299BD,Dorpsstraat,Maasdam
39,3297CT,Oranjelaan Westzijde,Puttershoek
224,3271LR,Blaaksedijk,Mijnsheerenland
3,3274AC,Emmastraat,Heinenoord
22,3295LL,Onder de molen,'s-Gravendeel
22,3297TV,Wipmolen,Puttershoek
63,3297TD,Bovenkruier,Puttershoek
14,3271TC,Haantjesvliet,Mijnsheerenland
2,3274KE,Reedijk,Heinenoord
49,3295GV,Poldervaart,'s-Gravendeel
72,3297CT,Oranjelaan Westzijde,Puttershoek
7,3295GT,Boezembaan,'s-Gravendeel
24,3273LE,Munnikendijk,Westmaas
32,3295GH,Kreekstraat,'s-Gravendeel
89,3295AS,Oranjestraat,'s-Gravendeel
11,3295TK,Schelfstraat,'s-Gravendeel
2,3274CB,De Laagjes,Heinenoord
13,3295CN,Roterijstraat,'s-Gravendeel
140,3295WH,Lindehof,'s-Gravendeel
2,3295KZ,Nijverheidsweg,'s-Gravendeel
5,3295BN,Roodenburg Vermaatstraat,'s-Gravendeel
3,3299BP,van der Doeslaan,Maasdam
51,3295TC,Dauwrootstraat,'s-Gravendeel
1,3297EJ,Nieuw Weverseinde,Puttershoek
34,3271BK,Laan van Westmolen,Mijnsheerenland
27,3297TZ,Wiekenkruis,Puttershoek
63,3295LL,Onder de molen,'s-Gravendeel
28,3274CJ,Kooimansland,Heinenoord
36,3297WB,De Grienden,Puttershoek
31,3274MC,Prof. Teldersstraat,Heinenoord
2,3295BH,Kortestraat,'s-Gravendeel
45,3271XM,Grasgors,Mijnsheerenland
20,3297TH,Standerdmolen,Puttershoek
30,3297XS,Plataanstraat,Puttershoek
18,3274CR,Wouter van den Walestr,Heinenoord
1,3297VA,Andromeda,Puttershoek
19,3274KB,Oosteinde,Heinenoord
76,3271AC,Eendrachtslaan,Mijnsheerenland
76,3295PD,Atalanta,'s-Gravendeel
52,3299BS,Fazant,Maasdam
20,3297WH,Penningkruid,Puttershoek
80,3295CS,Van Groningenstraat,'s-Gravendeel
4,3297TB,Laning,Puttershoek
34,3297GD,Biezenbleek,Puttershoek
19,3297CV,Oranjeplein,Puttershoek
66,3271AC,Eendrachtslaan,Mijnsheerenland
121,3271BJ,Laan van Westmolen,Mijnsheerenland
48,3299BL,Molenlaan,Maasdam
96,3299AH,Hoeksedijk,Maasdam
15,3274BG,Goidschalxoordsedijk,Heinenoord
15,3274AK,Oranjestraat,Heinenoord
38,3299AG,Hoeksedijk,Maasdam
79,3297WN,Valeriaan,Puttershoek
10,3297TS,Tjasker,Puttershoek
14,3295KH,Mijlweg,'s-Gravendeel
8,3295GL,Schuilingenweg,'s-Gravendeel
48,3271XL,Zeggegors,Mijnsheerenland
36,3271BT,Raadhuislaan,Mijnsheerenland
89,3271AJ,Laan van Moerkerken,Mijnsheerenland
6,3295BV,Smidsweg,'s-Gravendeel
42,3299BW,Roodborst,Maasdam
26,3274CD,Heyne van Althenastraat,Heinenoord
8,3295KK,Schenkeltje,'s-Gravendeel
40,3299BS,Fazant,Maasdam
27,3274KJ,Nijverheidsweg,Heinenoord
9,3295RA,Anjerstraat,'s-Gravendeel
31,3271XJ,Zeggegors,Mijnsheerenland
10,3273AM,Margrietlaan,Westmaas
107,3299WC,de Heul,Maasdam
3,3273CA,Johannes Kolfstraat,Westmaas
19,3299XR,Noordstraat,Maasdam
48,3274CL,Martin Luther Kingstraat,Heinenoord
25,3297AS,Schouteneinde,Puttershoek
6,3297CA,Beatrixstraat,Puttershoek
9,3297GE,Biezenklamp,Puttershoek
4,3297GK,Biezenvijver,Puttershoek
32,3297GB,Biezenweide,Puttershoek
228,3271LR,Blaaksedijk,Mijnsheerenland
8,3274AL,Willem de Zwijgerstraat,Heinenoord
22,3295CP,Roterijstraat,'s-Gravendeel
120,3295TG,Hekelstraat,'s-Gravendeel
12,3295CL,Hendrik Hamerstraat,'s-Gravendeel
36,3274CG,John F. Kennedystraat,Heinenoord
15,3273AA,Beatrixlaan,Westmaas
7,3271BS,Raadhuislaan,Mijnsheerenland
18,3299LZ,Vlasoever,Maasdam
237,3295CT,Weegje,'s-Gravendeel
18,3295TL,Schrankstraat,'s-Gravendeel
4,3295KB,De Wacht,'s-Gravendeel
53,3271AH,Laan van Moerkerken,Mijnsheerenland
7,3299WE,Poelwijk,Maasdam
41,3295LL,Onder de molen,'s-Gravendeel
44,3274CS,Wouter van den Walestr,Heinenoord
6,3295XE,Elshoffstraat,'s-Gravendeel
1,3299BG,Lindenlaan,Maasdam
30,3271AE,Everocken,Mijnsheerenland
9,3297GC,Biezendroger,Puttershoek
67,3295PB,Atalanta,'s-Gravendeel
12,3295EA,Breedveldstraat,'s-Gravendeel
71,3295RA,Anjerstraat,'s-Gravendeel
39,3297CW,Prinsenhof,Puttershoek
61,3297TD,Bovenkruier,Puttershoek
1,3297TM,Sterrenlaan,Puttershoek
77,3273AT,Prins Willem Alexanderln,Westmaas
15,3273LL,Stougjesdijk,Westmaas
4,3297GA,Biezengors,Puttershoek
31,3295GJ,Singel,'s-Gravendeel
41,3297XR,Plataanstraat,Puttershoek
7,3274LZ,Langeweg,Heinenoord
71,3273AT,Prins Willem Alexanderln,Westmaas
26,3299BW,Roodborst,Maasdam
8,3295KH,Mijlweg,'s-Gravendeel
57,3273AT,Prins Willem Alexanderln,Westmaas
5,3295VL,Spinnerijstraat,'s-Gravendeel
9,3299BN,Trambaan,Maasdam
13,3271AD,Everocken,Mijnsheerenland
23,3295TD,Hekelstraat,'s-Gravendeel
8,3297TP,Sterrenlaan,Puttershoek
27,3297VL,Zuidster,Puttershoek
2,3271BD,Hoflaan,Mijnsheerenland
18,3299BW,Roodborst,Maasdam
13,3297WP,Barbarakruid,Puttershoek
68,3271BK,Laan van Westmolen,Mijnsheerenland
146,3295WH,Lindehof,'s-Gravendeel
12,3271BW,van der Waalstraat,Mijnsheerenland
23,3271VH,Vrijland,Mijnsheerenland
11,3295GT,Boezembaan,'s-Gravendeel
13,3295GD,Slikhof,'s-Gravendeel
14,3297CW,Prinsenhof,Puttershoek
25,3271BX,Wilhelminastraat,Mijnsheerenland
3,3271LE,Buijensweg,Mijnsheerenland
12,3274CX,Wiardi Beckmanhof,Heinenoord
14,3274AH,Margrietstraat,Heinenoord
7,3299BA,Acacialaan,Maasdam
6,3295TC,Dauwrootstraat,'s-Gravendeel
21,3295XT,Renooishoekstraat,'s-Gravendeel
43,3274MC,Prof. Teldersstraat,Heinenoord
24,3295PJ,Kleine Vos,'s-Gravendeel
14,3295SZ,Zonnebloemlaan,'s-Gravendeel
28,3295GL,Schuilingenweg,'s-Gravendeel
95,3297XH,Hazelaarstraat,Puttershoek
20,3295XC,Bosveldstraat,'s-Gravendeel
42,3271VD,Vingerling,Mijnsheerenland
28,3297WH,Penningkruid,Puttershoek
35,3297TA,Binnenkruier,Puttershoek
24,3274LE,Blaaksedijk West,Heinenoord
67,3297BT,Singel,Puttershoek
78,3274BE,Dorpsstraat,Heinenoord
14,3295WD,Lindehof,'s-Gravendeel
23,3295TC,Dauwrootstraat,'s-Gravendeel
14,3295RN,Seringenstraat,'s-Gravendeel
39,3297TM,Sterrenlaan,Puttershoek
5,3274KD,Oud-Heinenoordseweg,Heinenoord
5,3297AA,Arent van Lierstraat,Puttershoek
41,3271XC,Rietgors,Mijnsheerenland
25,3299BB,Dorpsstraat,Maasdam
21,3297CV,Oranjeplein,Puttershoek
186,3297BK,Nassaulaan,Puttershoek
5,3295RJ,Jasmijnstraat,'s-Gravendeel
36,3295CP,Roterijstraat,'s-Gravendeel
9,3271BS,Raadhuislaan,Mijnsheerenland
8,3297TE,Bovenkruier,Puttershoek
18,3274CB,De Laagjes,Heinenoord
5,3295BE,Kooijstraat,'s-Gravendeel
4,3297GB,Biezenweide,Puttershoek
21,3299LR,Zuiddijk,Maasdam
2,3295VH,Lokkenstraat,'s-Gravendeel
134,3297BJ,Nassaulaan,Puttershoek
24,3271XK,Zeggegors,Mijnsheerenland
15,3271LD,Brabersweg,Mijnsheerenland
12,3299LV,Binnenmaasoever,Maasdam
56,3274CS,Wouter van den Walestr,Heinenoord
13,3273AX,Rootweide,Westmaas
8,3271AC,Eendrachtslaan,Mijnsheerenland
30,3271TA,Doelenstraat,Mijnsheerenland
36,3297GL,Biezenbloker,Puttershoek
49,3273LD,Munnikendijk,Westmaas
6,3271AA,Burg.de Jongplein,Mijnsheerenland
40,3295TE,Hekelstraat,'s-Gravendeel
6,3297TS,Tjasker,Puttershoek
31,3299AC,Hoeksedijk,Maasdam
26,3295TE,Hekelstraat,'s-Gravendeel
4,3271CB,Noordernesse,Mijnsheerenland
13,3273LL,Stougjesdijk,Westmaas
1,3299LL,Polderdijk,Maasdam
2,3274LX,Zomerlandseweg,Heinenoord
67,3299BB,Dorpsstraat,Maasdam
3,3295BA,Achterdijk,'s-Gravendeel
23,3295GZ,Plaszoom,'s-Gravendeel
89,3295VL,Spinnerijstraat,'s-Gravendeel
9,3297XD,Goudenregenstraat,Puttershoek
68,3271VC,Hoofdland,Mijnsheerenland
5,3273AH,Hofstraat,Westmaas
28,3297XB,Eikenlaan,Puttershoek
12,3295GT,Boezembaan,'s-Gravendeel
21,3274CM,Spuivelden,Heinenoord
26,3299WH,de Heul,Maasdam
4,3295VM,Spinnerijstraat,'s-Gravendeel
39,3299XC,Merwedestraat,Maasdam
48,3274KG,Westdijk,Heinenoord
112,3295KR,Strijenseweg,'s-Gravendeel
58,3274AP,Wilhelminastraat,Heinenoord
7,3295RN,Seringenstraat,'s-Gravendeel
4,3297DC,De Pelikaan,Puttershoek
23,3295AH,Groene Kruisstraat,'s-Gravendeel
17,3299XH,Spuistraat,Maasdam
13,3295GX,Kwelderpad,'s-Gravendeel
205,3297LJ,Weverseinde,Puttershoek
36,3274CJ,Kooimansland,Heinenoord
35,3297WE,Penningkruid,Puttershoek
61,3299LM,Polderdijk,Maasdam
37,3295EC,Schenkeldijk,'s-Gravendeel
71,3297TN,Sterrenlaan,Puttershoek
33,3295CD,Constantijnstraat,'s-Gravendeel
59,3295CN,Roterijstraat,'s-Gravendeel
27,3271TN,Landheerlaan,Mijnsheerenland
50,3299BL,Molenlaan,Maasdam
7,3295SL,Irisstraat,'s-Gravendeel
62,3295AN,Marijkestraat,'s-Gravendeel
9,3297TM,Sterrenlaan,Puttershoek
24,3295BV,Smidsweg,'s-Gravendeel
32,3297TS,Tjasker,Puttershoek
39,3299BW,Roodborst,Maasdam
51,3299BJ,Molenlaan,Maasdam
14,3271TJ,Gravinnenlaan,Mijnsheerenland
18,3295AJ,In 't Veldstraat,'s-Gravendeel
9,3297TC,Bovenkruier,Puttershoek
44,3297WJ,Haagwinde,Puttershoek
3,3295AN,Marijkestraat,'s-Gravendeel
23,3295GM,Vlietstraat,'s-Gravendeel
32,3297WC,Gele lis,Puttershoek
17,3271TM,Ambachtsherenlaan,Mijnsheerenland
35,3297GH,Biezenveld,Puttershoek
3,3273XC,Leeuwendaal,Westmaas
33,3297ER,Pieter v Slingelandtstr,Puttershoek
10,3271TP,Koningspark,Mijnsheerenland
23,3273CA,Johannes Kolfstraat,Westmaas
16,3297AJ,Laan van Heemstede,Puttershoek
39,3297CP,Wilhelminastraat,Puttershoek
42,3271BR,Nieuwegeer,Mijnsheerenland
16,3295GA,Geuldam,'s-Gravendeel
20,3297TE,Bovenkruier,Puttershoek
58,3271BN,Molenvlietlaan,Mijnsheerenland
25,3295BN,Roodenburg Vermaatstraat,'s-Gravendeel
25,3274LD,Blaaksedijk West,Heinenoord
31,3297LE,Rustenburgstraat,Puttershoek
2,3273AL,van Koetsveldlaan,Westmaas
8,3295XV,Vaarzon Morelstraat,'s-Gravendeel
21,3273AL,van Koetsveldlaan,Westmaas
82,3297AW,Zijdewinde,Puttershoek
23,3297AP,Ring,Puttershoek
6,3295VK,Schevenstraat,'s-Gravendeel
79,3295ED,Schenkeldijk,'s-Gravendeel
21,3297AP,Ring,Puttershoek
58,3295TN,Vlasstraat,'s-Gravendeel
85,3274LH,Boonsweg,Heinenoord
17,3273AJ,Kartuizerveld,Westmaas
22,3295BA,Achterdijk,'s-Gravendeel
87,3297TD,Bovenkruier,Puttershoek
12,3274LE,Blaaksedijk West,Heinenoord
10,3297TZ,Wiekenkruis,Puttershoek
12,3299BG,Lindenlaan,Maasdam
22,3297GD,Biezenbleek,Puttershoek
34,3271BZ,Wilhelminastraat,Mijnsheerenland
103,3295VL,Spinnerijstraat,'s-Gravendeel
2,3295GZ,Plaszoom,'s-Gravendeel
32,3297GG,Biezensnijder,Puttershoek
29,3271VD,Vingerling,Mijnsheerenland
11,3299WB,de Heul,Maasdam
56,3295KM,Strijensedijk,'s-Gravendeel
11,3274KH,Kuipersveer,Heinenoord
7,3274CG,John F. Kennedystraat,Heinenoord
66,3273XK,Cabbeweide,Westmaas
14,3295GN,Vlietstraat,'s-Gravendeel
40,3297BB,Kastanjelaan,Puttershoek
24,3297TS,Tjasker,Puttershoek
89,3295TH,Lijnzaadstraat,'s-Gravendeel
53,3299XC,Merwedestraat,Maasdam
44,3295AT,Oranjestraat,'s-Gravendeel
77,3295WC,Lindehof,'s-Gravendeel
20,3295SZ,Zonnebloemlaan,'s-Gravendeel
252,3271LR,Blaaksedijk,Mijnsheerenland
4,3271TE,Binnenbans,Mijnsheerenland
22,3295AG,dr Bossersstraat,'s-Gravendeel
8,3271AK,Laan van Moerkerken,Mijnsheerenland
45,3295TH,Lijnzaadstraat,'s-Gravendeel
39,3295VL,Spinnerijstraat,'s-Gravendeel
7,3297CD,Julianastraat,Puttershoek
5,3299BN,Trambaan,Maasdam
11,3295VE,Linnenstraat,'s-Gravendeel
24,3274CE,Hermannushof,Heinenoord
17,3299AC,Hoeksedijk,Maasdam
15,3273AN,Mastland,Westmaas
29,3295TB,Bootstraat,'s-Gravendeel
87,3297BL,Pieter Repelaerstraat,Puttershoek
9,3297TZ,Wiekenkruis,Puttershoek
103,3271BJ,Laan van Westmolen,Mijnsheerenland
21,3274LA,Blaaksedijk Oost,Heinenoord
16,3295BH,Kortestraat,'s-Gravendeel
12,3299BZ,Leeuwerik,Maasdam
11,3274CJ,Kooimansland,Heinenoord
18,3295LB,Boendersweg,'s-Gravendeel
9,3299AP,Raadhuisstraat,Maasdam
15,3295LL,Onder de molen,'s-Gravendeel
258,3271LR,Blaaksedijk,Mijnsheerenland
71,3274BC,Dorpsstraat,Heinenoord
32,3299XL,Vliet,Maasdam
10,3295LB,Boendersweg,'s-Gravendeel
45,3274LB,Blaaksedijk Oost,Heinenoord
26,3274CE,Hermannushof,Heinenoord
1,3295GT,Boezembaan,'s-Gravendeel
1,3273AA,Beatrixlaan,Westmaas
8,3295XD,Boven Havendijk,'s-Gravendeel
5,3295CM,Repelstraat,'s-Gravendeel
33,3299LA,Gatsedijk,Maasdam
12,3271VA,Aveling,Mijnsheerenland
3,3271DC,Huibert van der Hoekpln,Mijnsheerenland
23,3271AD,Everocken,Mijnsheerenland
6,3299AR,van Hogendorplaan,Maasdam
14,3297CE,Julianastraat,Puttershoek
60,3297BM,Pieter Repelaerstraat,Puttershoek
19,3271TM,Ambachtsherenlaan,Mijnsheerenland
45,3295TM,Vlasstraat,'s-Gravendeel
68,3297CT,Oranjelaan Westzijde,Puttershoek
28,3274KC,Oosteinde,Heinenoord
4,3295XX,Van der Merckstraat,'s-Gravendeel
78,3297AV,Schouteneinde,Puttershoek
10,3273XD,Leeuwendaal,Westmaas
106,3271KG,Stougjesdijk,Mijnsheerenland
49,3299BJ,Molenlaan,Maasdam
6,3297TP,Sterrenlaan,Puttershoek
1,3295VC,Damaststraat,'s-Gravendeel
13,3297WJ,Haagwinde,Puttershoek
2,3295VE,Linnenstraat,'s-Gravendeel
9,3297GH,Biezenveld,Puttershoek
23,3297EA,Arie van Drielstraat,Puttershoek
18,3295LC,Maasdamseweg,'s-Gravendeel
39,3297XA,Eikenlaan,Puttershoek
50,3299XB,Kilstraat,Maasdam
13,3295KD,Lagedijk,'s-Gravendeel
44,3295TE,Hekelstraat,'s-Gravendeel
4,3271AA,Burg.de Jongplein,Mijnsheerenland
2,3271BT,Raadhuislaan,Mijnsheerenland
18,3273AD,de Roolaan,Westmaas
16,3297CE,Julianastraat,Puttershoek
12,3297EM,Pieter Boelenstraat,Puttershoek
18,3271TR,Edelman,Mijnsheerenland
14,3271TK,Schepenlaan,Mijnsheerenland
59,3299WC,de Heul,Maasdam
1,3295GC,Sas,'s-Gravendeel
6,3295TE,Hekelstraat,'s-Gravendeel
110,3299LX,Oud Bonaventurasedijk,Maasdam
55,3297AK,Maasdamsedijk,Puttershoek
41,3295TD,Hekelstraat,'s-Gravendeel
32,3274KG,Westdijk,Heinenoord
115,3295CH,Hendrik Hamerstraat,'s-Gravendeel
48,3271VJ,Vrijland,Mijnsheerenland
18,3271BZ,Wilhelminastraat,Mijnsheerenland
53,3295CD,Constantijnstraat,'s-Gravendeel
2,3273AN,Mastland,Westmaas
6,3297XM,Lindestraat,Puttershoek
67,3295AE,Bevershoekstraat,'s-Gravendeel
33,3295SB,Anemoonpad,'s-Gravendeel
105,3295KN,Strijenseweg,'s-Gravendeel
10,3274LP,Mollekade,Heinenoord
63,3273LD,Munnikendijk,Westmaas
1,3274BG,Goidschalxoordsedijk,Heinenoord
35,3295TM,Vlasstraat,'s-Gravendeel
16,3274AG,Julianastraat,Heinenoord
14,3295VD,Damaststraat,'s-Gravendeel
20,3297AB,Arent van Lierstraat,Puttershoek
5,3295AB,Beatrixstraat,'s-Gravendeel
21,3274AD,Irenestraat,Heinenoord
2,3274AM,Wilhelminaplein,Heinenoord
27,3295BN,Roodenburg Vermaatstraat,'s-Gravendeel
38,3297WH,Penningkruid,Puttershoek
32,3295GN,Vlietstraat,'s-Gravendeel
34,3297WJ,Haagwinde,Puttershoek
113,3295KP,Strijenseweg,'s-Gravendeel
17,3271AG,Lodewijk van Praetstraat,Mijnsheerenland
12,3295KB,De Wacht,'s-Gravendeel
5,3273XS,Hogeweide,Westmaas
3,3297XE,Hazelaarstraat,Puttershoek
12,3274AB,Bernhardstraat,Heinenoord
10,3297AT,Schouteneinde,Puttershoek
44,3295CD,Constantijnstraat,'s-Gravendeel
17,3295BL,Noord Voorstraat,'s-Gravendeel
5,3299WK,Hof van Weede,Maasdam
23,3297GJ,Biezenvlechter,Puttershoek
56,3299AB,Burg G de Katerstraat,Maasdam
22,3297WP,Barbarakruid,Puttershoek
12,3273AK,Kartuizerveld,Westmaas
39,3299AA,Burg G de Katerstraat,Maasdam
17,3295EC,Schenkeldijk,'s-Gravendeel
18,3271XH,Zandgors,Mijnsheerenland
16,3297VA,Andromeda,Puttershoek
18,3295TE,Hekelstraat,'s-Gravendeel
35,3295KG,Mijlweg,'s-Gravendeel
9,3273AE,Haagje,Westmaas
6,3297GL,Biezenbloker,Puttershoek
10,3271XK,Zeggegors,Mijnsheerenland
15,3271XC,Rietgors,Mijnsheerenland
11,3295CA,Alexanderstraat,'s-Gravendeel
26,3271VD,Vingerling,Mijnsheerenland
105,3295AE,Bevershoekstraat,'s-Gravendeel
5,3274LL,Gorzenweg,Heinenoord
4,3274LC,Blaaksedijk Oost,Heinenoord
24,3297EK,Nieuw Weverseinde,Puttershoek
11,3295GZ,Plaszoom,'s-Gravendeel
50,3297BG,Nassaulaan,Puttershoek
105,3271KB,Stougjesdijk,Mijnsheerenland
15,3297WB,De Grienden,Puttershoek
97,3295CG,Hendrik Hamerstraat,'s-Gravendeel
19,3295GM,Vlietstraat,'s-Gravendeel
80,3271BK,Laan van Westmolen,Mijnsheerenland
7,3295RL,Meidoornerf,'s-Gravendeel
24,3295GR,Wetering,'s-Gravendeel
3,3299BA,Acacialaan,Maasdam
69,3295TH,Lijnzaadstraat,'s-Gravendeel
45,3297CW,Prinsenhof,Puttershoek
2,3271LN,Achterweg,Mijnsheerenland
2,3274AK,Oranjestraat,Heinenoord
131,3295KP,Strijenseweg,'s-Gravendeel
27,3295RG,Narcisstraat,'s-Gravendeel
2,3273AX,Rootweide,Westmaas
18,3297TH,Standerdmolen,Puttershoek
9,3295XS,Nieuweweg,'s-Gravendeel
14,3274LV,van Galenstraat,Heinenoord
34,3297GL,Biezenbloker,Puttershoek
25,3273CA,Johannes Kolfstraat,Westmaas
137,3271KB,Stougjesdijk,Mijnsheerenland
57,3295VB,Batiststraat,'s-Gravendeel
37,3297TR,Tjasker,Puttershoek
8,3297EM,Pieter Boelenstraat,Puttershoek
58,3295VH,Lokkenstraat,'s-Gravendeel
9,3297TX,Grondzeiler,Puttershoek
2,3299XJ,Spuistraat,Maasdam
38,3273AR,Nieuwstraat,Westmaas
39,3271XM,Grasgors,Mijnsheerenland
18,3297VG,Polaris,Puttershoek
28,3271TC,Haantjesvliet,Mijnsheerenland
101,3297XA,Eikenlaan,Puttershoek
34,3295BV,Smidsweg,'s-Gravendeel
21,3274KD,Oud-Heinenoordseweg,Heinenoord
4,3273AL,van Koetsveldlaan,Westmaas
41,3297XG,Hazelaarstraat,Puttershoek
2,3274CM,Spuivelden,Heinenoord
39,3274LN,Mollekade,Heinenoord
16,3271XA,Lisgors,Mijnsheerenland
26,3274AC,Emmastraat,Heinenoord
7,3295LJ,Molenvliet,'s-Gravendeel
20,3297BC,Magnoliastraat,Puttershoek
9,3295TB,Bootstraat,'s-Gravendeel
1,3274MA,Rietwaard,Heinenoord
32,3271VD,Vingerling,Mijnsheerenland
36,3271TA,Doelenstraat,Mijnsheerenland
5,3295AD,Nestpad,'s-Gravendeel
4,3273AG,Havenstraat,Westmaas
65,3271BS,Raadhuislaan,Mijnsheerenland
11,3297GH,Biezenveld,Puttershoek
9,3295LA,Boendersweg,'s-Gravendeel
15,3299BT,Lijster,Maasdam
6,3295BM,Nieuwstraat,'s-Gravendeel
7,3299BV,Merel,Maasdam
43,3295XP,Leerambachtstraat,'s-Gravendeel
13,3271TJ,Gravinnenlaan,Mijnsheerenland
26,3274CG,John F. Kennedystraat,Heinenoord
5,3295VR,Weverijstraat,'s-Gravendeel
27,3297TT,Wipmolen,Puttershoek
9,3295AX,Verbruggestraat,'s-Gravendeel
49,3295CD,Constantijnstraat,'s-Gravendeel
16,3297AT,Schouteneinde,Puttershoek
43,3271BX,Wilhelminastraat,Mijnsheerenland
51,3271VE,Vlietland,Mijnsheerenland
21,3295HC,Vijverhof,'s-Gravendeel
27,3295AH,Groene Kruisstraat,'s-Gravendeel
15,3274CZ,Prof. Teldersstraat,Heinenoord
8,3271TP,Koningspark,Mijnsheerenland
72,3297GA,Biezengors,Puttershoek
13,3274KD,Oud-Heinenoordseweg,Heinenoord
28,3271VD,Vingerling,Mijnsheerenland
25,3295WB,Lindehof,'s-Gravendeel
70,3295VP,Vezelstraat,'s-Gravendeel
14,3274AP,Wilhelminastraat,Heinenoord
92,3295WG,Lindehof,'s-Gravendeel
13,3274KH,Kuipersveer,Heinenoord
4,3299BR,van der Doeslaan,Maasdam
66,3295EH,Schenkeldijk,'s-Gravendeel
7,3295HA,Spuihof,'s-Gravendeel
8,3297TS,Tjasker,Puttershoek
41,3295VB,Batiststraat,'s-Gravendeel
12,3297CX,Máximaplein,Puttershoek
43,3297TD,Bovenkruier,Puttershoek
12,3274CR,Wouter van den Walestr,Heinenoord
11,3297CG,Margrietstraat,Puttershoek
77,3297WE,Penningkruid,Puttershoek
17,3271BX,Wilhelminastraat,Mijnsheerenland
30,3299XD,Merwedestraat,Maasdam
24,3274CT,Avenhil,Heinenoord
144,3295KS,Strijenseweg,'s-Gravendeel
12,3271TP,Koningspark,Mijnsheerenland
118,3295EJ,Schenkeldijk,'s-Gravendeel
10,3297CG,Margrietstraat,Puttershoek
26,3295RG,Narcisstraat,'s-Gravendeel
11,3295BJ,Langestraat,'s-Gravendeel
18,3299BT,Lijster,Maasdam
215,3295CK,Hendrik Hamerstraat,'s-Gravendeel
116,3274BE,Dorpsstraat,Heinenoord
5,3297DB,De Putter,Puttershoek
18,3297CW,Prinsenhof,Puttershoek
1,3297GK,Biezenvijver,Puttershoek
73,3299BB,Dorpsstraat,Maasdam
27,3295BE,Kooijstraat,'s-Gravendeel
4,3297BB,Kastanjelaan,Puttershoek
11,3274AM,Wilhelminaplein,Heinenoord
31,3295AZ,Wilhelminastraat,'s-Gravendeel
