69,5224AB,Helftheuvelpassage,'s-Hertogenbosch
79,5224AS,Helftheuvelweg,'s-Hertogenbosch
81,5224AS,Helftheuvelweg,'s-Hertogenbosch
83,5224AS,Helftheuvelweg,'s-Hertogenbosch
85,5224AS,Helftheuvelweg,'s-Hertogenbosch
89,5224AS,Helftheuvelweg,'s-Hertogenbosch
91,5224AS,Helftheuvelweg,'s-Hertogenbosch
93,5224AS,Helftheuvelweg,'s-Hertogenbosch
7,5247SK,Diezeborch,Rosmalen
69,5235ET,Fleringen,'s-Hertogenbosch
4,5244HX,Baroniehoeven,Rosmalen
6,5223VB,Breekampstraat,'s-Hertogenbosch
144,5211XK,Bloemenkamp,'s-Hertogenbosch
32,5247KG,Emeraldpad,Rosmalen
78,5216KR,Melis Stokestraat,'s-Hertogenbosch
5,5235DR,Eimeren,'s-Hertogenbosch
61,5216KB,Hadewychstraat,'s-Hertogenbosch
15,5215GD,Maassingel,'s-Hertogenbosch
21,5246EG,Joseph Knipstraat,Rosmalen
55,5211JR,Scheidingstraat,'s-Hertogenbosch
2,5237KH,Meester Stappartlaan,'s-Hertogenbosch
7,5222AP,Rietveldenweg,'s-Hertogenbosch
84,5223KG,De Eendenkooi,'s-Hertogenbosch
32,5216AK,Philips de Schonestraat,'s-Hertogenbosch
104,5223GR,Oude Vlijmenseweg,'s-Hertogenbosch
49,5237TE,Schout van der Dussensingel,'s-Hertogenbosch
105,5211HA,Sint Jorisstraat,'s-Hertogenbosch
307,5221LG,Parcivalring,'s-Hertogenbosch
105,5235DC,Lokeren,'s-Hertogenbosch
66,5224BD,Jan Olieslagersstraat,'s-Hertogenbosch
1,5235EM,Espalen,'s-Hertogenbosch
55,5212BB,Frederik Hendriklaan,'s-Hertogenbosch
148,5231GG,Zesde Buitenpepers,'s-Hertogenbosch
48,5223EK,Copernicuslaan,'s-Hertogenbosch
22,5231WT,Het Spinnewiel,'s-Hertogenbosch
3,5246AN,Annapark,Rosmalen
19,5241CV,Oude Dijk,Rosmalen
5,5232JX,Zevende Herven,'s-Hertogenbosch
53,5235JN,Overkwartier,'s-Hertogenbosch
20,5216BR,Pettelaarseweg,'s-Hertogenbosch
124,5235HV,Doornburgstede,'s-Hertogenbosch
31,5235DR,Eimeren,'s-Hertogenbosch
7,5223SN,Pizarrostraat,'s-Hertogenbosch
304,5223MV,Bordeslaan,'s-Hertogenbosch
424,5215DS,Grevelingen,'s-Hertogenbosch
2,5221AG,Jochemmekampke,'s-Hertogenbosch
32,5224GK,Karel Doormanstraat,'s-Hertogenbosch
12,5235BC,Kloosterlaan,'s-Hertogenbosch
56,5241LS,Creijenhoek,Rosmalen
17,5242CN,Sportlaan,Rosmalen
275,5244ND,Vliertwijksestraat,Rosmalen
17,5231PC,Van der Griendtstraat,'s-Hertogenbosch
37,5224BK,van der Hoopstraat,'s-Hertogenbosch
130,5216EN,Händelstraat,'s-Hertogenbosch
213,5211MN,Hinthamerstraat,'s-Hertogenbosch
32,5211WG,Koninginnenlaan,'s-Hertogenbosch
36,5211WG,Koninginnenlaan,'s-Hertogenbosch
13,5221CH,Gemaalweg,'s-Hertogenbosch
44,5216HC,Zuiderparkweg,'s-Hertogenbosch
6,5236XJ,Klaverstraat,'s-Hertogenbosch
8,5231PK,Laagakkerstraat,'s-Hertogenbosch
27,5213CP,Lagelandstraat,'s-Hertogenbosch
92,5213CX,Lagelandstraat,'s-Hertogenbosch
34,5216AM,Maximiliaanstraat,'s-Hertogenbosch
62,5211AD,Maijweg,'s-Hertogenbosch
80,5212AP,Ophoviuslaan,'s-Hertogenbosch
144,5212AS,Ophoviuslaan,'s-Hertogenbosch
13,5211AS,Oranje Nassaulaan,'s-Hertogenbosch
26,5236XD,Kleine Wijken,'s-Hertogenbosch
108,5231BB,Klokkenlaan,'s-Hertogenbosch
104,5213CX,Lagelandstraat,'s-Hertogenbosch
44,5223HX,Lagemorgenlaan,'s-Hertogenbosch
174,5231BC,Klokkenlaan,'s-Hertogenbosch
268,5231BE,Klokkenlaan,'s-Hertogenbosch
101,5211TB,Jan Heinsstraat,'s-Hertogenbosch
18,5213CL,Meidoornstraat,'s-Hertogenbosch
160,5223JB,Lagemorgenlaan,'s-Hertogenbosch
142,5223EM,Copernicuslaan,'s-Hertogenbosch
11,5237HJ,Zilverspar,'s-Hertogenbosch
80,5216PP,Pettelaarpark,'s-Hertogenbosch
81,5216PP,Pettelaarpark,'s-Hertogenbosch
82,5216PP,Pettelaarpark,'s-Hertogenbosch
83,5216PP,Pettelaarpark,'s-Hertogenbosch
84,5216PP,Pettelaarpark,'s-Hertogenbosch
86,5216PP,Pettelaarpark,'s-Hertogenbosch
87,5216PP,Pettelaarpark,'s-Hertogenbosch
88,5216PP,Pettelaarpark,'s-Hertogenbosch
89,5216PP,Pettelaarpark,'s-Hertogenbosch
85,5216PP,Pettelaarpark,'s-Hertogenbosch
6,5235GC,Loevestein,'s-Hertogenbosch
12,5237CK,Tak van Poortvliethof,'s-Hertogenbosch
13,5233JT,Vierde Reit,'s-Hertogenbosch
418,5211NW,Zuid Willemsvaart,'s-Hertogenbosch
4,5211HT,Paradijsstraatje,'s-Hertogenbosch
26,5247LA,De Groote Rede,Rosmalen
45,5237JV,Lugteren,'s-Hertogenbosch
16,5235HB,Neercanne,'s-Hertogenbosch
82,5235KV,Lokerenpassage,'s-Hertogenbosch
44,5233HT,Zesde Reit,'s-Hertogenbosch
5,5233HW,Zevende Reit,'s-Hertogenbosch
57,5235JX,Hengmeng,'s-Hertogenbosch
94,5215ES,Grevelingen,'s-Hertogenbosch
24,5237KS,Meester Ygramlaan,'s-Hertogenbosch
23,5221GP,Fuutlaan,'s-Hertogenbosch
112,5235KA,Maaspoortweg,'s-Hertogenbosch
19,5224XX,Zwollestraat,'s-Hertogenbosch
27,5233PA,Achtste Donk,'s-Hertogenbosch
232,5215DP,Grevelingen,'s-Hertogenbosch
20,5232BP,Goudsmidstraat,'s-Hertogenbosch
10,5235CV,Reinekeshof,'s-Hertogenbosch
3,5235CA,Seldensate,'s-Hertogenbosch
27,5235CA,Seldensate,'s-Hertogenbosch
170,5235KB,Maaspoortweg,'s-Hertogenbosch
54,5233PD,Achtste Donk,'s-Hertogenbosch
77,5233PB,Achtste Donk,'s-Hertogenbosch
94,5233PD,Achtste Donk,'s-Hertogenbosch
5,5233XD,Derde Donk,'s-Hertogenbosch
6,5236EJ,Het Meerke,'s-Hertogenbosch
27,5236EB,Wikveld,'s-Hertogenbosch
7,5235DN,Bingerden,'s-Hertogenbosch
34,5237KX,Zwartbroekweg,'s-Hertogenbosch
110,5237KZ,Zwartbroekweg,'s-Hertogenbosch
9,5235NK,Bollenveld,'s-Hertogenbosch
38,5233XG,Derde Donk,'s-Hertogenbosch
71,5233HJ,Eerste Donk,'s-Hertogenbosch
19,5236EH,Zeewaardin,'s-Hertogenbosch
2,5232BK,Sigarenmakerstraat,'s-Hertogenbosch
320,5237KV,Zwartbroekweg,'s-Hertogenbosch
42,5235TZ,Blokpolder,'s-Hertogenbosch
38,5235TT,Combinatiepolder,'s-Hertogenbosch
66,5235EG,Buurschappenlaan,'s-Hertogenbosch
123,5235EC,Buurschappenlaan,'s-Hertogenbosch
38,5233PJ,Negende Donk,'s-Hertogenbosch
134,5233RR,Rompert Park,'s-Hertogenbosch
112,5233HP,Eerste Donk,'s-Hertogenbosch
8,5233PJ,Negende Donk,'s-Hertogenbosch
26,5235TK,Harmoniepolder,'s-Hertogenbosch
75,5235TH,Harmoniepolder,'s-Hertogenbosch
90,5224BX,Churchilllaan,'s-Hertogenbosch
449,5213JA,Aartshertogenlaan,'s-Hertogenbosch
75,5223XD,Oeterselaan,'s-Hertogenbosch
15,5223GG,Buys Ballotweg,'s-Hertogenbosch
17,5211DP,Lepelstraat,'s-Hertogenbosch
36,5233NS,Vierde Morgen,'s-Hertogenbosch
87,5235DP,Bijsteren,'s-Hertogenbosch
69,5233VB,Zevende Slagen,'s-Hertogenbosch
4,5211HR,Krullartstraat,'s-Hertogenbosch
36,5211DN,Visstraat,'s-Hertogenbosch
29,5216EK,Vivaldistraat,'s-Hertogenbosch
531,5231MT,Wethouder Schuurmanslaan,'s-Hertogenbosch
33,5224VT,Doornikstraat,'s-Hertogenbosch
136,5212BJ,Frederik Hendriklaan,'s-Hertogenbosch
4,5216HP,van der Nootstraat,'s-Hertogenbosch
25,5212PJ,Van der Weeghensingel,'s-Hertogenbosch
10,5223CN,Voltastraat,'s-Hertogenbosch
21,5211HD,Weversplaats,'s-Hertogenbosch
71,5211HD,Weversplaats,'s-Hertogenbosch
97,5211SC,Zuid Willemsvaart,'s-Hertogenbosch
99,5211SC,Zuid Willemsvaart,'s-Hertogenbosch
61,5211SC,Zuid Willemsvaart,'s-Hertogenbosch
21,5212CA,Van Gilsstraat,'s-Hertogenbosch
19,5211ZK,van Heurnstraat,'s-Hertogenbosch
52,5223CN,Voltastraat,'s-Hertogenbosch
123,5223CL,Voltastraat,'s-Hertogenbosch
71,5213SC,Wilgenstraat,'s-Hertogenbosch
37,5223HL,Willem Barentszstraat,'s-Hertogenbosch
35,5215AX,Sumatrastraat,'s-Hertogenbosch
34,5216EB,Sweelinckplein,'s-Hertogenbosch
24,5211DJ,Berewoutstraat,'s-Hertogenbosch
38,5223CZ,Van Leeuwenhoekstraat,'s-Hertogenbosch
98,5216ED,Sweelinckplein,'s-Hertogenbosch
136,5216EE,Sweelinckplein,'s-Hertogenbosch
18,5212ND,van Noremborghstraat,'s-Hertogenbosch
39,5211CR,Willem van Oranjelaan,'s-Hertogenbosch
31,5212GH,Symon Pelgromstraat,'s-Hertogenbosch
14,5211GH,Vughterstraat,'s-Hertogenbosch
4,5215XM,Willem Deckersstraat,'s-Hertogenbosch
66,5212NE,van Noremborghstraat,'s-Hertogenbosch
117,5211GA,Vughterstraat,'s-Hertogenbosch
17,5212TW,Taxandriaplein,'s-Hertogenbosch
111,5212NC,van Noremborghstraat,'s-Hertogenbosch
10,5213HB,van Reysstraat,'s-Hertogenbosch
8,5215XM,Willem Deckersstraat,'s-Hertogenbosch
41,5212TB,Willem van Nassaulaan,'s-Hertogenbosch
78,5216EC,Sweelinckplein,'s-Hertogenbosch
46,5212TB,Willem van Nassaulaan,'s-Hertogenbosch
28,5213HB,van Reysstraat,'s-Hertogenbosch
217,5211GC,Vughterstraat,'s-Hertogenbosch
252,5211GR,Vughterstraat,'s-Hertogenbosch
53,5223BK,Fahrenheitstraat,'s-Hertogenbosch
11,5211HP,Fonteinstraat,'s-Hertogenbosch
15,5211HP,Fonteinstraat,'s-Hertogenbosch
12,5216TH,Guido Gezellelaan,'s-Hertogenbosch
18,5231HX,Jan Palachstraat,'s-Hertogenbosch
438,5223JV,Rijzertlaan,'s-Hertogenbosch
19,5236BA,Deken Pompenstraat,'s-Hertogenbosch
24,5231DK,Trompet,'s-Hertogenbosch
12,5231KL,Topaas,'s-Hertogenbosch
7,5232BJ,Sigarenmakerstraat,'s-Hertogenbosch
3,5223HR,Jacob Cnodestraat,'s-Hertogenbosch
67,5213EB,Zuidoosterfront,'s-Hertogenbosch
8,5248BN,Hazelaarlaan,Rosmalen
85,5233RH,Rompertcentrum,'s-Hertogenbosch
411,5211XJ,Pastoor de Kroonstraat,'s-Hertogenbosch
10,5233JN,Tweede Reit,'s-Hertogenbosch
41,5224TC,Antwerpenstraat,'s-Hertogenbosch
15,5216TR,Frederik van Eedenstraat,'s-Hertogenbosch
629,5231MZ,Wethouder Schuurmanslaan,'s-Hertogenbosch
106,5213EG,Zuidoosterfront,'s-Hertogenbosch
29,5216HN,van der Nootstraat,'s-Hertogenbosch
29,5212NL,Van der Venstraat,'s-Hertogenbosch
42,5216EL,Vivaldistraat,'s-Hertogenbosch
29,5224JA,Wethouder Van Soestbergenstraat,'s-Hertogenbosch
77,5211HD,Weversplaats,'s-Hertogenbosch
10,5213SE,Wilgenstraat,'s-Hertogenbosch
51,5211SC,Zuid Willemsvaart,'s-Hertogenbosch
1,5212CA,Van Gilsstraat,'s-Hertogenbosch
29,5216JN,Van Heelustraat,'s-Hertogenbosch
23,5223CJ,Voltastraat,'s-Hertogenbosch
45,5223CK,Voltastraat,'s-Hertogenbosch
135,5223CM,Voltastraat,'s-Hertogenbosch
65,5213SC,Wilgenstraat,'s-Hertogenbosch
21,5223HL,Willem Barentszstraat,'s-Hertogenbosch
56,5223HM,Willem Barentszstraat,'s-Hertogenbosch
44,5215BA,Sumatrastraat,'s-Hertogenbosch
17,5216EA,Sweelinckplein,'s-Hertogenbosch
89,5211ZM,van Heurnstraat,'s-Hertogenbosch
66,5223CZ,Van Leeuwenhoekstraat,'s-Hertogenbosch
135,5223ZZ,Heerendonklaan,'s-Hertogenbosch
189,5223ZZ,Heerendonklaan,'s-Hertogenbosch
66,5212NX,Jan de la Barlaan,'s-Hertogenbosch
170,5223MT,Bordeslaan,'s-Hertogenbosch
24,5215AK,Neerstraat,'s-Hertogenbosch
24,5211PJ,Kanaalstraat,'s-Hertogenbosch
35,5212NT,Kapelaan Koopmansplein,'s-Hertogenbosch
79,5212NV,Kapelaan Koopmansplein,'s-Hertogenbosch
17,5224HR,Kardinaal de Jongsingel,'s-Hertogenbosch
9,5211KB,Kolperstraat,'s-Hertogenbosch
25,5211KP,Korte Putstraat,'s-Hertogenbosch
34,5211BT,Luijbenstraat,'s-Hertogenbosch
13,5224GE,Maarten Trompstraat,'s-Hertogenbosch
51,5224GE,Maarten Trompstraat,'s-Hertogenbosch
83,5215AM,Neerstraat,'s-Hertogenbosch
135,5215AN,Neerstraat,'s-Hertogenbosch
55,5224HS,Kardinaal de Jongsingel,'s-Hertogenbosch
25,5224GJ,Karel Doormanstraat,'s-Hertogenbosch
28,5212SL,Korte Tuinstraat,'s-Hertogenbosch
14,5236BE,Krommenhoek,'s-Hertogenbosch
11,5211GX,Kruisbroedershof,'s-Hertogenbosch
10,5211GZ,Kruisbroedersstraatje,'s-Hertogenbosch
3,5224KC,Kruiskampsingel,'s-Hertogenbosch
35,5215AC,Maastrichtseweg,'s-Hertogenbosch
64,5215AD,Maastrichtseweg,'s-Hertogenbosch
263,5215AS,Neerstraat,'s-Hertogenbosch
7,5212RG,Nemiusstraat,'s-Hertogenbosch
20,5213XK,Niehoffstraat,'s-Hertogenbosch
25,5215XP,Nieuw-Ambachtstraat,'s-Hertogenbosch
27,5211EH,Karrenstraat,'s-Hertogenbosch
57,5211EH,Karrenstraat,'s-Hertogenbosch
21,5213TD,Kastanjestraat,'s-Hertogenbosch
19,5224KC,Kruiskampsingel,'s-Hertogenbosch
61,5224KD,Kruiskampsingel,'s-Hertogenbosch
105,5224KD,Kruiskampsingel,'s-Hertogenbosch
88,5215AE,Maastrichtseweg,'s-Hertogenbosch
112,5215AH,Maastrichtseweg,'s-Hertogenbosch
1,5223TX,Marchandstraat,'s-Hertogenbosch
56,5223CH,Marconistraat,'s-Hertogenbosch
12,5231PH,Noorderweg,'s-Hertogenbosch
10,5236XL,Kasteeldreef,'s-Hertogenbosch
5,5222AX,Kasteleinenkampweg,'s-Hertogenbosch
39,5211RS,Kasterenwal,'s-Hertogenbosch
85,5211RS,Kasterenwal,'s-Hertogenbosch
9,5211DC,Katerstraatje,'s-Hertogenbosch
11,5211DC,Katerstraatje,'s-Hertogenbosch
115,5216PS,Pettelaarpark,'s-Hertogenbosch
18,5237KS,Meester Ygramlaan,'s-Hertogenbosch
14,5221GK,Aalscholverlaan,'s-Hertogenbosch
25,5221GP,Fuutlaan,'s-Hertogenbosch
2,5231DE,Harp,'s-Hertogenbosch
7,5231DL,Klarinet,'s-Hertogenbosch
3,5231DT,Piano,'s-Hertogenbosch
9,5221HA,Karekiet,'s-Hertogenbosch
265,5213AJ,Graafseweg,'s-Hertogenbosch
51,5221GA,Kraanvogellaan,'s-Hertogenbosch
7,5221GM,Oeverzwaluw,'s-Hertogenbosch
41,5221GM,Oeverzwaluw,'s-Hertogenbosch
10,5215XT,Wethouder Kuijpersstraat,'s-Hertogenbosch
37,5215XS,Wethouder Kuijpersstraat,'s-Hertogenbosch
25,5211ZR,St. Luciaplein,'s-Hertogenbosch
44,5211DN,Visstraat,'s-Hertogenbosch
15,5232JG,Vierde Herven,'s-Hertogenbosch
45,5232JG,Vierde Herven,'s-Hertogenbosch
14,5232JW,Zesde Herven,'s-Hertogenbosch
12,5235BK,Catharinadal,'s-Hertogenbosch
14,5235BG,Emmaus,'s-Hertogenbosch
13,5211SK,Barbaraplaats,'s-Hertogenbosch
85,5211SK,Barbaraplaats,'s-Hertogenbosch
180,5235JD,Kwartierenlaan,'s-Hertogenbosch
4,5235JP,Overkwartier,'s-Hertogenbosch
41,5235JN,Overkwartier,'s-Hertogenbosch
2,5234GM,Zilverenberg,'s-Hertogenbosch
33,5234GL,Zilverenberg,'s-Hertogenbosch
28,5237DB,Troelstradreef,'s-Hertogenbosch
84,5237DD,Troelstradreef,'s-Hertogenbosch
11,5211RJ,Kleine Hofstad,'s-Hertogenbosch
21,5211RT,Nieuwe Hofstad,'s-Hertogenbosch
10,5216XP,P.C. Hooftstraat,'s-Hertogenbosch
27,5223JD,Pijlijzerstraat,'s-Hertogenbosch
49,5213AV,Van Grobbendoncklaan,'s-Hertogenbosch
10,5215GV,Reggestraat,'s-Hertogenbosch
81,5211NB,Schilderstraat,'s-Hertogenbosch
19,5221AB,Schoolstraat,'s-Hertogenbosch
9,5216XA,Schubertsingel,'s-Hertogenbosch
17,5231VD,Orthensedonk,'s-Hertogenbosch
44,5216XP,P.C. Hooftstraat,'s-Hertogenbosch
70,5216XR,P.C. Hooftstraat,'s-Hertogenbosch
59,5223RE,Pedro Cabralstraat,'s-Hertogenbosch
33,5215GV,Reggestraat,'s-Hertogenbosch
30,5212BN,Rembrandtstraat,'s-Hertogenbosch
6,5212RM,Rietpolderplein,'s-Hertogenbosch
13,5216EZ,Schumannstraat,'s-Hertogenbosch
33,5223JG,Schutskampstraat,'s-Hertogenbosch
91,5223JG,Schutskampstraat,'s-Hertogenbosch
30,5236XB,Sekr. Wagemakersstraat,'s-Hertogenbosch
35,5212EA,Orthenseweg,'s-Hertogenbosch
74,5212XC,Orthenseweg,'s-Hertogenbosch
11,5211VP,Peellandstraat,'s-Hertogenbosch
50,5211VP,Peellandstraat,'s-Hertogenbosch
10,5212PA,Pelssingel,'s-Hertogenbosch
563,5212PG,Pelssingel,'s-Hertogenbosch
19,5215CR,Rivierenplein,'s-Hertogenbosch
28,5223TT,Robert Scottstraat,'s-Hertogenbosch
22,5216CH,Senecalaan,'s-Hertogenbosch
112,5216CH,Senecalaan,'s-Hertogenbosch
38,5211XK,Bloemenkamp,'s-Hertogenbosch
92,5211XK,Bloemenkamp,'s-Hertogenbosch
212,5211XK,Bloemenkamp,'s-Hertogenbosch
7,5211KM,Peperstraat,'s-Hertogenbosch
19,5216BG,Pettelaarseweg,'s-Hertogenbosch
62,5216VK,Rodenbachstraat,'s-Hertogenbosch
14,5213CA,Rogier van der Weydenstraat,'s-Hertogenbosch
22,5233RE,Rompertcentrum,'s-Hertogenbosch
16,5224XD,'s-Gravenhagestraat,'s-Hertogenbosch
52,5224XE,'s-Gravenhagestraat,'s-Hertogenbosch
38,5223BS,'s-Gravesandestraat,'s-Hertogenbosch
96,5211SZ,Orthenstraat,'s-Hertogenbosch
62,5216BS,Pettelaarseweg,'s-Hertogenbosch
87,5216BH,Pettelaarseweg,'s-Hertogenbosch
111,5216BJ,Pettelaarseweg,'s-Hertogenbosch
151,5216BK,Pettelaarseweg,'s-Hertogenbosch
40,5233RE,Rompertcentrum,'s-Hertogenbosch
32,5233EK,Rompertdreef,'s-Hertogenbosch
81,5211DJ,Berewoutstraat,'s-Hertogenbosch
58,5247LA,De Groote Rede,Rosmalen
26,5247KT,Zilvervlekpad,Rosmalen
10,5247KS,Hageheldstraat,Rosmalen
16,5247KV,Grote Pagestraat,Rosmalen
186,5245RG,Vlietdijk,Rosmalen
240,5245RG,Vlietdijk,Rosmalen
4,5245NJ,De Bleken,Rosmalen
38,5247HK,Spirealaan,Rosmalen
57,5236RH,Hondsdraf,'s-Hertogenbosch
109,5236RK,Hondsdraf,'s-Hertogenbosch
185,5236SM,Wateringen,'s-Hertogenbosch
22,5247LB,De Bark,Rosmalen
12,5247LJ,De Boeier,Rosmalen
13,5247MP,De Zonkade,Rosmalen
16,5247KH,Vlinderlaan,Rosmalen
3,5247KJ,Erebiastraat,Rosmalen
10,5247KW,Keizersmantelstraat,Rosmalen
176,5236SG,Berenklauw,'s-Hertogenbosch
49,5236SC,Berenklauw,'s-Hertogenbosch
2,5236TV,Waterlelie,'s-Hertogenbosch
19,5247MS,De Sterkade,Rosmalen
20,5211HG,Keizerstraat,'s-Hertogenbosch
33,5211VN,Kempenlandstraat,'s-Hertogenbosch
279,5224KJ,Kruiskampsingel,'s-Hertogenbosch
331,5224KK,Kruiskampsingel,'s-Hertogenbosch
385,5224KL,Kruiskampsingel,'s-Hertogenbosch
18,5223RR,Marco Polostraat,'s-Hertogenbosch
9,5231XL,Margarethalaan,'s-Hertogenbosch
22,5216AC,Maria van Bourgondiësingel,'s-Hertogenbosch
95,5223XD,Oeterselaan,'s-Hertogenbosch
3,5223TB,Olivier van Noortstraat,'s-Hertogenbosch
125,5211VN,Kempenlandstraat,'s-Hertogenbosch
46,5211KH,Kerkstraat,'s-Hertogenbosch
30,5233TH,Tweede Slagen,'s-Hertogenbosch
52,5233TJ,Tweede Slagen,'s-Hertogenbosch
73,5233TG,Tweede Slagen,'s-Hertogenbosch
10,5211SN,Tweede Straatje van Best,'s-Hertogenbosch
8,5211SN,Tweede Straatje van Best,'s-Hertogenbosch
79,5211HV,Verwersstraat,'s-Hertogenbosch
114,5211HZ,Verwersstraat,'s-Hertogenbosch
8,5231AL,Vierde Buitenpepers,'s-Hertogenbosch
7,5231NL,Weteringpad,'s-Hertogenbosch
17,5231NV,Wethouder Schuurmanslaan,'s-Hertogenbosch
4,5231GC,Zevende Buitenpepers,'s-Hertogenbosch
43,5231GB,Zevende Buitenpepers,'s-Hertogenbosch
24,5233VC,Zevende Slagen,'s-Hertogenbosch
49,5233VA,Zevende Slagen,'s-Hertogenbosch
9,5221GT,Goudplevier,'s-Hertogenbosch
23,5221GT,Goudplevier,'s-Hertogenbosch
35,5221GT,Goudplevier,'s-Hertogenbosch
45,5221GT,Goudplevier,'s-Hertogenbosch
7,5221HA,Karekiet,'s-Hertogenbosch
20,5231DL,Klarinet,'s-Hertogenbosch
49,5224CR,Commissaris De Quaylaan,'s-Hertogenbosch
110,5224CW,Commissaris De Quaylaan,'s-Hertogenbosch
279,5212CH,Aartshertogenlaan,'s-Hertogenbosch
334,5212CT,Aartshertogenlaan,'s-Hertogenbosch
20,5223TK,Amundsenstraat,'s-Hertogenbosch
50,5223TK,Amundsenstraat,'s-Hertogenbosch
4,5224BB,Anthony Fokkerstraat,'s-Hertogenbosch
22,5223VB,Breekampstraat,'s-Hertogenbosch
14,5236AR,Brink,'s-Hertogenbosch
6,5211VR,Brugplein,'s-Hertogenbosch
276,5224CZ,Commissaris De Quaylaan,'s-Hertogenbosch
426,5224EA,Commissaris De Quaylaan,'s-Hertogenbosch
486,5224EC,Commissaris De Quaylaan,'s-Hertogenbosch
374,5212CW,Aartshertogenlaan,'s-Hertogenbosch
408,5212CX,Aartshertogenlaan,'s-Hertogenbosch
445,5213JA,Aartshertogenlaan,'s-Hertogenbosch
6,5213AX,Abeelenstraat,'s-Hertogenbosch
31,5224BA,Anthony Fokkerstraat,'s-Hertogenbosch
539,5212AG,Anthonius van Alphenstraat,'s-Hertogenbosch
1,5224TC,Antwerpenstraat,'s-Hertogenbosch
62,5211VT,Brugstraat,'s-Hertogenbosch
222,5232AD,Bruistensingel,'s-Hertogenbosch
3,5216HX,Coornhertstraat,'s-Hertogenbosch
16,5223EJ,Copernicuslaan,'s-Hertogenbosch
3,5223VX,Abel Tasmanstraat,'s-Hertogenbosch
12,5213BE,Abraham Bloemaertstraat,'s-Hertogenbosch
47,5224TD,Antwerpenstraat,'s-Hertogenbosch
16,5216GN,Arezzostraat,'s-Hertogenbosch
2,5224VN,Arlonstraat,'s-Hertogenbosch
2,5224XH,Arnhemstraat,'s-Hertogenbosch
53,5211TR,Buitenhaven,'s-Hertogenbosch
105,5223EC,Copernicuslaan,'s-Hertogenbosch
133,5223EC,Copernicuslaan,'s-Hertogenbosch
167,5223ED,Copernicuslaan,'s-Hertogenbosch
7,5213VA,Acaciasingel,'s-Hertogenbosch
32,5213VB,Acaciasingel,'s-Hertogenbosch
61,5213VC,Acaciasingel,'s-Hertogenbosch
29,5224XG,Arnhemstraat,'s-Hertogenbosch
28,5212TL,Arnoud van Gelderstraat,'s-Hertogenbosch
61,5211TR,Buitenhaven,'s-Hertogenbosch
25,5231AA,Buitenpepersdreef,'s-Hertogenbosch
55,5231AB,Buitenpepersdreef,'s-Hertogenbosch
89,5231AC,Buitenpepersdreef,'s-Hertogenbosch
235,5223EG,Copernicuslaan,'s-Hertogenbosch
282,5223EP,Copernicuslaan,'s-Hertogenbosch
13,5211LM,Achter den Doove,'s-Hertogenbosch
45,5211SM,Achter de Tolbrug,'s-Hertogenbosch
107,5211SM,Achter de Tolbrug,'s-Hertogenbosch
1,5216EP,Bachstraat,'s-Hertogenbosch
20,5223RM,Balbaostraat,'s-Hertogenbosch
105,5231AC,Buitenpepersdreef,'s-Hertogenbosch
136,5231HH,Buitenpepersdreef,'s-Hertogenbosch
166,5231HJ,Buitenpepersdreef,'s-Hertogenbosch
2,5211ZC,Sint Crispijnstraat,'s-Hertogenbosch
174,5211SZ,Orthenstraat,'s-Hertogenbosch
228,5211SZ,Orthenstraat,'s-Hertogenbosch
314,5211SX,Orthenstraat,'s-Hertogenbosch
193,5216BL,Pettelaarseweg,'s-Hertogenbosch
220,5216BX,Pettelaarseweg,'s-Hertogenbosch
280,5216BZ,Pettelaarseweg,'s-Hertogenbosch
55,5233AP,Rompertpassage,'s-Hertogenbosch
41,5231GT,Rompertsebaan,'s-Hertogenbosch
19,5223GA,Röntgenstraat,'s-Hertogenbosch
23,5211ST,Sint Geertruikerkhof,'s-Hertogenbosch
42,5223BA,Leeghwaterlaan,'s-Hertogenbosch
96,5223BA,Leeghwaterlaan,'s-Hertogenbosch
381,5221LJ,Parcivalring,'s-Hertogenbosch
425,5221LJ,Parcivalring,'s-Hertogenbosch
355,5221LH,Parcivalring,'s-Hertogenbosch
404,5213ST,Westenburgerweg,'s-Hertogenbosch
446,5213ST,Westenburgerweg,'s-Hertogenbosch
490,5213ST,Westenburgerweg,'s-Hertogenbosch
350,5245AX,Groote Wielenlaan,Rosmalen
18,5211KJ,Gasselstraat,'s-Hertogenbosch
10,5221LM,Parcivalring,'s-Hertogenbosch
20,5224BJ,Evert van Dijkstraat,'s-Hertogenbosch
452,5224EN,Admiraliteitslaan,'s-Hertogenbosch
94,5221LP,Parcivalring,'s-Hertogenbosch
297,5244ND,Vliertwijksestraat,Rosmalen
24,5233BS,Manis Krijgsmanhof,'s-Hertogenbosch
68,5233BT,Manis Krijgsmanhof,'s-Hertogenbosch
118,5233BT,Manis Krijgsmanhof,'s-Hertogenbosch
42,5233XB,Zesde Donk,'s-Hertogenbosch
9,5245AA,Crescendoweg,Rosmalen
67,5231XP,Orthen,'s-Hertogenbosch
16,5221EA,De Meerheuvel,'s-Hertogenbosch
26,5224RB,Hondongstraat,'s-Hertogenbosch
24,5224VK,Hasseltstraat,'s-Hertogenbosch
41,5235GG,Burchtenlaan,'s-Hertogenbosch
45,5235GG,Burchtenlaan,'s-Hertogenbosch
53,5235GG,Burchtenlaan,'s-Hertogenbosch
58,5235GK,Burchtenlaan,'s-Hertogenbosch
63,5235GG,Burchtenlaan,'s-Hertogenbosch
68,5235GK,Burchtenlaan,'s-Hertogenbosch
73,5235GG,Burchtenlaan,'s-Hertogenbosch
78,5235GK,Burchtenlaan,'s-Hertogenbosch
28,5235JJ,Nederkwartier,'s-Hertogenbosch
35,5235JH,Nederkwartier,'s-Hertogenbosch
45,5235JH,Nederkwartier,'s-Hertogenbosch
8,5235JT,Noorderkwartier,'s-Hertogenbosch
18,5235JT,Noorderkwartier,'s-Hertogenbosch
38,5235JT,Noorderkwartier,'s-Hertogenbosch
48,5235JV,Noorderkwartier,'s-Hertogenbosch
3,5224DC,Jan van Speijkstraat,'s-Hertogenbosch
7,5224DC,Jan van Speijkstraat,'s-Hertogenbosch
63,5237CM,Groen van Prinstererlaan,'s-Hertogenbosch
71,5237CM,Groen van Prinstererlaan,'s-Hertogenbosch
76,5237CG,Groen van Prinstererlaan,'s-Hertogenbosch
81,5237CM,Groen van Prinstererlaan,'s-Hertogenbosch
87,5237CM,Groen van Prinstererlaan,'s-Hertogenbosch
92,5237CG,Groen van Prinstererlaan,'s-Hertogenbosch
102,5237CH,Groen van Prinstererlaan,'s-Hertogenbosch
108,5237CH,Groen van Prinstererlaan,'s-Hertogenbosch
113,5237CN,Groen van Prinstererlaan,'s-Hertogenbosch
119,5237CN,Groen van Prinstererlaan,'s-Hertogenbosch
45,5233JV,Derde Reit,'s-Hertogenbosch
8,5233JP,Eerste Reit,'s-Hertogenbosch
49,5233JR,Eerste Reit,'s-Hertogenbosch
69,5233JR,Eerste Reit,'s-Hertogenbosch
79,5233JR,Eerste Reit,'s-Hertogenbosch
101,5233JS,Eerste Reit,'s-Hertogenbosch
148,5235GM,Burchtenlaan,'s-Hertogenbosch
160,5235GM,Burchtenlaan,'s-Hertogenbosch
170,5235GN,Burchtenlaan,'s-Hertogenbosch
180,5235GN,Burchtenlaan,'s-Hertogenbosch
34,5221GB,Kraanvogellaan,'s-Hertogenbosch
186,5247JT,Deltalaan,Rosmalen
62,5221PM,Beeckendael,'s-Hertogenbosch
13,5245BN,Octaafstraat,Rosmalen
35,5221HL,Roerdomp,'s-Hertogenbosch
436,5237KW,Zwartbroekweg,'s-Hertogenbosch
23,5237NA,Dukaatstraat,'s-Hertogenbosch
7,5245AD,Staccatostraat,Rosmalen
3,5245BH,Tertsweg,Rosmalen
23,5231WN,De Waternimf,'s-Hertogenbosch
34,5231WG,Het Klokkediep,'s-Hertogenbosch
32,5235GP,Durendael,'s-Hertogenbosch
11,5235JA,Zuiderkwartier,'s-Hertogenbosch
1,5211WB,Rouppe van der Voortplein,'s-Hertogenbosch
4,5237JC,Meester Bierkuslaan,'s-Hertogenbosch
28,5237JC,Meester Bierkuslaan,'s-Hertogenbosch
8,5237KB,Meester van Boemellaan,'s-Hertogenbosch
51,5237KA,Meester van Boemellaan,'s-Hertogenbosch
24,5211WB,Rouppe van der Voortplein,'s-Hertogenbosch
57,5211WB,Rouppe van der Voortplein,'s-Hertogenbosch
101,5211WB,Rouppe van der Voortplein,'s-Hertogenbosch
13,5232BD,Afrikalaan,'s-Hertogenbosch
6,5237KK,Meester van Ekartstraat,'s-Hertogenbosch
31,5237KJ,Meester van Ekartstraat,'s-Hertogenbosch
7,5237JG,Meester van Goerlestraat,'s-Hertogenbosch
9,5237JJ,Meester de Groetlaan,'s-Hertogenbosch
10,5237EZ,Livornolaan,'s-Hertogenbosch
28,5237HC,Zilverahorn,'s-Hertogenbosch
9,5237HA,Zilverkruid,'s-Hertogenbosch
26,5237HG,Zilverlinde,'s-Hertogenbosch
11,5237JM,Meester Happensoenlaan,'s-Hertogenbosch
43,5237JM,Meester Happensoenlaan,'s-Hertogenbosch
1,5237KL,Meester van Merwicklaan,'s-Hertogenbosch
10,5237KN,Meester van Oeffelstraat,'s-Hertogenbosch
29,5237JS,Meester Piparduslaan,'s-Hertogenbosch
47,5237HD,Zilverlinde,'s-Hertogenbosch
71,5237HE,Zilverlinde,'s-Hertogenbosch
131,5237HZ,Zilverpark,'s-Hertogenbosch
170,5237HV,Zilverpark,'s-Hertogenbosch
3,5237JX,Meester Spoermekerlaan,'s-Hertogenbosch
25,5237JX,Meester Spoermekerlaan,'s-Hertogenbosch
104,5237JZ,Meester Spoermekerlaan,'s-Hertogenbosch
8,5237KS,Meester Ygramlaan,'s-Hertogenbosch
7,5237HR,Zilverwilg,'s-Hertogenbosch
15,5234GN,Kobaltweg,'s-Hertogenbosch
88,5222AS,Rietveldenweg,'s-Hertogenbosch
3,5242AK,Rector Zwijsenlaan,Rosmalen
27,5242AK,Rector Zwijsenlaan,Rosmalen
4,5221TN,Engelenseweg,'s-Hertogenbosch
2,5237TA,Schout van Vertaingstraat,'s-Hertogenbosch
14,5237TB,Schout van Meghenlaan,'s-Hertogenbosch
149,5211GB,Vughterstraat,'s-Hertogenbosch
24,5215ME,De Steenbok,'s-Hertogenbosch
30,5215ME,De Steenbok,'s-Hertogenbosch
94,5224AP,Helftheuvelpassage,'s-Hertogenbosch
301,5216BM,Pettelaarseweg,'s-Hertogenbosch
353,5216BM,Pettelaarseweg,'s-Hertogenbosch
4,5213XN,Piet Slagerstraat,'s-Hertogenbosch
11,5211WS,Water en Vuurplein,'s-Hertogenbosch
275,5237WT,Maasboulevard,'s-Hertogenbosch
319,5237WV,Maasboulevard,'s-Hertogenbosch
41,5237CV,Eemland,'s-Hertogenbosch
68,5237SK,Schout van Haestrechtsingel,'s-Hertogenbosch
45,5237TE,Schout van der Dussensingel,'s-Hertogenbosch
33,5215MR,De Grote Beer,'s-Hertogenbosch
3,5213TA,Hinthamerbolwerk,'s-Hertogenbosch
17,5211WS,Water en Vuurplein,'s-Hertogenbosch
98,5211GL,Vughterstraat,'s-Hertogenbosch
100,5211GL,Vughterstraat,'s-Hertogenbosch
15,5224ED,Commissaris van der Hartenlaan,'s-Hertogenbosch
46,5241KB,Terpeborch,Rosmalen
25,5246BN,Pastoor van Thiellaan,Rosmalen
63,5246BP,Pastoor van Thiellaan,Rosmalen
13,5237TH,Schout van Herenthalsplein,'s-Hertogenbosch
40,5215CZ,Rivierenplein,'s-Hertogenbosch
65,5215CZ,Rivierenplein,'s-Hertogenbosch
113,5237SX,Schout van Raesfeltstraat,'s-Hertogenbosch
67,5237SV,Schout van Bergaignestraat,'s-Hertogenbosch
43,5237SP,Schout van Brechtstraat,'s-Hertogenbosch
66,5231NJ,Wethouder Schuurmanslaan,'s-Hertogenbosch
24,5236WP,Haverakker,'s-Hertogenbosch
14,5241HD,Thorbeckeborch,Rosmalen
9,5243XS,Wethouder Tiboschplein,Rosmalen
17,5242KB,Tielekeshoeven,Rosmalen
52,5242KC,Tielekeshoeven,Rosmalen
1,5221JD,Neeske Hopmansstraat,'s-Hertogenbosch
2,5211DV,Kruisstraat,'s-Hertogenbosch
30,5211DV,Kruisstraat,'s-Hertogenbosch
15,5224GV,Mariniersstraat,'s-Hertogenbosch
30,5211JX,Markt,'s-Hertogenbosch
3,5216AL,Maximiliaanstraat,'s-Hertogenbosch
13,5211RA,Oostwal,'s-Hertogenbosch
41,5211RB,Oostwal,'s-Hertogenbosch
14,5212AM,Ophoviuslaan,'s-Hertogenbosch
76,5212AP,Ophoviuslaan,'s-Hertogenbosch
10,5231PT,Ketsheuvel,'s-Hertogenbosch
32,5231PT,Ketsheuvel,'s-Hertogenbosch
8,5236XJ,Klaverstraat,'s-Hertogenbosch
3,5231PJ,Laagakkerstraat,'s-Hertogenbosch
28,5231PK,Laagakkerstraat,'s-Hertogenbosch
43,5213CR,Lagelandstraat,'s-Hertogenbosch
20,5216AM,Maximiliaanstraat,'s-Hertogenbosch
18,5211AA,Maijweg,'s-Hertogenbosch
54,5211AC,Maijweg,'s-Hertogenbosch
110,5212AR,Ophoviuslaan,'s-Hertogenbosch
537,5212AW,Ophoviuslaan,'s-Hertogenbosch
25,5236XC,Kleine Wijken,'s-Hertogenbosch
113,5231AP,Klokkenlaan,'s-Hertogenbosch
144,5213CZ,Lagelandstraat,'s-Hertogenbosch
5,5223HV,Lagemorgenlaan,'s-Hertogenbosch
36,5223HW,Lagemorgenlaan,'s-Hertogenbosch
14,5216KP,Melis Stokestraat,'s-Hertogenbosch
13,5231NM,Orduynenstraat,'s-Hertogenbosch
46,5231NP,Orduynenstraat,'s-Hertogenbosch
112,5231NR,Orduynenstraat,'s-Hertogenbosch
148,5231BB,Klokkenlaan,'s-Hertogenbosch
201,5231AR,Klokkenlaan,'s-Hertogenbosch
230,5231BD,Klokkenlaan,'s-Hertogenbosch
296,5231BE,Klokkenlaan,'s-Hertogenbosch
102,5223HZ,Lagemorgenlaan,'s-Hertogenbosch
156,5223JB,Lagemorgenlaan,'s-Hertogenbosch
10,5211DX,Lamstraatje,'s-Hertogenbosch
120,5235EZ,Fleringen,'s-Hertogenbosch
155,5235TJ,Harmoniepolder,'s-Hertogenbosch
3,5235TP,Jufvrouwenpolder,'s-Hertogenbosch
40,5235TE,Polderwaard,'s-Hertogenbosch
15,5233XL,Vijfde Donk,'s-Hertogenbosch
45,5233XL,Vijfde Donk,'s-Hertogenbosch
107,5233XM,Vijfde Donk,'s-Hertogenbosch
32,5233ND,Eerste Morgendreef,'s-Hertogenbosch
56,5233NP,Tweede Morgendreef,'s-Hertogenbosch
11,5233NA,Eerste Morgen,'s-Hertogenbosch
21,5235EP,Haalderen,'s-Hertogenbosch
2,5235DL,Bijsteren,'s-Hertogenbosch
10,5236EM,de Poelkes,'s-Hertogenbosch
44,5235HT,Doornburgstede,'s-Hertogenbosch
102,5235HV,Doornburgstede,'s-Hertogenbosch
75,5233XP,Zesde Donk,'s-Hertogenbosch
122,5233XC,Zesde Donk,'s-Hertogenbosch
22,5233PG,Zevende Donk,'s-Hertogenbosch
42,5233NH,Tweede Morgen,'s-Hertogenbosch
35,5233NL,Derde Morgen,'s-Hertogenbosch
43,5235DK,Bijsteren,'s-Hertogenbosch
107,5235DP,Bijsteren,'s-Hertogenbosch
2,5235HM,Harteveldstede,'s-Hertogenbosch
27,5235HL,Harteveldstede,'s-Hertogenbosch
20,5235HG,Oudaanstede,'s-Hertogenbosch
14,5232JK,Eerste Hervendreef,'s-Hertogenbosch
3,5232JP,Tweede Herven,'s-Hertogenbosch
18,5232JC,Tweede Hervendreef,'s-Hertogenbosch
20,5235BV,Abdijenlaan,'s-Hertogenbosch
7,5211TC,Jan Heinsstraat,'s-Hertogenbosch
24,5216HM,Erasmusstraat,'s-Hertogenbosch
7,5223RT,Erik de Rodestraat,'s-Hertogenbosch
57,5223RV,Erik de Rodestraat,'s-Hertogenbosch
187,5213AE,Graafseweg,'s-Hertogenbosch
223,5213AG,Graafseweg,'s-Hertogenbosch
37,5213XB,Hesselsstraat,'s-Hertogenbosch
99,5213XC,Hesselsstraat,'s-Hertogenbosch
110,5231BW,Het Wielsem,'s-Hertogenbosch
58,5233CG,Derde Haren,'s-Hertogenbosch
167,5233CC,Derde Haren,'s-Hertogenbosch
21,5213CM,Esdoornstraat,'s-Hertogenbosch
53,5213CM,Esdoornstraat,'s-Hertogenbosch
117,5213CB,Esdoornstraat,'s-Hertogenbosch
281,5213AK,Graafseweg,'s-Hertogenbosch
49,5221BM,Graaf van Solmsweg,'s-Hertogenbosch
2,5221CB,Gravin Helenastraat,'s-Hertogenbosch
160,5231BX,Het Wielsem,'s-Hertogenbosch
19,5211LK,Sint Jacobshof,'s-Hertogenbosch
8,5211LP,Sint Jacobstraat,'s-Hertogenbosch
14,5213GL,Otto Copesstraat,'s-Hertogenbosch
115,5213GK,Otto Copesstraat,'s-Hertogenbosch
567,5216BM,Pettelaarseweg,'s-Hertogenbosch
15,5216GV,Philippus de Montestraat,'s-Hertogenbosch
47,5216GV,Philippus de Montestraat,'s-Hertogenbosch
32,5223GC,Röntgenstraat,'s-Hertogenbosch
77,5223GB,Röntgenstraat,'s-Hertogenbosch
41,5224GX,Michiel de Ruyterstraat,'s-Hertogenbosch
30,5224VB,Middelburglaan,'s-Hertogenbosch
25,5211EL,Minderbroedersstraat,'s-Hertogenbosch
18,5212RE,Jan Schöfferlaan,'s-Hertogenbosch
41,5213XR,Jan Sluytersstraat,'s-Hertogenbosch
2,5212EN,Jan Steenstraat,'s-Hertogenbosch
12,5224HC,Jan van Galenstraat,'s-Hertogenbosch
33,5212SB,Koedijkstraat,'s-Hertogenbosch
5,5222BG,Koenendelseweg,'s-Hertogenbosch
61,5223AH,Koestraat,'s-Hertogenbosch
22,5221BC,Leunweg,'s-Hertogenbosch
3,5215BW,Leyhof,'s-Hertogenbosch
28,5215BX,Leyhof,'s-Hertogenbosch
24,5215BH,Molenbeekstraat,'s-Hertogenbosch
14,5211DR,Molenstraat,'s-Hertogenbosch
3,5224HD,Jan van Brakelstraat,'s-Hertogenbosch
14,5223HC,Jan van Riebeecksingel,'s-Hertogenbosch
1,5213HN,Jasmijnstraat,'s-Hertogenbosch
24,5215BG,Javastraat,'s-Hertogenbosch
13,5212XK,Kogelbloemstraat,'s-Hertogenbosch
48,5212XM,Kogelbloemstraat,'s-Hertogenbosch
15,5211WD,Koninginnenlaan,'s-Hertogenbosch
11,5211BD,Koningsweg,'s-Hertogenbosch
36,5216JK,Limietlaan,'s-Hertogenbosch
16,5215CV,Lingestraat,'s-Hertogenbosch
3,5213XL,Moorstraat,'s-Hertogenbosch
31,5216GA,Mozartsingel,'s-Hertogenbosch
4,5215GT,Jekerstraat,'s-Hertogenbosch
69,5237PA,Het Vlaggeschip,'s-Hertogenbosch
65,5237BJ,Marie Koenenlaan,'s-Hertogenbosch
22,5237BA,Jan Mosmanslaan,'s-Hertogenbosch
74,5237BA,Jan Mosmanslaan,'s-Hertogenbosch
9,5231WR,De Ganzenhoedster,'s-Hertogenbosch
12,5231WS,De Goudkinderen,'s-Hertogenbosch
40,5231WK,De Kabouters,'s-Hertogenbosch
19,5237PE,Jonkhof,'s-Hertogenbosch
5,5237PK,Klipperstraat,'s-Hertogenbosch
15,5237PL,Prauwstraat,'s-Hertogenbosch
18,5237CW,To Janssenstraat,'s-Hertogenbosch
70,5237CW,To Janssenstraat,'s-Hertogenbosch
6,5237BT,Hester van Griensvenhof,'s-Hertogenbosch
12,5237BM,Christina Ulemanshof,'s-Hertogenbosch
33,5231WH,De Korenaar,'s-Hertogenbosch
87,5231WH,De Korenaar,'s-Hertogenbosch
12,5237PC,Vlethof,'s-Hertogenbosch
54,5237NP,Braspenninglaan,'s-Hertogenbosch
33,5237EC,Genualaan,'s-Hertogenbosch
23,5237EK,Pisastraat,'s-Hertogenbosch
20,5231WD,De Reiskameraad,'s-Hertogenbosch
20,5231WC,De Rozenelf,'s-Hertogenbosch
18,5231WE,De Sterrendaalders,'s-Hertogenbosch
30,5231WB,De Tondeldoos,'s-Hertogenbosch
2,5237NA,Dukaatstraat,'s-Hertogenbosch
22,5237NC,Karolusguldenstraat,'s-Hertogenbosch
97,5237EL,Pisastraat,'s-Hertogenbosch
5,5237EA,Romelaan,'s-Hertogenbosch
1,5237EW,Venetiëkade,'s-Hertogenbosch
3,5237EH,Veronaplein,'s-Hertogenbosch
27,5231WL,De Trommelslager,'s-Hertogenbosch
199,5213AE,Graafseweg,'s-Hertogenbosch
19,5231WG,Het Klokkediep,'s-Hertogenbosch
9,5237EH,Veronaplein,'s-Hertogenbosch
14,5235GP,Durendael,'s-Hertogenbosch
76,5235GP,Durendael,'s-Hertogenbosch
9,5211WB,Rouppe van der Voortplein,'s-Hertogenbosch
21,5237JB,Meester Bierkuslaan,'s-Hertogenbosch
5,5237KA,Meester van Boemellaan,'s-Hertogenbosch
3,5237KD,Meester van Buellaan,'s-Hertogenbosch
25,5211WB,Rouppe van der Voortplein,'s-Hertogenbosch
67,5211WB,Rouppe van der Voortplein,'s-Hertogenbosch
28,5237JE,Meester Coelbornerhof,'s-Hertogenbosch
30,5237JE,Meester Coelbornerhof,'s-Hertogenbosch
32,5237JE,Meester Coelbornerhof,'s-Hertogenbosch
22,5237KK,Meester van Ekartstraat,'s-Hertogenbosch
14,5237JJ,Meester de Groetlaan,'s-Hertogenbosch
18,5237HC,Zilverahorn,'s-Hertogenbosch
15,5237HM,Zilverdistel,'s-Hertogenbosch
20,5237HG,Zilverlinde,'s-Hertogenbosch
272,5216BZ,Pettelaarseweg,'s-Hertogenbosch
22,5246BV,Bosboompad,Rosmalen
5,5245BT,Cadansstraat,Rosmalen
50,5211NK,Predikheerenpoort,'s-Hertogenbosch
19,5237NJ,Braspenninglaan,'s-Hertogenbosch
11,5236TA,Moeraskers,'s-Hertogenbosch
21,5245BD,Refreinstraat,Rosmalen
401,5245AW,Groote Wielenlaan,Rosmalen
10,5211TA,Herman Moerkerkplein,'s-Hertogenbosch
20,5212CL,Aartshertogenlaan,'s-Hertogenbosch
449,5245AW,Groote Wielenlaan,Rosmalen
9,5245BC,Ariastraat,Rosmalen
52,5245BA,Coupletweg,Rosmalen
21,5216JJ,Limietlaan,'s-Hertogenbosch
19,5211BB,Julianaplein,'s-Hertogenbosch
20,5221AW,Weislag,'s-Hertogenbosch
34,5213SV,Willem Hubertstraat,'s-Hertogenbosch
15,5247JA,Groote Wielenlaan,Rosmalen
108,5233HE,Donkse Dreef,'s-Hertogenbosch
2,5221BL,Postekampke,'s-Hertogenbosch
114,5221LR,Parcivalring,'s-Hertogenbosch
57,5247JA,Groote Wielenlaan,Rosmalen
10,5216XE,Johannes Brahmsstraat,'s-Hertogenbosch
356,5213ST,Westenburgerweg,'s-Hertogenbosch
162,5221LS,Parcivalring,'s-Hertogenbosch
22,5211KA,Ridderstraat,'s-Hertogenbosch
22,5211RK,Krommeweg,'s-Hertogenbosch
5,5211GZ,Kruisbroedersstraatje,'s-Hertogenbosch
48,5215AD,Maastrichtseweg,'s-Hertogenbosch
6,5213XK,Niehoffstraat,'s-Hertogenbosch
114,5233JK,Negende Reit,'s-Hertogenbosch
6,5235CP,Gageldonk,'s-Hertogenbosch
40,5235CP,Gageldonk,'s-Hertogenbosch
10,5235CH,Genhoes,'s-Hertogenbosch
24,5235NA,Kennemerland,'s-Hertogenbosch
20,5235LA,Landstrekenlaan,'s-Hertogenbosch
50,5235LB,Landstrekenlaan,'s-Hertogenbosch
14,5237CD,Gerbrandyhof,'s-Hertogenbosch
10,5237CR,Polakhof,'s-Hertogenbosch
23,5237CT,Goeman Borgesiusstraat,'s-Hertogenbosch
1,5237CK,Tak van Poortvliethof,'s-Hertogenbosch
3,5233JT,Vierde Reit,'s-Hertogenbosch
35,5233JW,Vijfde Reit,'s-Hertogenbosch
40,5233HT,Zesde Reit,'s-Hertogenbosch
106,5233HS,Zesde Reit,'s-Hertogenbosch
22,5235HN,Goedenrade,'s-Hertogenbosch
33,5235JW,Hengmeng,'s-Hertogenbosch
87,5235JX,Hengmeng,'s-Hertogenbosch
41,5235CL,Hofstedenlaan,'s-Hertogenbosch
82,5235LC,Landstrekenlaan,'s-Hertogenbosch
111,5235LL,Landstrekenlaan,'s-Hertogenbosch
166,5235LE,Landstrekenlaan,'s-Hertogenbosch
2,5235NJ,Salland,'s-Hertogenbosch
169,5211SG,Zuid Willemsvaart,'s-Hertogenbosch
171,5211SG,Zuid Willemsvaart,'s-Hertogenbosch
9,5233HW,Zevende Reit,'s-Hertogenbosch
36,5233HZ,Zevende Reit,'s-Hertogenbosch
1,5233JL,Eerste Reitse Dreef,'s-Hertogenbosch
36,5233JM,Eerste Reitse Dreef,'s-Hertogenbosch
77,5235CM,Hofstedenlaan,'s-Hertogenbosch
42,5235HP,Landhuizenlaan,'s-Hertogenbosch
37,5231DX,Steve Bikostraat,'s-Hertogenbosch
35,5211SN,Mathildastraat,'s-Hertogenbosch
7,5235KK,Statenkwartier,'s-Hertogenbosch
56,5235KL,Statenkwartier,'s-Hertogenbosch
242,5211NW,Zuid Willemsvaart,'s-Hertogenbosch
276,5211NW,Zuid Willemsvaart,'s-Hertogenbosch
332,5211NW,Zuid Willemsvaart,'s-Hertogenbosch
18,5233JD,Tweede Reitse Dreef,'s-Hertogenbosch
56,5233JD,Tweede Reitse Dreef,'s-Hertogenbosch
124,5233JG,Tweede Reitse Dreef,'s-Hertogenbosch
54,5235DG,Lokeren,'s-Hertogenbosch
114,5235DH,Lokeren,'s-Hertogenbosch
142,5235KM,Statenkwartier,'s-Hertogenbosch
194,5235KN,Statenkwartier,'s-Hertogenbosch
24,5235KT,Lokerenpassage,'s-Hertogenbosch
414,5211NW,Zuid Willemsvaart,'s-Hertogenbosch
472,5211NW,Zuid Willemsvaart,'s-Hertogenbosch
522,5211NW,Zuid Willemsvaart,'s-Hertogenbosch
18,5215ES,Grevelingen,'s-Hertogenbosch
44,5215ES,Grevelingen,'s-Hertogenbosch
81,5215DW,Grevelingen,'s-Hertogenbosch
7,5211GR,Achter De Drie Zwanen,'s-Hertogenbosch
24,5211RG,Oude Hofstad,'s-Hertogenbosch
16,5221AS,Engeler Schans,'s-Hertogenbosch
1,5235GC,Loevestein,'s-Hertogenbosch
6,5235GJ,Burchtenlaan,'s-Hertogenbosch
61,5235GG,Burchtenlaan,'s-Hertogenbosch
29,5235JK,Westerkwartier,'s-Hertogenbosch
18,5235JJ,Nederkwartier,'s-Hertogenbosch
24,5235JT,Noorderkwartier,'s-Hertogenbosch
1,5237CL,Groen van Prinstererlaan,'s-Hertogenbosch
26,5237CE,Groen van Prinstererlaan,'s-Hertogenbosch
69,5237CM,Groen van Prinstererlaan,'s-Hertogenbosch
104,5237CH,Groen van Prinstererlaan,'s-Hertogenbosch
20,5233JB,Achtste Reit,'s-Hertogenbosch
7,5233JV,Derde Reit,'s-Hertogenbosch
16,5233JP,Eerste Reit,'s-Hertogenbosch
102,5235GL,Burchtenlaan,'s-Hertogenbosch
174,5235GN,Burchtenlaan,'s-Hertogenbosch
13,5224DC,Jan van Speijkstraat,'s-Hertogenbosch
3,5235NE,Gooiland,'s-Hertogenbosch
17,5235LN,Haskerland,'s-Hertogenbosch
144,5237CH,Groen van Prinstererlaan,'s-Hertogenbosch
110,5212NX,Jan de la Barlaan,'s-Hertogenbosch
43,5212NZ,Hennequinstraat,'s-Hertogenbosch
95,5212NZ,Hennequinstraat,'s-Hertogenbosch
5,5236WN,Breeakkers,'s-Hertogenbosch
26,5236WN,Breeakkers,'s-Hertogenbosch
50,5236WN,Breeakkers,'s-Hertogenbosch
13,5236WT,Tarweakker,'s-Hertogenbosch
80,5242KD,Tielekeshoeven,Rosmalen
110,5242KG,Tielekeshoeven,Rosmalen
143,5242KH,Tielekeshoeven,Rosmalen
67,5237SW,Schout van Gramsbergensingel,'s-Hertogenbosch
10,5237SN,Schout van Brechtstraat,'s-Hertogenbosch
6,5221JC,Wim Richtstraat,'s-Hertogenbosch
13,5221JB,Wim Richtstraat,'s-Hertogenbosch
178,5212NH,Kapelaan Koopmansplein,'s-Hertogenbosch
21,5237SZ,Schout van Raesfeltstraat,'s-Hertogenbosch
16,5236WR,Boekweitveld,'s-Hertogenbosch
44,5236WR,Boekweitveld,'s-Hertogenbosch
19,5236WS,Rijstveld,'s-Hertogenbosch
14,5242EJ,Felix Timmermanslaan,Rosmalen
3,5241ND,Tivoliweg,Rosmalen
4,5241KX,Trappistenborch,Rosmalen
7,5241XV,Tulpstraat,Rosmalen
10,5221JM,Fientje Brouwersstraat,'s-Hertogenbosch
25,5221JL,Fientje Brouwersstraat,'s-Hertogenbosch
20,5221JE,29 oktoberplein,'s-Hertogenbosch
86,5231WX,Het Klokkediep,'s-Hertogenbosch
15,5246PA,Pastoor Hoekx-singel,Rosmalen
45,5211BJ,Stationsplein,'s-Hertogenbosch
91,5211BM,Stationsplein,'s-Hertogenbosch
147,5211BP,Stationsplein,'s-Hertogenbosch
4,5236WT,Tarweakker,'s-Hertogenbosch
5,5236WK,Veldpad,'s-Hertogenbosch
67,5223DE,Onderwijsboulevard,'s-Hertogenbosch
117,5223DE,Onderwijsboulevard,'s-Hertogenbosch
23,5246VL,Henricus Turkenstraat,Rosmalen
78,5246XN,Tweeberg,Rosmalen
25,5241HB,Den-Uylborch,Rosmalen
51,5246PB,Pastoor Hoekx-singel,Rosmalen
95,5246PD,Pastoor Hoekx-singel,Rosmalen
143,5246PE,Pastoor Hoekx-singel,Rosmalen
195,5246PH,Pastoor Hoekx-singel,Rosmalen
26,5246AM,Christiaan Kannemansstraat,Rosmalen
100,5211XT,Arena,'s-Hertogenbosch
162,5211XT,Arena,'s-Hertogenbosch
36,5223DG,Onderwijsboulevard,'s-Hertogenbosch
179,5223DE,Onderwijsboulevard,'s-Hertogenbosch
4,5241VM,Rodenborchweg,Rosmalen
1,5246JS,Meester Vriensstraat,Rosmalen
39,5241JC,Valkeniersingel,Rosmalen
61,5241JD,Valkeniersingel,Rosmalen
7,5241GL,Wethouder-Van der Valkstraat,Rosmalen
132,5224KR,Kruiskampsingel,'s-Hertogenbosch
157,5224KE,Kruiskampsingel,'s-Hertogenbosch
205,5224KG,Kruiskampsingel,'s-Hertogenbosch
3,5224VZ,Ieperstraat,'s-Hertogenbosch
20,5211NG,In den Boerenmouw,'s-Hertogenbosch
2,5223HT,Jacob Cnodestraat,'s-Hertogenbosch
31,5223HS,Jacob Cnodestraat,'s-Hertogenbosch
11,5233BA,Eerste Haren,'s-Hertogenbosch
49,5233BA,Eerste Haren,'s-Hertogenbosch
98,5233BC,Eerste Haren,'s-Hertogenbosch
30,5235HB,Neercanne,'s-Hertogenbosch
60,5235KV,Lokerenpassage,'s-Hertogenbosch
3,5211TS,De Gruyterpassage,'s-Hertogenbosch
9,5211ND,Zusters van Orthenpoort,'s-Hertogenbosch
35,5233RG,Rompertcentrum,'s-Hertogenbosch
2,5223BS,'s-Gravesandestraat,'s-Hertogenbosch
7,5223BR,'s-Gravesandestraat,'s-Hertogenbosch
12,5223BS,'s-Gravesandestraat,'s-Hertogenbosch
17,5223BR,'s-Gravesandestraat,'s-Hertogenbosch
26,5223BS,'s-Gravesandestraat,'s-Hertogenbosch
36,5223BS,'s-Gravesandestraat,'s-Hertogenbosch
46,5223BS,'s-Gravesandestraat,'s-Hertogenbosch
3,5212XG,Silenenstraat,'s-Hertogenbosch
8,5212XH,Silenenstraat,'s-Hertogenbosch
80,5211SZ,Orthenstraat,'s-Hertogenbosch
92,5211SZ,Orthenstraat,'s-Hertogenbosch
102,5211SZ,Orthenstraat,'s-Hertogenbosch
112,5211SZ,Orthenstraat,'s-Hertogenbosch
38,5211SX,Orthenstraat,'s-Hertogenbosch
122,5211SZ,Orthenstraat,'s-Hertogenbosch
116,5216BT,Pettelaarseweg,'s-Hertogenbosch
24,5247XG,Heintje Davidsstraat,Rosmalen
8,5246HB,Dirck van Deelenstraat,Rosmalen
43,5242JG,St. Brigittastraat,Rosmalen
16,5243RB,Bruggen,Rosmalen
4,5243RM,Bruggensestraat,Rosmalen
1,5242KN,Buskeshoeven,Rosmalen
27,5242KN,Buskeshoeven,Rosmalen
56,5242KT,Buskeshoeven,Rosmalen
133,5242KR,Buskeshoeven,Rosmalen
33,5247WZ,Canadasingel,Rosmalen
20,5243VT,Sint Catharinastraat,Rosmalen
11,5243XA,Cerberusstraat,Rosmalen
42,5243XR,Cerberusstraat,Rosmalen
18,5246EL,Hendrik Chabotstraat,Rosmalen
1,5246EJ,Gerard van Dinterstraat,Rosmalen
27,5246EJ,Gerard van Dinterstraat,Rosmalen
24,5247SE,Dommelborch,Rosmalen
85,5242KM,Eikakkerhoeven,Rosmalen
10,5243RJ,Eikenhof,Rosmalen
7,5242GK,Willem Elsschotstraat,Rosmalen
34,5241NA,Empelseweg,Rosmalen
12,5246BD,De Engstoep,Rosmalen
53,5247SC,Dommelborch,Rosmalen
79,5247SC,Dommelborch,Rosmalen
122,5247SH,Dommelborch,Rosmalen
44,5241ED,Dorpsstraat,Rosmalen
