35,4731MH,Zoutlaan,Oudenbosch
43,4731MH,Zoutlaan,Oudenbosch
6,4731MJ,Zoutlaan,Oudenbosch
8,4731MJ,Zoutlaan,Oudenbosch
28,4731MJ,Zoutlaan,Oudenbosch
42,4731MJ,Zoutlaan,Oudenbosch
44,4731MJ,Zoutlaan,Oudenbosch
48,4731MJ,Zoutlaan,Oudenbosch
52,4731MJ,Zoutlaan,Oudenbosch
82,4731MK,Zoutlaan,Oudenbosch
88,4731MK,Zoutlaan,Oudenbosch
92,4731MK,Zoutlaan,Oudenbosch
85,4731WJ,Watergraaflaan,Oudenbosch
3,4731MA,West Vaardeke,Oudenbosch
7,4731MA,West Vaardeke,Oudenbosch
67,4731MB,West Vaardeke,Oudenbosch
22,4731NW,Wielerbaan,Oudenbosch
19,4731NV,Wielerbaan,Oudenbosch
15,4731NV,Wielerbaan,Oudenbosch
5,4731NV,Wielerbaan,Oudenbosch
8,4731NW,Wielerbaan,Oudenbosch
1,4731BH,Wilgenstraat,Oudenbosch
5,4731BH,Wilgenstraat,Oudenbosch
15,4731BH,Wilgenstraat,Oudenbosch
69,4731BJ,Wilgenstraat,Oudenbosch
71,4731BJ,Wilgenstraat,Oudenbosch
75,4731BJ,Wilgenstraat,Oudenbosch
12,4731BK,Wilgenstraat,Oudenbosch
20,4731BK,Wilgenstraat,Oudenbosch
89,4731BJ,Wilgenstraat,Oudenbosch
117,4731BJ,Wilgenstraat,Oudenbosch
21,4731JR,Wilhelminaplein,Oudenbosch
23,4731JR,Wilhelminaplein,Oudenbosch
12,4731JS,Wilhelminaplein,Oudenbosch
22,4731JS,Wilhelminaplein,Oudenbosch
1,4731TG,Wolvenstraat,Oudenbosch
3,4731TG,Wolvenstraat,Oudenbosch
39,4731NA,Zandeweg,Oudenbosch
6,4731WS,Zeggeveen,Oudenbosch
1,4731SH,Zeggeweg,Oudenbosch
2,4731SH,Zeggeweg,Oudenbosch
5,4731SH,Zeggeweg,Oudenbosch
8,4751RW,Bremswegje,Oud Gastel
2,4751SX,Broekestraatje,Oud Gastel
2,4751JL,Brouwerijstraat,Oud Gastel
13,4751JL,Brouwerijstraat,Oud Gastel
23,4751JL,Brouwerijstraat,Oud Gastel
4,4751CX,Cheltenhamstraat,Oud Gastel
28,4751CX,Cheltenhamstraat,Oud Gastel
15,4751VN,Cuypersbos,Oud Gastel
8,4751VN,Cuypersbos,Oud Gastel
12,4751VN,Cuypersbos,Oud Gastel
5,4751VN,Cuypersbos,Oud Gastel
10,4751HE,Dautzenbergstraat,Oud Gastel
22,4751HE,Dautzenbergstraat,Oud Gastel
24,4751HE,Dautzenbergstraat,Oud Gastel
36,4751HE,Dautzenbergstraat,Oud Gastel
8,4751HC,de Biestraat,Oud Gastel
14,4751HC,de Biestraat,Oud Gastel
18,4751HC,de Biestraat,Oud Gastel
4,4751CP,De Burgemeester,Oud Gastel
6,4751CP,De Burgemeester,Oud Gastel
1,4751GX,de Potterestraat,Oud Gastel
11,4751HW,Doelen,Oud Gastel
11,4751AH,Dorpsstraat,Oud Gastel
59,4751AJ,Dorpsstraat,Oud Gastel
63,4751AJ,Dorpsstraat,Oud Gastel
95,4751AK,Dorpsstraat,Oud Gastel
6,4751AL,Dorpsstraat,Oud Gastel
38,4751AL,Dorpsstraat,Oud Gastel
50,4751AM,Dorpsstraat,Oud Gastel
54,4751AM,Dorpsstraat,Oud Gastel
17,4751XC,Argon,Oud Gastel
1,4751VH,Barteweg,Oud Gastel
4,4751VH,Barteweg,Oud Gastel
3,4751KR,Basilicum,Oud Gastel
4,4751KR,Basilicum,Oud Gastel
25,4751BT,Beatrixstraat,Oud Gastel
29,4751BT,Beatrixstraat,Oud Gastel
4,4751BV,Beatrixstraat,Oud Gastel
25,4751EA,Beemd,Oud Gastel
31,4751EA,Beemd,Oud Gastel
2,4751EB,Beemd,Oud Gastel
1,4751BM,Bernhardstraat,Oud Gastel
5,4751BM,Bernhardstraat,Oud Gastel
13,4751BM,Bernhardstraat,Oud Gastel
21,4751BM,Bernhardstraat,Oud Gastel
22,4751BP,Bernhardstraat,Oud Gastel
59,4751BN,Bernhardstraat,Oud Gastel
34,4751JA,Beukenlaan,Oud Gastel
56,4751JB,Beukenlaan,Oud Gastel
62,4751JB,Beukenlaan,Oud Gastel
70,4751JB,Beukenlaan,Oud Gastel
72,4751JB,Beukenlaan,Oud Gastel
84,4751JB,Beukenlaan,Oud Gastel
1,4751JC,Beukenlaan,Oud Gastel
21,4751JC,Beukenlaan,Oud Gastel
23,4751JC,Beukenlaan,Oud Gastel
35,4751JC,Beukenlaan,Oud Gastel
91,4751JD,Beukenlaan,Oud Gastel
5,4751EX,Borcht,Oud Gastel
1,4751RW,Bremswegje,Oud Gastel
22,4751EW,Hagelkruis,Oud Gastel
4,4751BW,Hendrikstraat,Oud Gastel
12,4751BW,Hendrikstraat,Oud Gastel
3,4751EM,Het Gors,Oud Gastel
1,4751JK,Het Hof,Oud Gastel
11,4751JK,Het Hof,Oud Gastel
23,4751JK,Het Hof,Oud Gastel
26,4751JK,Het Hof,Oud Gastel
36,4751JK,Het Hof,Oud Gastel
48,4751JK,Het Hof,Oud Gastel
58,4751JK,Het Hof,Oud Gastel
28,4751GJ,Het Laag,Oud Gastel
4,4751AX,Johan Frisostraat,Oud Gastel
6,4751AX,Johan Frisostraat,Oud Gastel
3,4751KD,Kamille,Oud Gastel
23,4751BR,Karolinastraat,Oud Gastel
35,4751BR,Karolinastraat,Oud Gastel
4,4751BS,Karolinastraat,Oud Gastel
44,4751BS,Karolinastraat,Oud Gastel
26,4751JE,Kastanjelaan,Oud Gastel
30,4751JE,Kastanjelaan,Oud Gastel
13,4751HL,Kerkstraat,Oud Gastel
21,4751HL,Kerkstraat,Oud Gastel
27,4751HL,Kerkstraat,Oud Gastel
33,4751HL,Kerkstraat,Oud Gastel
35,4751HL,Kerkstraat,Oud Gastel
12,4751HN,Kerkstraat,Oud Gastel
34,4751HN,Kerkstraat,Oud Gastel
38,4751HN,Kerkstraat,Oud Gastel
52,4751HP,Kerkstraat,Oud Gastel
34,4751GJ,Het Laag,Oud Gastel
11,4751CT,Hil,Oud Gastel
35,4751BH,Irenestraat,Oud Gastel
22,4751BJ,Irenestraat,Oud Gastel
32,4751BJ,Irenestraat,Oud Gastel
2,4751AX,Johan Frisostraat,Oud Gastel
3,4751SJ,Drie Weikes,Oud Gastel
8,4751SJ,Drie Weikes,Oud Gastel
7,4751RE,Drossaertstraat,Oud Gastel
9,4751RE,Drossaertstraat,Oud Gastel
6,4751WG,Dulderstraat,Oud Gastel
15,4751JP,Elzenpad,Oud Gastel
11,4751BX,Emmastraat,Oud Gastel
13,4751BX,Emmastraat,Oud Gastel
29,4751BX,Emmastraat,Oud Gastel
20,4751BZ,Emmastraat,Oud Gastel
4,4751VE,Gastelsedijk Zuid,Oud Gastel
12,4751VG,Gastelsedijk Zuid,Oud Gastel
11,4751VG,Gastelsedijk Zuid,Oud Gastel
23,4751KP,Gember,Oud Gastel
5,4751EV,Hagelkruis,Oud Gastel
11,4751EV,Hagelkruis,Oud Gastel
13,4751EV,Hagelkruis,Oud Gastel
17,4751EV,Hagelkruis,Oud Gastel
22,4751BD,Margrietstraat,Oud Gastel
6,4751BG,Marijkestraat,Oud Gastel
5,4751HR,Markt,Oud Gastel
6,4751JT,Meidoornlaan,Oud Gastel
14,4751JT,Meidoornlaan,Oud Gastel
11,4751JR,Meireweikes,Oud Gastel
27,4751JR,Meireweikes,Oud Gastel
41,4751JR,Meireweikes,Oud Gastel
2,4751JS,Meireweikes,Oud Gastel
6,4751JS,Meireweikes,Oud Gastel
36,4751JS,Meireweikes,Oud Gastel
1,4751AB,Meirstraat,Oud Gastel
13,4751AB,Meirstraat,Oud Gastel
45,4751AC,Meirstraat,Oud Gastel
26,4751AD,Meirstraat,Oud Gastel
30,4751AE,Meirstraat,Oud Gastel
46,4751AE,Meirstraat,Oud Gastel
48,4751AE,Meirstraat,Oud Gastel
1,4751EJ,Mgr. Scheppersstraat,Oud Gastel
7,4751EJ,Mgr. Scheppersstraat,Oud Gastel
10,4751PW,Middenstraat,Oud Gastel
12,4751PW,Middenstraat,Oud Gastel
14,4751PW,Middenstraat,Oud Gastel
11,4751PX,Middenstraat,Oud Gastel
2,4751GP,Moleneind,Oud Gastel
25,4751CA,Koelestraat,Oud Gastel
27,4751CA,Koelestraat,Oud Gastel
40,4751CC,Koelestraat,Oud Gastel
46,4751CC,Koelestraat,Oud Gastel
56,4751CC,Koelestraat,Oud Gastel
58,4751CC,Koelestraat,Oud Gastel
60,4751CC,Koelestraat,Oud Gastel
1,4751GC,Koeneberg,Oud Gastel
13,4751GC,Koeneberg,Oud Gastel
6,4751GD,Koeneberg,Oud Gastel
5,4751HH,Kol. den Oudenstraat,Oud Gastel
12,4751HJ,Kol. den Oudenstraat,Oud Gastel
2,4751AW,Koopmansstraat,Oud Gastel
2,4751KT,Koriander,Oud Gastel
7,4751EP,Kraan,Oud Gastel
17,4751EP,Kraan,Oud Gastel
5,4751RN,Kralen,Oud Gastel
26,4751SZ,Kralen,Oud Gastel
28,4751KA,Kruidenlaan,Oud Gastel
7,4751KW,Kruizemunt,Oud Gastel
17,4751KW,Kruizemunt,Oud Gastel
23,4751KW,Kruizemunt,Oud Gastel
21,4751SM,Kuivezand,Oud Gastel
2,4751SN,Kuivezand,Oud Gastel
18,4751SN,Kuivezand,Oud Gastel
13,4751RX,Lagestraat,Oud Gastel
3,4751RX,Lagestraat,Oud Gastel
17,4751TC,Langenbergsestraat,Oud Gastel
3,4751KG,Laurier,Oud Gastel
19,4751KG,Laurier,Oud Gastel
33,4751KG,Laurier,Oud Gastel
35,4751KG,Laurier,Oud Gastel
37,4751KG,Laurier,Oud Gastel
51,4751KG,Laurier,Oud Gastel
23,4751BC,Margrietstraat,Oud Gastel
40,4751GT,Oude Steenstraat,Oud Gastel
44,4751GT,Oude Steenstraat,Oud Gastel
1,4751GT,Oude Steenstraat,Oud Gastel
1,4751SK,Oudenbosscheweg,Oud Gastel
9,4751CJ,Oudendijk,Oud Gastel
11,4751CJ,Oudendijk,Oud Gastel
14,4751CK,Oudendijk,Oud Gastel
30,4751CL,Oudendijk,Oud Gastel
25,4751WJ,Oudendijk,Oud Gastel
55,4751WK,Oudendijk,Oud Gastel
38,4751WL,Oudendijk,Oud Gastel
50,4751WL,Oudendijk,Oud Gastel
7,4751CJ,Oudendijk,Oud Gastel
19,4751CW,Parkstraat,Oud Gastel
31,4751RS,Pietseweg,Oud Gastel
33,4751RS,Pietseweg,Oud Gastel
35,4751RS,Pietseweg,Oud Gastel
5,4751RT,Pietseweg,Oud Gastel
5,4751AN,Rijpersweg,Oud Gastel
7,4751AN,Rijpersweg,Oud Gastel
57,4751AR,Rijpersweg,Oud Gastel
59,4751AR,Rijpersweg,Oud Gastel
65,4751AR,Rijpersweg,Oud Gastel
73,4751AR,Rijpersweg,Oud Gastel
77,4751AR,Rijpersweg,Oud Gastel
10,4751AS,Rijpersweg,Oud Gastel
50,4751AT,Rijpersweg,Oud Gastel
82,4751AV,Rijpersweg,Oud Gastel
86,4751AV,Rijpersweg,Oud Gastel
94,4751AV,Rijpersweg,Oud Gastel
96,4751AV,Rijpersweg,Oud Gastel
71,4751AR,Rijpersweg,Oud Gastel
1,4751VA,Rolleweg,Oud Gastel
3,4751VA,Rolleweg,Oud Gastel
9,4751VA,Rolleweg,Oud Gastel
33,4751VA,Rolleweg,Oud Gastel
20,4751VB,Rolleweg,Oud Gastel
22,4751VB,Rolleweg,Oud Gastel
50,4751VB,Rolleweg,Oud Gastel
1,4751RA,Roosendaalsebaan,Oud Gastel
19,4751RA,Roosendaalsebaan,Oud Gastel
37,4751RA,Roosendaalsebaan,Oud Gastel
8,4751RH,Neerstraat,Oud Gastel
5,4751XA,Neon,Oud Gastel
6,4751TG,Nieuwe Weg,Oud Gastel
6,4751TM,Noordhoeksestraat,Oud Gastel
8,4751TM,Noordhoeksestraat,Oud Gastel
1,4751AA,Ommegangstraatje,Oud Gastel
5,4751TE,Opperstraat,Oud Gastel
6,4751TE,Opperstraat,Oud Gastel
17,4751TE,Opperstraat,Oud Gastel
5,4751BK,Oranje Nassaustraat,Oud Gastel
9,4751BK,Oranje Nassaustraat,Oud Gastel
13,4751BK,Oranje Nassaustraat,Oud Gastel
19,4751BK,Oranje Nassaustraat,Oud Gastel
27,4751BK,Oranje Nassaustraat,Oud Gastel
1,4751CE,Oranjehof,Oud Gastel
9,4751CE,Oranjehof,Oud Gastel
2,4751TN,Oude Roosendaalsebaan,Oud Gastel
8,4751TN,Oude Roosendaalsebaan,Oud Gastel
10,4751TN,Oude Roosendaalsebaan,Oud Gastel
9,4751TP,Oude Roosendaalsebaan,Oud Gastel
4,4751GT,Oude Steenstraat,Oud Gastel
14,4751GT,Oude Steenstraat,Oud Gastel
7,4751GV,Van Mattenburgstraat,Oud Gastel
97,4751CR,Veerkensweg,Oud Gastel
115,4751CR,Veerkensweg,Oud Gastel
125,4751CR,Veerkensweg,Oud Gastel
26,4751CS,Veerkensweg,Oud Gastel
4,4751RP,Vierschaarstraat,Oud Gastel
7,4751RP,Vierschaarstraat,Oud Gastel
26,4751RP,Vierschaarstraat,Oud Gastel
25,4751RR,Vierschaarstraat,Oud Gastel
30,4751RR,Vierschaarstraat,Oud Gastel
4,4751BE,Vorstinnenhof,Oud Gastel
6,4751BE,Vorstinnenhof,Oud Gastel
12,4751BE,Vorstinnenhof,Oud Gastel
2,4751VK,Watermolen,Oud Gastel
16,4751VK,Watermolen,Oud Gastel
20,4751VK,Watermolen,Oud Gastel
35,4751VK,Watermolen,Oud Gastel
7,4751VK,Watermolen,Oud Gastel
11,4751VK,Watermolen,Oud Gastel
1,4751KX,Weegbree,Oud Gastel
24,4751RB,Roosendaalsebaan,Oud Gastel
62,4751RC,Roosendaalsebaan,Oud Gastel
86,4751TW,Roosendaalsebaan,Oud Gastel
5,4751KN,Rozemarijnlaan,Oud Gastel
11,4751KN,Rozemarijnlaan,Oud Gastel
2,4751CN,Schoolstraat,Oud Gastel
4,4751CN,Schoolstraat,Oud Gastel
11,4751SC,St. Antoinedijk,Oud Gastel
34,4751SE,St. Antoinedijk,Oud Gastel
1,4751TP,St. Maartenstraat,Oud Gastel
7,4751SR,Standdaarbuitenswegje,Oud Gastel
1,4751VJ,Standerdmolen,Oud Gastel
8,4751VJ,Standerdmolen,Oud Gastel
16,4751GS,Steenstraat,Oud Gastel
10,4751JH,Sterrebos,Oud Gastel
15,4751JH,Sterrebos,Oud Gastel
27,4751WB,Stoofstraat,Oud Gastel
33,4751WB,Stoofstraat,Oud Gastel
39,4751WB,Stoofstraat,Oud Gastel
61,4751WC,Stoofstraat,Oud Gastel
73,4751WC,Stoofstraat,Oud Gastel
44,4751WE,Stoofstraat,Oud Gastel
6,4751SV,Strijpdreef,Oud Gastel
8,4751CV,'t Sluiske,Oud Gastel
12,4751CV,'t Sluiske,Oud Gastel
16,4751CV,'t Sluiske,Oud Gastel
20,4751CV,'t Sluiske,Oud Gastel
26,4751CV,'t Sluiske,Oud Gastel
1,4751KH,Tijm,Oud Gastel
3,4751KH,Tijm,Oud Gastel
3,4751GA,Tobe,Oud Gastel
13,4751GA,Tobe,Oud Gastel
4,4751GB,Tobe,Oud Gastel
8,4751GB,Tobe,Oud Gastel
14,4751GB,Tobe,Oud Gastel
18,4751GB,Tobe,Oud Gastel
20,4751GB,Tobe,Oud Gastel
13,4751ES,Topaard,Oud Gastel
4,4751ET,Topaard,Oud Gastel
20,4741GB,Achterste Monnikenland,Hoeven
34,4741GB,Achterste Monnikenland,Hoeven
13,4741BC,Akkerlingen,Hoeven
64,4741BE,Akkerlingen,Hoeven
110,4741BH,Akkerlingen,Hoeven
1,4741CV,Arnoutlaan,Hoeven
4,4741CX,Arnoutlaan,Hoeven
12,4741CX,Arnoutlaan,Hoeven
13,4741CV,Arnoutlaan,Hoeven
45,4741CW,Arnoutlaan,Hoeven
47,4741CW,Arnoutlaan,Hoeven
10,4741EV,Azalealaan,Hoeven
223,4741RV,Bosschendijk,Hoeven
225,4741RV,Bosschendijk,Hoeven
227,4741RV,Bosschendijk,Hoeven
49,4741EE,Bovendonksestraat,Hoeven
50,4741EJ,Bovendonksestraat,Hoeven
53,4741EE,Bovendonksestraat,Hoeven
83,4741EE,Bovendonksestraat,Hoeven
105,4741EG,Bovendonksestraat,Hoeven
107,4741EG,Bovendonksestraat,Hoeven
111,4741EG,Bovendonksestraat,Hoeven
129,4741EH,Bovendonksestraat,Hoeven
3,4741AS,Bovenstraat,Hoeven
6,4741AV,Bovenstraat,Hoeven
19,4741AS,Bovenstraat,Hoeven
22,4741AV,Bovenstraat,Hoeven
48,4741AW,Bovenstraat,Hoeven
51,4741TP,Bovenstraat,Hoeven
60,4741AW,Bovenstraat,Hoeven
62,4741TP,Bovenstraat,Hoeven
70,4741TP,Bovenstraat,Hoeven
1,4741EW,Boutersempark,Hoeven
5,4741EW,Boutersempark,Hoeven
8,4741EW,Boutersempark,Hoeven
12,4741EW,Boutersempark,Hoeven
43,4741EW,Boutersempark,Hoeven
23,4741ED,Bovendonksestraat,Hoeven
29,4741ED,Bovendonksestraat,Hoeven
38,4741EJ,Bovendonksestraat,Hoeven
41,4741ED,Bovendonksestraat,Hoeven
9,4751KX,Weegbree,Oud Gastel
8,4751KX,Weegbree,Oud Gastel
9,4751HG,Weth. Verholenstraat,Oud Gastel
14,4751CH,Wilhelminastraat,Oud Gastel
16,4751CH,Wilhelminastraat,Oud Gastel
18,4751CH,Wilhelminastraat,Oud Gastel
32,4751CH,Wilhelminastraat,Oud Gastel
9,4751BA,Willem Alexanderstraat,Oud Gastel
17,4751BA,Willem Alexanderstraat,Oud Gastel
4,4751BB,Willem Alexanderstraat,Oud Gastel
24,4751BB,Willem Alexanderstraat,Oud Gastel
28,4751BB,Willem Alexanderstraat,Oud Gastel
13,4751VM,Windmolen,Oud Gastel
15,4751VM,Windmolen,Oud Gastel
7,4751VM,Windmolen,Oud Gastel
8,4751VL,Zaagmolen,Oud Gastel
9,4751VL,Zaagmolen,Oud Gastel
2,4751VL,Zaagmolen,Oud Gastel
1,4751TL,Zegse Steenweg,Oud Gastel
5,4741BN,Abdijstraat,Hoeven
7,4741BN,Abdijstraat,Hoeven
8,4741BN,Abdijstraat,Hoeven
11,4741BN,Abdijstraat,Hoeven
3,4741TM,Achter 't Hof,Hoeven
8,4741TN,Achter 't Hof,Hoeven
13,4741TM,Achter 't Hof,Hoeven
22,4741TN,Achter 't Hof,Hoeven
36,4741GB,Achterste Monnikenland,Hoeven
4,4741GB,Achterste Monnikenland,Hoeven
15,4741GB,Achterste Monnikenland,Hoeven
19,4741GB,Achterste Monnikenland,Hoeven
29,4741GB,Achterste Monnikenland,Hoeven
32,4741RC,Sprangweg,Hoeven
6,4751RW,Bremswegje,Oud Gastel
4,4751HZ,Korte Dreef,Oud Gastel
9,4751AW,Koopmansstraat,Oud Gastel
36,4744AL,Margrietstraat,Bosschenhoofd
4,4744AV,Marijkestraat,Bosschenhoofd
53,4744AT,Marijkestraat,Bosschenhoofd
23,4744AS,Marijkestraat,Bosschenhoofd
39,4744AT,Marijkestraat,Bosschenhoofd
28,4744AV,Marijkestraat,Bosschenhoofd
27,4744AS,Marijkestraat,Bosschenhoofd
17,4744BR,Mauritsstraat,Bosschenhoofd
18,4744BP,Mauritsstraat,Bosschenhoofd
22,4744BP,Mauritsstraat,Bosschenhoofd
37,4744BR,Mauritsstraat,Bosschenhoofd
48,4741TD,Gors,Hoeven
63,4741TB,Gors,Hoeven
107,4741TC,Gors,Hoeven
121,4741TC,Gors,Hoeven
38,4741DA,President Hopstakenlaan,Hoeven
40,4741DA,President Hopstakenlaan,Hoeven
60,4741DA,President Hopstakenlaan,Hoeven
67,4741DW,President Hopstakenlaan,Hoeven
80,4741DA,President Hopstakenlaan,Hoeven
83,4741DW,President Hopstakenlaan,Hoeven
102,4741DA,President Hopstakenlaan,Hoeven
104,4741DA,President Hopstakenlaan,Hoeven
1,4744AZ,Nassaupark,Bosschenhoofd
20,4744AZ,Nassaupark,Bosschenhoofd
97,4744RG,Oude Antwerpsepostbaan,Bosschenhoofd
106,4744RG,Oude Antwerpsepostbaan,Bosschenhoofd
93,4744RG,Oude Antwerpsepostbaan,Bosschenhoofd
11,4744GC,Patershof,Bosschenhoofd
58,4741RT,St. Bernardusstraat,Hoeven
9,4751AH,Dorpsstraat,Oud Gastel
37,4741EM,Ericalaan,Hoeven
42,4741EK,Ericalaan,Hoeven
46,4741EK,Ericalaan,Hoeven
56,4741EL,Ericalaan,Hoeven
74,4741EL,Ericalaan,Hoeven
1,4741CS,Gaverenhoek,Hoeven
2,4741CS,Gaverenhoek,Hoeven
16,4741CS,Gaverenhoek,Hoeven
20,4741CS,Gaverenhoek,Hoeven
24,4741TD,Gors,Hoeven
1,4741DG,President Van Rijenlaan,Hoeven
8,4741DD,President Van Rijenlaan,Hoeven
10,4741DD,President Van Rijenlaan,Hoeven
18,4741DD,President Van Rijenlaan,Hoeven
26,4741DD,President Van Rijenlaan,Hoeven
36,4741DD,President Van Rijenlaan,Hoeven
39,4741DG,President Van Rijenlaan,Hoeven
47,4741DG,President Van Rijenlaan,Hoeven
62,4741DE,President Van Rijenlaan,Hoeven
66,4741DE,President Van Rijenlaan,Hoeven
6,4744GC,Patershof,Bosschenhoofd
9,4744GC,Patershof,Bosschenhoofd
24,4744SM,Roosendaalsebaan,Bosschenhoofd
4,4744BV,Seppedreef,Bosschenhoofd
22,4744BD,St. Gerardushof,Bosschenhoofd
3,4744BC,St. Gerardushof,Bosschenhoofd
42,4744BE,St. Gerardushof,Bosschenhoofd
8,4751VK,Watermolen,Oud Gastel
4,4751CJ,Oudendijk,Oud Gastel
4,4751CK,Oudendijk,Oud Gastel
1,4741SN,Goudbloemsedijk,Hoeven
7,4741SN,Goudbloemsedijk,Hoeven
9,4741SN,Goudbloemsedijk,Hoeven
89,4741DG,President Van Rijenlaan,Hoeven
7,4741AN,Raadhuisplein,Hoeven
12,4741AM,Raadhuisplein,Hoeven
23,4741AN,Raadhuisplein,Hoeven
2,4741AM,Raadhuisplein,Hoeven
32,4744BD,St. Gerardushof,Bosschenhoofd
2,4744RJ,Uilenspiegelstraat,Bosschenhoofd
25,4744RH,Uilenspiegelstraat,Bosschenhoofd
21,4744RH,Uilenspiegelstraat,Bosschenhoofd
12,4744RK,Uilenspiegelweg,Bosschenhoofd
16,4744BH,Wilhelminastraat,Bosschenhoofd
12,4744BH,Wilhelminastraat,Bosschenhoofd
6,4744BH,Wilhelminastraat,Bosschenhoofd
8,4741SH,Haspelstraat,Hoeven
15,4741SH,Haspelstraat,Hoeven
25,4741EA,Rasopark,Hoeven
31,4741EB,Rasopark,Hoeven
43,4741EB,Rasopark,Hoeven
45,4741EB,Rasopark,Hoeven
53,4741EB,Rasopark,Hoeven
59,4741EB,Rasopark,Hoeven
61,4741EB,Rasopark,Hoeven
5,4741BP,Rentmeesterstraat,Hoeven
10,4741BR,Rentmeesterstraat,Hoeven
43,4744BM,Willeke Joostenstraat,Bosschenhoofd
29,4744BM,Willeke Joostenstraat,Bosschenhoofd
1,4744BS,Willem Alexanderstraat,Bosschenhoofd
23,4744BS,Willem Alexanderstraat,Bosschenhoofd
6,4744RL,Zandstraat,Bosschenhoofd
3,4754BN,Beetwortelstraat,Stampersgat
7,4754AA,Brugstraat,Stampersgat
43,4754BB,Dennis Leestraat,Stampersgat
6,4741AH,Hofpark,Hoeven
26,4741AH,Hofpark,Hoeven
44,4741AJ,Hofpark,Hoeven
8,4741AK,Hofstraat,Hoeven
11,4741AK,Hofstraat,Hoeven
1,4741CC,Jasmijnstraat,Hoeven
7,4741CC,Jasmijnstraat,Hoeven
15,4741CC,Jasmijnstraat,Hoeven
1,4741DX,Rietmade,Hoeven
28,4741TV,Roosendaalseweg,Hoeven
17,4741BJ,Scheldelaan,Hoeven
18,4741BK,Scheldelaan,Hoeven
20,4741BK,Scheldelaan,Hoeven
21,4741BJ,Scheldelaan,Hoeven
23,4741BJ,Scheldelaan,Hoeven
35,4741BJ,Scheldelaan,Hoeven
20,4754BD,Dennis Leestraat,Stampersgat
8,4754BD,Dennis Leestraat,Stampersgat
10,4754BD,Dennis Leestraat,Stampersgat
24,4754BD,Dennis Leestraat,Stampersgat
99,4754BC,Dennis Leestraat,Stampersgat
59,4754BB,Dennis Leestraat,Stampersgat
73,4754BC,Dennis Leestraat,Stampersgat
79,4754BC,Dennis Leestraat,Stampersgat
9,4754AD,Fabrieksstraat,Stampersgat
59,4731HN,Markt,Oudenbosch
63,4751AR,Rijpersweg,Oud Gastel
1,4751TJ,Spijperstraat,Oud Gastel
20,4731KP,Thorbeckestraat,Oudenbosch
24,4731KP,Thorbeckestraat,Oudenbosch
9,4741TR,Hermansstraat,Hoeven
10,4741TR,Hermansstraat,Hoeven
13,4741TR,Hermansstraat,Hoeven
26,4741AD,Hertenlaan,Hoeven
32,4741AD,Hertenlaan,Hoeven
10,4741EP,Hertog Janlaan,Hoeven
12,4741EP,Hertog Janlaan,Hoeven
16,4741EP,Hertog Janlaan,Hoeven
20,4741EP,Hertog Janlaan,Hoeven
31,4741RB,Heul,Hoeven
63,4741RB,Heul,Hoeven
14,4741DL,Seminarielaan,Hoeven
5,4741SC,Slikstraat,Hoeven
4,4741BB,Sportstraat,Hoeven
8,4741BB,Sportstraat,Hoeven
10,4741BB,Sportstraat,Hoeven
5,4754AS,Gastelsedijk West,Stampersgat
35,4754RA,Gastelsedijk West,Stampersgat
39,4754RA,Gastelsedijk West,Stampersgat
56,4754AV,Gastelsedijk West,Stampersgat
10,4754AT,Gastelsedijk West,Stampersgat
150,4754RD,Gastelsedijk West,Stampersgat
158,4754RD,Gastelsedijk West,Stampersgat
82,4754RB,Gastelsedijk West,Stampersgat
54,4741TL,Oude Antwerpsepostbaan,Hoeven
76,4741TL,Oude Antwerpsepostbaan,Hoeven
13,4741SM,Oude Bredasepostbaan,Hoeven
8,4731HT,St Annastraat,Oudenbosch
5,4741ES,Johannapark,Hoeven
7,4741ES,Johannapark,Hoeven
11,4741ES,Johannapark,Hoeven
24,4741ES,Johannapark,Hoeven
12,4741BW,Julianastraat,Hoeven
18,4741BW,Julianastraat,Hoeven
34,4741BW,Julianastraat,Hoeven
37,4741BS,Julianastraat,Hoeven
38,4741BW,Julianastraat,Hoeven
11,4741BB,Sportstraat,Hoeven
12,4741BB,Sportstraat,Hoeven
41,4741RD,Sprangweg,Hoeven
50,4741RC,Sprangweg,Hoeven
33,4741RD,Sprangweg,Hoeven
26,4741RC,Sprangweg,Hoeven
28,4741RC,Sprangweg,Hoeven
11,4741RP,St. Bernardusstraat,Hoeven
15,4741RP,St. Bernardusstraat,Hoeven
6,4754BE,Havenstraat,Stampersgat
11,4754AB,J.F. Vlekkeplein,Stampersgat
8,4754AC,J.F. Vlekkeplein,Stampersgat
3,4754BH,Kristalsingel,Stampersgat
26,4754BG,Kristalsingel,Stampersgat
28,4754BG,Kristalsingel,Stampersgat
20,4754BG,Kristalsingel,Stampersgat
12,4754BG,Kristalsingel,Stampersgat
59,4744AB,Pastoor van Breugelstraat,Bosschenhoofd
67,4744AB,Pastoor van Breugelstraat,Bosschenhoofd
58,4744AD,Pastoor van Breugelstraat,Bosschenhoofd
74,4744AE,Pastoor van Breugelstraat,Bosschenhoofd
44,4744AD,Pastoor van Breugelstraat,Bosschenhoofd
81,4744AC,Pastoor van Breugelstraat,Bosschenhoofd
83,4744AC,Pastoor van Breugelstraat,Bosschenhoofd
76,4744AE,Pastoor van Breugelstraat,Bosschenhoofd
7,4744RA,Pastoor van Breugelstraat,Bosschenhoofd
53,4744AB,Pastoor van Breugelstraat,Bosschenhoofd
18,4744RB,Pastoor van Breugelstraat,Bosschenhoofd
50,4741BX,Julianastraat,Hoeven
55,4741BT,Julianastraat,Hoeven
71,4741BV,Julianastraat,Hoeven
78,4741BX,Julianastraat,Hoeven
20,4741SB,Kapelstraat,Hoeven
21,4741SB,Kapelstraat,Hoeven
2,4741AX,Kloosterstraat,Hoeven
4,4741AX,Kloosterstraat,Hoeven
2,4741EX,Korenbloemlaan,Hoeven
14,4741EX,Korenbloemlaan,Hoeven
16,4741EX,Korenbloemlaan,Hoeven
46,4741RT,St. Bernardusstraat,Hoeven
52,4741RT,St. Bernardusstraat,Hoeven
79,4741AN,St. Janstraat,Hoeven
8,4741AP,St. Janstraat,Hoeven
50,4741AR,St. Janstraat,Hoeven
34,4754AN,L.P. van Mallandstraat,Stampersgat
36,4754AN,L.P. van Mallandstraat,Stampersgat
40,4754AP,L.P. van Mallandstraat,Stampersgat
12,4754AN,L.P. van Mallandstraat,Stampersgat
54,4754AP,L.P. van Mallandstraat,Stampersgat
13,4754AL,L.P. van Mallandstraat,Stampersgat
2,4754AN,L.P. van Mallandstraat,Stampersgat
82,4731AE,Pagnevaartweg,Oudenbosch
18,4741PA,Korte Bunder,Hoeven
16,4741PA,Korte Bunder,Hoeven
24,4741PA,Korte Bunder,Hoeven
3,4741JB,Krokus,Hoeven
7,4741JB,Krokus,Hoeven
7,4741CZ,Lekebroedersstraat,Hoeven
4,4741CZ,Lekebroedersstraat,Hoeven
4,4741CP,Leuvenhoek,Hoeven
6,4741CP,Leuvenhoek,Hoeven
16,4741CP,Leuvenhoek,Hoeven
7,4741EZ,Madelieflaan,Hoeven
87,4741AN,St. Janstraat,Hoeven
33,4741AM,St. Janstraat,Hoeven
41,4741AM,St. Janstraat,Hoeven
5,4741SX,Torendreef,Hoeven
9,4741SX,Torendreef,Hoeven
6,4741AN,Tuin van Gerlagh,Hoeven
7,4741AR,Tuin van Gerlagh,Hoeven
12,4741AN,Tuin van Gerlagh,Hoeven
32,4741AN,Tuin van Gerlagh,Hoeven
3,4754AR,Markiezaatstraat,Stampersgat
4,4754AR,Markiezaatstraat,Stampersgat
5,4754BK,Meekrapstraat,Stampersgat
17,4754BK,Meekrapstraat,Stampersgat
25,4754BK,Meekrapstraat,Stampersgat
8,4754BJ,Meekrapstraat,Stampersgat
1,4754BK,Meekrapstraat,Stampersgat
16,4754BJ,Meekrapstraat,Stampersgat
24,4754BJ,Meekrapstraat,Stampersgat
3,4754BR,Melassestraat,Stampersgat
5,4754BR,Melassestraat,Stampersgat
33,4754BM,Mgr Dellepoortstraat,Stampersgat
39,4754BM,Mgr Dellepoortstraat,Stampersgat
7,4731GR,De Baarlebossche,Oudenbosch
23,4731JX,Prof van Ginnekenstraat,Oudenbosch
23,4744SB,Oude Bredasepostbaan,Hoeven
23,4741SM,Oude Bredasepostbaan,Hoeven
9,4741EZ,Madelieflaan,Hoeven
10,4741CD,Mahoniastraat,Hoeven
1,4741CK,Meidoornlaan,Hoeven
5,4741CK,Meidoornlaan,Hoeven
9,4741CK,Meidoornlaan,Hoeven
14,4741CM,Meidoornlaan,Hoeven
45,4741CK,Meidoornlaan,Hoeven
47,4741CK,Meidoornlaan,Hoeven
19,4741DT,Merckensblok,Hoeven
4,4741AB,Mgr. Nelislaan,Hoeven
2,4741BA,Turnstraat,Hoeven
18,4741BA,Turnstraat,Hoeven
20,4741BA,Turnstraat,Hoeven
19,4741CA,Venkelweg,Hoeven
29,4741CA,Venkelweg,Hoeven
4,4741DZ,Voorste Monnikenland,Hoeven
10,4741DZ,Voorste Monnikenland,Hoeven
7,4754BM,Mgr Dellepoortstraat,Stampersgat
11,4754BM,Mgr Dellepoortstraat,Stampersgat
19,4754BM,Mgr Dellepoortstraat,Stampersgat
30,4754AJ,Noordzeedijk,Stampersgat
38,4754AJ,Noordzeedijk,Stampersgat
78,4754AK,Noordzeedijk,Stampersgat
25,4754AE,Noordzeedijk,Stampersgat
41,4754AG,Noordzeedijk,Stampersgat
21,4744RA,Pastoor van Breugelstraat,Bosschenhoofd
22,4744RB,Pastoor van Breugelstraat,Bosschenhoofd
31,4744AA,Pastoor van Breugelstraat,Bosschenhoofd
26,4744RB,Pastoor van Breugelstraat,Bosschenhoofd
152,4744AH,Pastoor van Breugelstraat,Bosschenhoofd
95,4744RC,Pastoor van Breugelstraat,Bosschenhoofd
136,4744AG,Pastoor van Breugelstraat,Bosschenhoofd
3,4741DH,Mgr. Van Dongenlaan,Hoeven
36,4741DH,Mgr. Van Dongenlaan,Hoeven
10,4741DJ,Mgr. Van Hooydonklaan,Hoeven
11,4741DJ,Mgr. Van Hooydonklaan,Hoeven
21,4741DJ,Mgr. Van Hooydonklaan,Hoeven
4,4741RZ,Molendwarsweg,Hoeven
3,4741RG,Moleneindsestraat,Hoeven
10,4741RJ,Moleneindsestraat,Hoeven
21,4741RG,Moleneindsestraat,Hoeven
22,4741DZ,Voorste Monnikenland,Hoeven
3,4741CR,Weigeliastraat,Hoeven
7,4741CR,Weigeliastraat,Hoeven
10,4741CR,Weigeliastraat,Hoeven
13,4741CR,Weigeliastraat,Hoeven
5,4741ET,Wezemaal,Hoeven
5,4744AR,Anjerstraat,Bosschenhoofd
4,4744AR,Anjerstraat,Bosschenhoofd
12,4744AR,Anjerstraat,Bosschenhoofd
71,4754AH,Noordzeedijk,Stampersgat
51,4754AG,Noordzeedijk,Stampersgat
57,4754AG,Noordzeedijk,Stampersgat
49,4754AG,Noordzeedijk,Stampersgat
4,4754RJ,Parallelweg Noord,Stampersgat
9,4754BS,Suikersingel,Stampersgat
94,4741SK,Bovenstraat,Hoeven
96,4741SK,Bovenstraat,Hoeven
44,4741AV,Bovenstraat-Erf,Hoeven
32,4741AT,Bovenstraat-Erf,Hoeven
18,4741AT,Bovenstraat-Erf,Hoeven
14,4741AT,Bovenstraat-Erf,Hoeven
16,4741AT,Bovenstraat-Erf,Hoeven
42,4741AV,Bovenstraat-Erf,Hoeven
48,4741AV,Bovenstraat-Erf,Hoeven
39,4741RH,Moleneindsestraat,Hoeven
7,4741SE,Mommersstraat,Hoeven
37,4744BA,Beatrixstraat,Bosschenhoofd
35,4744BA,Beatrixstraat,Bosschenhoofd
30,4744BB,Beatrixstraat,Bosschenhoofd
27,4744BA,Beatrixstraat,Bosschenhoofd
24,4744BB,Beatrixstraat,Bosschenhoofd
27,4744CB,Berkenlaan,Bosschenhoofd
2,4744CA,Berkenlaan,Bosschenhoofd
25,4744CB,Berkenlaan,Bosschenhoofd
38,4744CA,Berkenlaan,Bosschenhoofd
44,4744CA,Berkenlaan,Bosschenhoofd
20,4744CA,Berkenlaan,Bosschenhoofd
23,4744CB,Berkenlaan,Bosschenhoofd
40,4744CA,Berkenlaan,Bosschenhoofd
34,4744CE,Beukenlaan,Bosschenhoofd
9,4741AZ,Constantijn Huygensplein,Hoeven
10,4741AZ,Constantijn Huygensplein,Hoeven
15,4741AZ,Constantijn Huygensplein,Hoeven
2,4741AE,De Halderberg,Hoeven
10,4741AE,De Halderberg,Hoeven
26,4741AE,De Halderberg,Hoeven
28,4741AE,De Halderberg,Hoeven
42,4741AG,De Halderberg,Hoeven
56,4741AG,De Halderberg,Hoeven
76,4741AG,De Halderberg,Hoeven
84,4741AG,De Halderberg,Hoeven
88,4741AG,De Halderberg,Hoeven
108,4741AG,De Halderberg,Hoeven
122,4741AG,De Halderberg,Hoeven
24,4741TS,De Heul,Hoeven
10,4741TK,Oude Antwerpsepostbaan,Hoeven
19,4741TH,Oude Antwerpsepostbaan,Hoeven
33,4741TH,Oude Antwerpsepostbaan,Hoeven
38,4741TK,Oude Antwerpsepostbaan,Hoeven
41,4741TJ,Oude Antwerpsepostbaan,Hoeven
11,4744CG,Beukenlaan,Bosschenhoofd
12,4744CE,Beukenlaan,Bosschenhoofd
13,4744CG,Beukenlaan,Bosschenhoofd
6,4744RP,Bosschenhoofdsestraat,Bosschenhoofd
3,4744RP,Bosschenhoofdsestraat,Bosschenhoofd
19,4744RP,Bosschenhoofdsestraat,Bosschenhoofd
25,4744RS,Bosschenhoofdsestraat,Bosschenhoofd
16,4744AM,Christinastraat,Bosschenhoofd
1,4744AM,Christinastraat,Bosschenhoofd
12,4744AM,Christinastraat,Bosschenhoofd
8,4744AM,Christinastraat,Bosschenhoofd
5,4744AM,Christinastraat,Bosschenhoofd
1,4744BJ,Clemensstraat,Bosschenhoofd
42,4744RB,Pastoor van Breugelstraat,Bosschenhoofd
138,4744AG,Pastoor van Breugelstraat,Bosschenhoofd
54,4741RC,Sprangweg,Hoeven
8,4741PA,Korte Bunder,Hoeven
24,4741RN,Brede Balrouw,Hoeven
12,4741RL,Brede Molenweg,Hoeven
8,4741DS,Cappelblok,Hoeven
10,4741DS,Cappelblok,Hoeven
56,4741TL,Oude Antwerpsepostbaan,Hoeven
65,4741TJ,Oude Antwerpsepostbaan,Hoeven
81,4741SG,Oude Antwerpsepostbaan,Hoeven
1,4741SM,Oude Bredasepostbaan,Hoeven
15,4741SM,Oude Bredasepostbaan,Hoeven
8,4741RX,Oude Dijk,Hoeven
8,4744BJ,Clemensstraat,Bosschenhoofd
9,4744BJ,Clemensstraat,Bosschenhoofd
10,4744CK,Eikenlaan,Bosschenhoofd
2,4744BT,Esdoornlaan,Bosschenhoofd
14,4744BK,Hendrikstraat,Bosschenhoofd
8,4744RD,Hoenderparkdreef,Bosschenhoofd
26,4741PA,Korte Bunder,Hoeven
58,4741AR,St. Janstraat,Hoeven
23,4741RE,Palingstraat,Hoeven
18,4741TS,De Heul,Hoeven
26,4741TS,De Heul,Hoeven
46,4741TT,De Heul,Hoeven
74,4741TT,De Heul,Hoeven
4,4741TW,de Hoge Akker,Hoeven
6,4741TW,de Hoge Akker,Hoeven
2,4741TW,de Hoge Akker,Hoeven
4,4741ST,De Hoop,Hoeven
1,4741BM,Domeinstraat,Hoeven
12,4741BM,Domeinstraat,Hoeven
2,4741DK,Drossaardenblok,Hoeven
22,4741DN,P. Cuyperslaan,Hoeven
6,4741RE,Palingstraat,Hoeven
27,4741RE,Palingstraat,Hoeven
3,4741RE,Palingstraat,Hoeven
24,4744AX,Irenestraat,Bosschenhoofd
12,4744AX,Irenestraat,Bosschenhoofd
14,4744AX,Irenestraat,Bosschenhoofd
15,4744AW,Irenestraat,Bosschenhoofd
26,4744AX,Irenestraat,Bosschenhoofd
27,4744AW,Irenestraat,Bosschenhoofd
10,4744AX,Irenestraat,Bosschenhoofd
3,4744AW,Irenestraat,Bosschenhoofd
8,4744AX,Irenestraat,Bosschenhoofd
7,4744AW,Irenestraat,Bosschenhoofd
14,4744CH,Kastanjelaan,Bosschenhoofd
11,4744CJ,Kastanjelaan,Bosschenhoofd
1,4731CS,Rivièrelaan,Oudenbosch
9,4741CE,Elisabethpark,Hoeven
11,4741CE,Elisabethpark,Hoeven
12,4741CG,Elisabethpark,Hoeven
13,4741CE,Elisabethpark,Hoeven
17,4741CE,Elisabethpark,Hoeven
28,4741CG,Elisabethpark,Hoeven
36,4741CG,Elisabethpark,Hoeven
50,4741CH,Elisabethpark,Hoeven
66,4741CH,Elisabethpark,Hoeven
78,4741CJ,Elisabethpark,Hoeven
7,4741EM,Ericalaan,Hoeven
1,4741SR,Poldersdijk,Hoeven
29,4741DB,President Hopstakenlaan,Hoeven
31,4741DB,President Hopstakenlaan,Hoeven
17,4744CD,Lindenplantsoen,Bosschenhoofd
12,4744CC,Lindenplantsoen,Bosschenhoofd
24,4744GA,Majellahof,Bosschenhoofd
12,4744GA,Majellahof,Bosschenhoofd
16,4744GA,Majellahof,Bosschenhoofd
10,4744GA,Majellahof,Bosschenhoofd
14,4744GA,Majellahof,Bosschenhoofd
1,4744AJ,Margrietstraat,Bosschenhoofd
21,4744AJ,Margrietstraat,Bosschenhoofd
22,4744AK,Margrietstraat,Bosschenhoofd
24,4744AK,Margrietstraat,Bosschenhoofd
30,4744AK,Margrietstraat,Bosschenhoofd
10,4744AK,Margrietstraat,Bosschenhoofd
4,4731EW,A Koenestraat,Oudenbosch
5,4731LP,Aakstraat,Oudenbosch
4,4731BL,Abeelstraat,Oudenbosch
8,4731BL,Abeelstraat,Oudenbosch
9,4731BL,Abeelstraat,Oudenbosch
1,4731CA,Acaciastraat,Oudenbosch
17,4731XC,Acer Flamingolaan,Oudenbosch
1,4731VG,Albanoweg,Oudenbosch
7,4731VG,Albanoweg,Oudenbosch
54,4731PL,Aloysiushof,Oudenbosch
64,4731PL,Aloysiushof,Oudenbosch
62,4731PL,Aloysiushof,Oudenbosch
12,4731PH,Ankerstraat,Oudenbosch
14,4731PH,Ankerstraat,Oudenbosch
50,4731PH,Ankerstraat,Oudenbosch
52,4731PH,Ankerstraat,Oudenbosch
88,4731PJ,Ankerstraat,Oudenbosch
5,4731ED,Anna Melortlaan,Oudenbosch
14,4731ED,Anna Melortlaan,Oudenbosch
56,4731VM,Bansingel,Oudenbosch
104,4731VM,Bansingel,Oudenbosch
112,4731VM,Bansingel,Oudenbosch
124,4731VM,Bansingel,Oudenbosch
128,4731VM,Bansingel,Oudenbosch
142,4731VM,Bansingel,Oudenbosch
43,4731VN,Bansingel,Oudenbosch
47,4731VN,Bansingel,Oudenbosch
59,4731VP,Bansingel,Oudenbosch
30,4731KK,Beatrixlaan,Oudenbosch
36,4731KK,Beatrixlaan,Oudenbosch
7,4731CD,Beukenlaan,Oudenbosch
33,4731CD,Beukenlaan,Oudenbosch
47,4731CE,Beukenlaan,Oudenbosch
167,4731DD,Bosschendijk,Oudenbosch
169,4731DD,Bosschendijk,Oudenbosch
173,4731DD,Bosschendijk,Oudenbosch
179,4731DD,Bosschendijk,Oudenbosch
185,4731DD,Bosschendijk,Oudenbosch
189,4731DD,Bosschendijk,Oudenbosch
211,4731DD,Bosschendijk,Oudenbosch
10,4731DE,Bosschendijk,Oudenbosch
32,4731DE,Bosschendijk,Oudenbosch
58,4731DG,Bosschendijk,Oudenbosch
84,4731DH,Bosschendijk,Oudenbosch
13,4731NX,Boterpotten,Oudenbosch
17,4731NX,Boterpotten,Oudenbosch
6,4731PE,Bourgognekruisstraat,Oudenbosch
28,4731PE,Bourgognekruisstraat,Oudenbosch
17,4731PG,Bourgognekruisstraat,Oudenbosch
21,4731PG,Bourgognekruisstraat,Oudenbosch
1,4731DW,Br Christofoorlaan,Oudenbosch
6,4731DX,Br Christofoorlaan,Oudenbosch
40,4731KW,Burg Teijssenstraat,Oudenbosch
27,4731EA,Burg Van den Drieslaan,Oudenbosch
41,4731EA,Burg Van den Drieslaan,Oudenbosch
4,4731EB,Burg Van den Drieslaan,Oudenbosch
1,4731ET,C Raaijmakerslaan,Oudenbosch
7,4731ET,C Raaijmakerslaan,Oudenbosch
17,4731ET,C Raaijmakerslaan,Oudenbosch
25,4731ET,C Raaijmakerslaan,Oudenbosch
27,4731ET,C Raaijmakerslaan,Oudenbosch
35,4731ET,C Raaijmakerslaan,Oudenbosch
10,4731BB,Cederstraat,Oudenbosch
13,4731BB,Cederstraat,Oudenbosch
1,4731ZA,Chirurgijnslaan,Oudenbosch
12,4731ZA,Chirurgijnslaan,Oudenbosch
28,4731ZA,Chirurgijnslaan,Oudenbosch
17,4731JK,Churchillstraat,Oudenbosch
27,4731JK,Churchillstraat,Oudenbosch
37,4731JK,Churchillstraat,Oudenbosch
8,4731JL,Churchillstraat,Oudenbosch
22,4731JL,Churchillstraat,Oudenbosch
26,4731JL,Churchillstraat,Oudenbosch
32,4731JL,Churchillstraat,Oudenbosch
2,4731VJ,Darinkveld,Oudenbosch
4,4731VJ,Darinkveld,Oudenbosch
21,4731HJ,Brouwerijstraat,Oudenbosch
8,4731HK,Brouwerijstraat,Oudenbosch
12,4731HK,Brouwerijstraat,Oudenbosch
16,4731HK,Brouwerijstraat,Oudenbosch
24,4731HK,Brouwerijstraat,Oudenbosch
34,4731HK,Brouwerijstraat,Oudenbosch
1,4731KV,Burg Teijssenstraat,Oudenbosch
3,4731KV,Burg Teijssenstraat,Oudenbosch
19,4731KV,Burg Teijssenstraat,Oudenbosch
21,4731KV,Burg Teijssenstraat,Oudenbosch
25,4731KV,Burg Teijssenstraat,Oudenbosch
31,4731KV,Burg Teijssenstraat,Oudenbosch
35,4731KV,Burg Teijssenstraat,Oudenbosch
43,4731KV,Burg Teijssenstraat,Oudenbosch
20,4731KW,Burg Teijssenstraat,Oudenbosch
14,4731DJ,Blauwe Hoefweg,Oudenbosch
1,4731LN,Boeierstraat,Oudenbosch
3,4731LN,Boeierstraat,Oudenbosch
11,4731LN,Boeierstraat,Oudenbosch
2,4731ZC,Boogaertshof,Oudenbosch
105,4731KC,Bornhemweg,Oudenbosch
121,4731KC,Bornhemweg,Oudenbosch
42,4731KE,Bornhemweg,Oudenbosch
56,4731KE,Bornhemweg,Oudenbosch
80,4731KE,Bornhemweg,Oudenbosch
90,4731TC,Bornhemweg,Oudenbosch
100,4731TC,Bornhemweg,Oudenbosch
106,4731TC,Bornhemweg,Oudenbosch
122,4731TC,Bornhemweg,Oudenbosch
160,4731TC,Bornhemweg,Oudenbosch
73,4731KB,Bornhemweg,Oudenbosch
83,4731KB,Bornhemweg,Oudenbosch
21,4731KA,Bornhemweg,Oudenbosch
21,4731KB,Bornhemweg,Oudenbosch
1,4731DA,Bosschendijk,Oudenbosch
3,4731DA,Bosschendijk,Oudenbosch
17,4731DA,Bosschendijk,Oudenbosch
107,4731DC,Bosschendijk,Oudenbosch
115,4731DC,Bosschendijk,Oudenbosch
163,4731DD,Bosschendijk,Oudenbosch
165,4731DD,Bosschendijk,Oudenbosch
149,4731MR,Duiventoren,Oudenbosch
169,4731MS,Duiventoren,Oudenbosch
179,4731MS,Duiventoren,Oudenbosch
193,4731MS,Duiventoren,Oudenbosch
28,4731MT,Duiventoren,Oudenbosch
38,4731MV,Duiventoren,Oudenbosch
42,4731MV,Duiventoren,Oudenbosch
84,4731MX,Duiventoren,Oudenbosch
98,4731MZ,Duiventoren,Oudenbosch
100,4731MZ,Duiventoren,Oudenbosch
124,4731MZ,Duiventoren,Oudenbosch
13,4731CP,Eikenlaan,Oudenbosch
15,4731CP,Eikenlaan,Oudenbosch
3,4731CJ,Elzenstraat,Oudenbosch
5,4731CJ,Elzenstraat,Oudenbosch
13,4731CJ,Elzenstraat,Oudenbosch
3,4731XH,Entstraat,Oudenbosch
26,4731XH,Entstraat,Oudenbosch
2,4731XH,Entstraat,Oudenbosch
23,4731XH,Entstraat,Oudenbosch
18,4731XH,Entstraat,Oudenbosch
29,4731XH,Entstraat,Oudenbosch
23,4731CB,Esdoornstraat,Oudenbosch
