62,4323LA,De Haerde,Ellemeet
64,4323LA,De Haerde,Ellemeet
65,4323LA,De Haerde,Ellemeet
66,4323LA,De Haerde,Ellemeet
44,4323LA,De Haerde,Ellemeet
42,4323LA,De Haerde,Ellemeet
67,4323LA,De Haerde,Ellemeet
32,4323LA,De Haerde,Ellemeet
37,4323LA,De Haerde,Ellemeet
11,4322NN,Rampweg,Scharendijke
34,4326LK,Rampweg,Noordwelle
10,4325LB,Korte Moermondsweg,Renesse
61,4301ZP,Vondelingsplaat,Zierikzee
76,4307AV,Sint Joostdijk,Oosterland
27,4301BB,Ravestraat,Zierikzee
3,4328PC,'t Lage Burgh,Burgh-Haamstede
29,4311BJ,Steinstraat,Bruinisse
10,4311GC,Grevelingenstraat,Bruinisse
18,4301WG,Mastgatstraat,Zierikzee
26,4301LA,Caustraat,Zierikzee
89,4301CN,Sint Domusstraat,Zierikzee
91,4301CN,Sint Domusstraat,Zierikzee
7,4323LM,Schelpweg,Ellemeet
5,4305AB,Zuidstraat,Ouwerkerk
108,4306CW,Burgemeester van Eetenstraat,Nieuwerkerk
42,4318TR,Meeuwenstein,Brouwershaven
16,4311RT,Nijverheidsweg,Bruinisse
6,4307AM,Groenendaal,Oosterland
6,4302WE,Gruttostraat,Zierikzee
15,4307BJ,Steengrachtstraat,Oosterland
29,4301VN,Krammerstraat,Zierikzee
9,4328PC,'t Lage Burgh,Burgh-Haamstede
42,4328EW,Grevelingenlaan,Burgh-Haamstede
49,4322NA,Elkerzeeseweg,Scharendijke
17,4301DJ,Nieuwe Haven,Zierikzee
25,4323LG,Burgemeester de Bruijnstraat,Ellemeet
128,4311NL,Grevelingenhout,Bruinisse
65,4301WZ,Roggenplaat,Zierikzee
25,4317NE,Kloosterweg,Noordgouwe
2,4317MC,Boslustlaan,Noordgouwe
22,4301CX,Nieuwe Bogerdstraat,Zierikzee
1,4305AA,Haneweg,Ouwerkerk
5,4305AL,Phoenixstraat,Ouwerkerk
24,4301ZT,Schouwenbank,Zierikzee
5,4307BJ,Steengrachtstraat,Oosterland
5,4301DA,Venkelstraat,Zierikzee
1,4301AW,Breedstraat,Zierikzee
18,4306NW,de Weel,Nieuwerkerk
33,4301RA,'s Heer Lauwendorp,Zierikzee
3,4301EA,Meelstraat,Zierikzee
31,4301JS,Sint Joostmeet,Zierikzee
21,4301LB,de Huijbertstraat,Zierikzee
15,4301KT,Mulockstraat,Zierikzee
60,4322DM,Noordzeelaan,Scharendijke
10,4306BC,Stationsstraat,Nieuwerkerk
16,4306BP,Leeuweriklaan,Nieuwerkerk
83,4323LA,De Haerde,Ellemeet
17,4325AJ,Emmaweg,Renesse
20,4318NH,Unio,Brouwershaven
32,4317AB,Ring,Noordgouwe
35,4307LL,de Saele,Oosterland
14,4306BA,Zeeasterstraat,Nieuwerkerk
4,4327AG,Dorpsplein,Serooskerke
33,4306AB,Ooststraat,Nieuwerkerk
20,4305AS,Den Domp,Ouwerkerk
6,4307AB,Torenplein,Oosterland
6,4306CB,Stekelstraat,Nieuwerkerk
23,4306CJ,Kerkring,Nieuwerkerk
49,4302XA,Reigerstraat,Zierikzee
16,4301RS,Industrieweg,Zierikzee
4,4307CH,Tuin,Oosterland
5,4306BL,Merellaan,Nieuwerkerk
16,4306CA,Poststraat,Nieuwerkerk
53,4311RL,Dorpsweg,Bruinisse
24,4301XG,Haringvlietstraat,Zierikzee
12,4322BN,Deltastraat,Scharendijke
16,4306BK,Deltastraat,Nieuwerkerk
116,4301CS,Sint Domusstraat,Zierikzee
10,4301DG,Lange Groendal,Zierikzee
23,4301DE,Lange Groendal,Zierikzee
14,4301AC,Poststraat,Zierikzee
72,4301WH,Mastgatstraat,Zierikzee
21,4301DA,Venkelstraat,Zierikzee
22,4305AS,Den Domp,Ouwerkerk
49,4307AS,Sint Joostdijk,Oosterland
7,4316BD,Irenestraat,Zonnemaire
11,4316BD,Irenestraat,Zonnemaire
14,4301RA,'s Heer Lauwendorp,Zierikzee
31,4301EV,Minderbroederstraat,Zierikzee
21,4301EV,Minderbroederstraat,Zierikzee
3,4307LD,Bosblokdreef,Oosterland
61,4307AH,Molenweg,Oosterland
5,4301GV,Gravenstraat,Zierikzee
45,4301JH,Havenpark,Zierikzee
12,4301WB,Keetenstraat,Zierikzee
21,4311CE,Burgemeester Hagelaan,Bruinisse
20,4311CD,Schipperslaan,Bruinisse
5,4316AX,Tuinweg,Zonnemaire
6,4301GP,Slabberswerf,Zierikzee
42,4301GJ,Hofferstraat,Zierikzee
41,4322BD,Platteweg,Scharendijke
43,4322BD,Platteweg,Scharendijke
45,4322BD,Platteweg,Scharendijke
47,4322BD,Platteweg,Scharendijke
2,4325CX,Kabbelaarsweg,Renesse
6,4325CX,Kabbelaarsweg,Renesse
12,4328NC,Weeldeweg,Burgh-Haamstede
32,4301ET,Lammermarkt,Zierikzee
64,4311NW,Molenweg "De Kreek" Hertengang,Bruinisse
6,4301AJ,Lange St. Janstraat,Zierikzee
8,4301VL,Eendrachtstraat,Zierikzee
7,4311CA,Prinses Marijkestraat,Bruinisse
29,4301JK,Oude Haven,Zierikzee
22,4328RT,Lageweg,Burgh-Haamstede
18,4315AX,Renkumstraat,Dreischor
20,4301LC,de Huijbertstraat,Zierikzee
77,4301ZV,Schouwenbank,Zierikzee
9,4301BM,Wevershoek,Zierikzee
36,4301HH,Jannewekken,Zierikzee
20,4306CW,Burgemeester van Eetenstraat,Nieuwerkerk
100,4301KC,Hoge Molenstraat,Zierikzee
3,4328PZ,Rooiedal,Burgh-Haamstede
20,4323LC,Kuijerdamseweg,Ellemeet
5,4301HW,Waterpoortstraat,Zierikzee
12,4311ET,Hoogaarsstraat,Bruinisse
20,4311AH,Dorpsweg,Bruinisse
6,4311CR,Vlasstraat,Bruinisse
25,4301WZ,Roggenplaat,Zierikzee
38,4301LV,Scheepstimmerdijk,Zierikzee
38,4311NV,Molenweg "De Kreek" Fazantendreef,Bruinisse
4,4323LJ,Dorpsstraat,Ellemeet
1,4301BW,Weststraat,Zierikzee
5,4301BM,Wevershoek,Zierikzee
9,4301LR,Scheepstimmerdijk,Zierikzee
11,4301LR,Scheepstimmerdijk,Zierikzee
84,4322CG,Klaverstraat,Scharendijke
3,4301WD,Mastgatstraat,Zierikzee
24,4301WG,Mastgatstraat,Zierikzee
18,4306DC,Plataanstraat,Nieuwerkerk
8,4301KD,Baden Powellweg,Zierikzee
84,4301LL,Plevierstraat,Zierikzee
27,4301TA,Zandweg,Zierikzee
64,4311NL,Grevelingenhout,Bruinisse
70,4328LB,Burghseweg,Burgh-Haamstede
9,4328CK,Appelmeet,Burgh-Haamstede
23,4301CM,Sint Domusstraat,Zierikzee
8,4306AP,Lijsterbesstraat,Nieuwerkerk
41,4301LJ,Plevierstraat,Zierikzee
29,4301ZX,Steenbank,Zierikzee
4,4301CH,Kraanplein,Zierikzee
9,4301WJ,Zandkreekstraat,Zierikzee
18,4301XS,Volkerakstraat,Zierikzee
61,4301XN,Wielingenstraat,Zierikzee
14,4322DL,Noordzeelaan,Scharendijke
5,4322CA,Klaproosstraat,Scharendijke
24,4306CW,Burgemeester van Eetenstraat,Nieuwerkerk
10,4306DA,Elzenstraat,Nieuwerkerk
18,4301ER,Varremarkt,Zierikzee
23,4301JG,Havenpark,Zierikzee
25,4306AJ,Magnoliastraat,Nieuwerkerk
1,4311GB,Grevelingenstraat,Bruinisse
67,4307BC,Burgemeester van der Havestraat,Oosterland
19,4306AW,Lijsterbesstraat,Nieuwerkerk
22,4328LS,W.G. Bootlaan,Burgh-Haamstede
17,4316AN,Trambaan,Zonnemaire
5,4316AN,Trambaan,Zonnemaire
70,4301LL,Plevierstraat,Zierikzee
2,4307AL,Korte Weststraat,Oosterland
47,4301ME,De Brauwstraat,Zierikzee
40,4307CC,Leeuwenburg,Oosterland
24,4301EW,Minderbroederstraat,Zierikzee
4,4301HR,Hem,Zierikzee
1,4301BD,Gat van West Noord Westen,Zierikzee
14,4307AX,Sandströmstraat,Oosterland
31,4311CT,Riekusweel,Bruinisse
12,4301HS,Steiltjesstraat,Zierikzee
7,4301ZK,Oesterstraat,Zierikzee
11,4311GM,Prins Bernhardstraat,Bruinisse
25,4315AN,Slotstraat,Dreischor
20,4311NR,Hoogerwerfsweg "De elf Boompjes",Bruinisse
7,4311AP,Korte Ring,Bruinisse
4,4328NJ,Oude Havenweg,Burgh-Haamstede
25,4328AR,Julianastraat,Burgh-Haamstede
18,4328CG,Repel,Burgh-Haamstede
6,4311GA,Ten Anker,Bruinisse
1,4301MD,Fokkerstraat,Zierikzee
34,4316AS,Dijk van Bommenede,Zonnemaire
27,4303BC,Boezem,Zierikzee
1,4303BD,Dulve,Zierikzee
5,4303BD,Dulve,Zierikzee
11,4303BD,Dulve,Zierikzee
35,4303BD,Dulve,Zierikzee
25,4303BA,Watergang,Zierikzee
24,4303BA,Watergang,Zierikzee
26,4303BD,Dulve,Zierikzee
31,4303AJ,Pijlerdam,Zierikzee
10,4303AP,Schaardijk,Zierikzee
96,4303AT,Korte Blokweg,Zierikzee
5,4303AS,Wakerdijk,Zierikzee
14,4303AJ,Pijlerdam,Zierikzee
35,4302VB,Regenwulpstraat,Zierikzee
62,4302VA,Poortkade,Zierikzee
50,4302VA,Poortkade,Zierikzee
46,4302VA,Poortkade,Zierikzee
44,4302VA,Poortkade,Zierikzee
42,4302VA,Poortkade,Zierikzee
47,4301EV,Minderbroederstraat,Zierikzee
27,4302VE,Houtsnipstraat,Zierikzee
29,4302VE,Houtsnipstraat,Zierikzee
172,4302VA,Poortkade,Zierikzee
132,4302VA,Poortkade,Zierikzee
140,4302VA,Poortkade,Zierikzee
15,4302VC,Lepelaarstraat,Zierikzee
13,4311BB,Kerkstraat,Bruinisse
15,4317AE,Pauwstraat,Noordgouwe
11,4317AE,Pauwstraat,Noordgouwe
18,4317AC,Brouwerijstraat,Noordgouwe
17,4315CN,Vlasakkerweg,Dreischor
11,4315CN,Vlasakkerweg,Dreischor
9,4315CN,Vlasakkerweg,Dreischor
136,4318TP,Den Osse,Brouwershaven
12,4306GA,Agthoven,Nieuwerkerk
17,4306NB,Loensweg,Nieuwerkerk
1,4328AP,Boomgaardwekken,Burgh-Haamstede
1,4301LM,de Jongestraat,Zierikzee
3,4301LM,de Jongestraat,Zierikzee
45,4301LM,de Jongestraat,Zierikzee
53,4301LM,de Jongestraat,Zierikzee
69,4301LM,de Jongestraat,Zierikzee
71,4301LM,de Jongestraat,Zierikzee
89,4301LM,de Jongestraat,Zierikzee
99,4301LM,de Jongestraat,Zierikzee
27,4303BB,Bermsloot,Zierikzee
45,4303BB,Bermsloot,Zierikzee
37,4303BA,Watergang,Zierikzee
11,4301ME,De Brauwstraat,Zierikzee
27,4301ME,De Brauwstraat,Zierikzee
6,4302WS,Kluutstraat,Zierikzee
10,4307RS,Lage Maireweg,Oosterland
6,4306NN,Oude Nieuwlandseweg,Nieuwerkerk
24,4306NB,Loensweg,Nieuwerkerk
11,4301NA,Engelse Kade,Zierikzee
21,4306BN,Fazantenlaan,Nieuwerkerk
50,4301CZ,Nieuwe Bogerdstraat,Zierikzee
16,4301WK,Sloestraat,Zierikzee
56,4301VT,Zijpestraat,Zierikzee
17,4307CD,Akker,Oosterland
37,4301AL,Krepelstraat,Zierikzee
28,4301WK,Sloestraat,Zierikzee
5,4306BZ,Burgemeester van Veenstraat,Nieuwerkerk
32,4307LL,de Saele,Oosterland
4,4306CD,Hoge Kerkstraat,Nieuwerkerk
2,4306CD,Hoge Kerkstraat,Nieuwerkerk
70,4301LD,de Huijbertstraat,Zierikzee
20,4301RS,Industrieweg,Zierikzee
4,4302WL,Tureluurstraat,Zierikzee
13,4302WT,Kiekendiefstraat,Zierikzee
1,4306NV,de Weel,Nieuwerkerk
12,4306BH,Vierbannenstraat,Nieuwerkerk
22,4307AB,Torenplein,Oosterland
19,4302WS,Kluutstraat,Zierikzee
6,4306BL,Merellaan,Nieuwerkerk
8,4301CS,Karsteil,Zierikzee
47,4301CW,Nieuwe Bogerdstraat,Zierikzee
4,4307AP,Kerkstraat,Oosterland
9,4305NE,Oude Nieuwlandseweg,Ouwerkerk
10,4311RB,Langeweg,Bruinisse
17,4305ND,Middenweg,Ouwerkerk
2,4301RJ,Steenovenseweg,Zierikzee
13,4311RA,Langeweg,Bruinisse
4,4311RB,Langeweg,Bruinisse
1,4301RA,'s Heer Lauwendorp,Zierikzee
20,4315AK,Weststraat,Dreischor
47,4302WX,Graspieperstraat,Zierikzee
4,4301RC,Deltastraat,Zierikzee
17,4307AD,Lange Dreef,Oosterland
13,4307AD,Lange Dreef,Oosterland
11,4307AD,Lange Dreef,Oosterland
14,4302WV,Kiekendiefstraat,Zierikzee
30,4301ZJ,Oesterstraat,Zierikzee
24,4301KJ,Grachtweg,Zierikzee
13,4306NA,Rijksweg,Nieuwerkerk
18,4306AZ,Unastraat,Nieuwerkerk
92,4307AV,Sint Joostdijk,Oosterland
6,4306BK,Deltastraat,Nieuwerkerk
24,4301AM,Krepelstraat,Zierikzee
42,4301ND,Vissersdijk,Zierikzee
5,4306BN,Fazantenlaan,Nieuwerkerk
31,4301VN,Krammerstraat,Zierikzee
30,4306AW,Rijksweg,Nieuwerkerk
9,4307AM,Groenendaal,Oosterland
12,4307AT,Sint Joostdijk,Oosterland
43,4301AH,Lange St. Janstraat,Zierikzee
11,4306CJ,Kerkring,Nieuwerkerk
11,4301DA,Venkelstraat,Zierikzee
88,4301CS,Sint Domusstraat,Zierikzee
4,4306NB,Loensweg,Nieuwerkerk
6,4307NN,Lage Rampertseweg,Oosterland
23,4301NC,Julianastraat,Zierikzee
22,4328PH,'s Gravenmeet,Burgh-Haamstede
8,4328PH,'s Gravenmeet,Burgh-Haamstede
27,4328PG,'s Gravenmeet,Burgh-Haamstede
2,4328PA,Kakelstraat,Burgh-Haamstede
1,4328PC,'t Lage Burgh,Burgh-Haamstede
9,4311RH,Rijksstraatweg,Bruinisse
32,4301ZJ,Oesterstraat,Zierikzee
2,4301SC,Nieuwe Koolweg,Zierikzee
12,4311GC,Grevelingenstraat,Bruinisse
24,4301DB,Venkelstraat,Zierikzee
13,4301AW,Breedstraat,Zierikzee
51,4301AH,Lange St. Janstraat,Zierikzee
31,4301AZ,Schuttershofstraat,Zierikzee
3,4301KZ,Caustraat,Zierikzee
14,4306CZ,Dolfijnstraat,Nieuwerkerk
2,4302WC,Kievitstraat,Zierikzee
1,4301AR,Hoofdpoortstraat,Zierikzee
4,4302WC,Kievitstraat,Zierikzee
19,4301DJ,Nieuwe Haven,Zierikzee
18,4307AE,Lange Achterweg,Oosterland
21,4328JP,Acacialaan,Burgh-Haamstede
22,4316AP,Blooisedijk,Zonnemaire
16,4328JR,Acacialaan,Burgh-Haamstede
3,4323LE,Deensestraat,Ellemeet
66,4311NL,Grevelingenhout,Bruinisse
5,4306NJ,Galgeweg,Nieuwerkerk
17,4305AB,Zuidstraat,Ouwerkerk
10,4305AK,Noorsestraat,Ouwerkerk
24,4305AB,Zuidstraat,Ouwerkerk
14,4305AB,Zuidstraat,Ouwerkerk
6,4305AK,Noorsestraat,Ouwerkerk
23,4307BP,Dokter Schutterstraat,Oosterland
15,4301JS,Sint Joostmeet,Zierikzee
19,4301VX,Keetenstraat,Zierikzee
11,4307BP,Dokter Schutterstraat,Oosterland
23,4307AW,Sandströmstraat,Oosterland
92,4301WH,Mastgatstraat,Zierikzee
7,4307BP,Dokter Schutterstraat,Oosterland
1,4301ZX,Steenbank,Zierikzee
98,4306CW,Burgemeester van Eetenstraat,Nieuwerkerk
100,4306CW,Burgemeester van Eetenstraat,Nieuwerkerk
14,4301BA,Schuttershofstraat,Zierikzee
11,4307AM,Groenendaal,Oosterland
8,4301LT,Scheepstimmerdijk,Zierikzee
44,4301VT,Zijpestraat,Zierikzee
21,4301ZM,Nunnenplaat,Zierikzee
24,4306AC,Ooststraat,Nieuwerkerk
17,4307CH,Tuin,Oosterland
8,4301DB,Venkelstraat,Zierikzee
27,4306NA,Rijksweg,Nieuwerkerk
43,4301LS,Scheepstimmerdijk,Zierikzee
43,4301BG,Bagijnestraat,Zierikzee
3,4306BB,Badhuisstraat,Nieuwerkerk
24,4301BD,Gat van West Noord Westen,Zierikzee
14,4305AJ,Koningin Julianastraat,Ouwerkerk
12,4305AJ,Koningin Julianastraat,Ouwerkerk
3,4302WD,Gruttostraat,Zierikzee
1,4302WD,Gruttostraat,Zierikzee
3,4307RR,Hoge Maireweg,Oosterland
2,4307AD,Lange Dreef,Oosterland
21,4302WT,Kiekendiefstraat,Zierikzee
12,4301VL,Eendrachtstraat,Zierikzee
13,4306AT,Muyeweg,Nieuwerkerk
6,4307AL,Korte Weststraat,Oosterland
6,4306AH,Esdoornstraat,Nieuwerkerk
38,4301CE,Havenpark,Zierikzee
8,4306CK,Kerkring,Nieuwerkerk
27,4306EG,Stoofheule,Nieuwerkerk
11,4306AS,Ribesstraat,Nieuwerkerk
4,4301MS,de Vagerstraat,Zierikzee
14,4301MS,de Vagerstraat,Zierikzee
1,4301BZ,Kerkhof,Zierikzee
13,4301KZ,Caustraat,Zierikzee
11,4301AL,Krepelstraat,Zierikzee
5,4306NB,Loensweg,Nieuwerkerk
49,4301VK,Eendrachtstraat,Zierikzee
21,4301AL,Krepelstraat,Zierikzee
23,4301LR,Scheepstimmerdijk,Zierikzee
4,4306NT,Zwanenburgseweg,Nieuwerkerk
2,4301SK,Havenweg,Zierikzee
5,4307NN,Lage Rampertseweg,Oosterland
2,4307NN,Lage Rampertseweg,Oosterland
7,4301RS,Industrieweg,Zierikzee
25,4302XA,Reigerstraat,Zierikzee
4,4307NM,Laurensweegje,Oosterland
1,4302WN,Roerdompstraat,Zierikzee
23,4301NS,Mauritslaan,Zierikzee
8,4311CV,Maisstraat,Bruinisse
25,4311AD,Plantage,Bruinisse
6,4328KD,Zeesterweegje,Burgh-Haamstede
46,4328HE,Westerenban,Burgh-Haamstede
3,4301ZZ,Middenbank,Zierikzee
12,4307BV,Margrietstraat,Oosterland
12,4301AC,Poststraat,Zierikzee
15,4307BX,Korenbloemstraat,Oosterland
28,4301WG,Mastgatstraat,Zierikzee
16,4325DH,Hoogenboomlaan,Renesse
10,4311AA,Padjes,Bruinisse
121,4301DL,Nieuwe Haven,Zierikzee
25,4306BJ,Deltastraat,Nieuwerkerk
9,4301DJ,Nieuwe Haven,Zierikzee
23,4306BJ,Deltastraat,Nieuwerkerk
89,4301DK,Nieuwe Haven,Zierikzee
11,4317BD,Merientje Visstraat,Noordgouwe
10,4328JR,Acacialaan,Burgh-Haamstede
3,4316AX,Tuinweg,Zonnemaire
4,4301EP,Kerkhof,Zierikzee
17,4307CB,Leuvenstraat,Oosterland
41,4301ML,Caustraat,Zierikzee
6,4316BE,Christinastraat,Zonnemaire
12,4328GV,Groenewoudswegje,Burgh-Haamstede
32,4328HE,Westerenban,Burgh-Haamstede
40,4328KJ,Torenweg,Burgh-Haamstede
134,4311NL,Grevelingenhout,Bruinisse
72,4311NL,Grevelingenhout,Bruinisse
81,4311NL,Grevelingenhout,Bruinisse
103,4311NL,Grevelingenhout,Bruinisse
141,4311NL,Grevelingenhout,Bruinisse
23,4323LB,Kuijerdamseweg,Ellemeet
11,4323LK,Moolweg,Ellemeet
9,4325BN,van Kloosterweg,Renesse
9,4325AM,Korte Reke,Renesse
7,4325BG,De Zoom,Renesse
9,4325BG,De Zoom,Renesse
33,4306CK,Kerkring,Nieuwerkerk
18,4301BH,Bagijnestraat,Zierikzee
11,4306BC,Stationsstraat,Nieuwerkerk
33,4301AS,Hoofdpoortstraat,Zierikzee
19,4306BJ,Deltastraat,Nieuwerkerk
135,4301DL,Nieuwe Haven,Zierikzee
26,4307LL,de Saele,Oosterland
12,4321SN,Boogerdweg,Kerkwerve
26,4328RB,Hoge Hilleweg,Burgh-Haamstede
8,4328RB,Hoge Hilleweg,Burgh-Haamstede
5,4325BN,van Kloosterweg,Renesse
2,4323LD,Nieuweweg,Ellemeet
5,4325BS,Capelweg,Renesse
5,4325BR,Zeeasterweg,Renesse
11,4325BX,Zeeanemoonweg,Renesse
16,4325AP,Constantijnweg,Renesse
27,4325AG,Mauritsweg,Renesse
4,4317AL,Kloosterweg,Noordgouwe
24,4305AK,Noorsestraat,Ouwerkerk
22,4305AK,Noorsestraat,Ouwerkerk
12,4305AM,Zweedsestraat,Ouwerkerk
18,4307BJ,Steengrachtstraat,Oosterland
15,4301JD,Havenplein,Zierikzee
6,4321SN,Boogerdweg,Kerkwerve
28,4328RB,Hoge Hilleweg,Burgh-Haamstede
3,4328PX,Wissewekken,Burgh-Haamstede
5,4306CA,Poststraat,Nieuwerkerk
13,4306CP,Burgemeester Boumanstraat,Nieuwerkerk
12,4301LT,Scheepstimmerdijk,Zierikzee
22,4301CH,Kraanplein,Zierikzee
16,4301CJ,Korte Groendal,Zierikzee
12,4306CD,Hoge Kerkstraat,Nieuwerkerk
8,4307AZ,Noordstraat,Oosterland
38,4301AJ,Lange St. Janstraat,Zierikzee
8,4306CD,Hoge Kerkstraat,Nieuwerkerk
28,4306AW,Rijksweg,Nieuwerkerk
14,4301VP,Krammerstraat,Zierikzee
29,4301VK,Eendrachtstraat,Zierikzee
5,4301RP,Gouweveerseweg,Zierikzee
18,4305AK,Noorsestraat,Ouwerkerk
19,4302WC,Kievitstraat,Zierikzee
33,4306BS,Meeuwenlaan,Nieuwerkerk
3,4302WN,Roerdompstraat,Zierikzee
5,4302WN,Roerdompstraat,Zierikzee
23,4302WG,Oosterscheldestraat,Zierikzee
12,4306BS,Meeuwenlaan,Nieuwerkerk
8,4306BS,Meeuwenlaan,Nieuwerkerk
29,4301CV,Nieuwe Bogerdstraat,Zierikzee
21,4307CD,Akker,Oosterland
12,4305NJ,Zwanenburgseweg,Ouwerkerk
30,4307AT,Sint Joostdijk,Oosterland
10,4301DB,Venkelstraat,Zierikzee
14,4301LT,Scheepstimmerdijk,Zierikzee
2,4306NR,Reigersweg,Nieuwerkerk
11,4311RA,Langeweg,Bruinisse
6,4301RP,Gouweveerseweg,Zierikzee
35,4302XA,Reigerstraat,Zierikzee
76,4302WK,Oosterscheldestraat,Zierikzee
14,4306BC,Stationsstraat,Nieuwerkerk
6,4307AC,Nieuwstraat,Oosterland
54,4328HG,Westerenban,Burgh-Haamstede
33,4328EW,Grevelingenlaan,Burgh-Haamstede
34,4328EW,Grevelingenlaan,Burgh-Haamstede
35,4328EW,Grevelingenlaan,Burgh-Haamstede
18,4316AB,I.M. van der Bijlstraat,Zonnemaire
37,4322NL,Kuijerdamseweg,Scharendijke
37,4322NM,Kuijerdamseweg,Scharendijke
5,4318NG,Asterias,Brouwershaven
11,4325EG,Laone,Renesse
3,4311RD,Verloren Kostweg,Bruinisse
25,4301RN,Groene Weegje,Zierikzee
10,4302WC,Kievitstraat,Zierikzee
9,4307AA,Groene Poort,Oosterland
4,4306NN,Oude Nieuwlandseweg,Nieuwerkerk
5,4307LK,Hofweg,Oosterland
21,4306BD,Brouwerstraat,Nieuwerkerk
4,4301AP,Bolwerk,Zierikzee
21,4306NB,Loensweg,Nieuwerkerk
53,4301WP,Kokmeeuwstraat,Zierikzee
24,4301ZX,Steenbank,Zierikzee
58,4318TR,Meeuwenstein,Brouwershaven
14,4306BP,Leeuweriklaan,Nieuwerkerk
2,4301AT,Hoofdpoortstraat,Zierikzee
39,4301AS,Hoofdpoortstraat,Zierikzee
10,4301AN,Zevenhuisstraat,Zierikzee
11,4307AK,Korte Achterweg,Oosterland
50,4307AK,Molenweg,Oosterland
33,4307BT,Margrietstraat,Oosterland
10,4301XE,Haringvlietstraat,Zierikzee
14,4301XE,Haringvlietstraat,Zierikzee
17,4301GK,Raveslootstraat,Zierikzee
22,4322DR,Veermanshof,Scharendijke
4,4317AG,Pauwstraat,Noordgouwe
12,4328LS,W.G. Bootlaan,Burgh-Haamstede
13,4328PA,Hogeweg,Burgh-Haamstede
7,4317AH,Stoofhof,Noordgouwe
2,4328LZ,Achterweg,Burgh-Haamstede
8,4317AD,Oosterweegje,Noordgouwe
4,4328LS,W.G. Bootlaan,Burgh-Haamstede
2,4317AD,Oosterweegje,Noordgouwe
32,4307AE,Lange Achterweg,Oosterland
33,4307LL,de Saele,Oosterland
22,4306CR,Burgemeester Boumanstraat,Nieuwerkerk
3,4306EC,Jacobsheul,Nieuwerkerk
18,4307CD,Akker,Oosterland
82,4307AV,Sint Joostdijk,Oosterland
17,4301WT,Mantelmeeuwstraat,Zierikzee
10,4327AG,Dorpsplein,Serooskerke
4,4327AD,Frederikstraat,Serooskerke
3,4327AD,Frederikstraat,Serooskerke
4,4327SG,Stolpweg,Serooskerke
24,4325AK,Emmaweg,Renesse
3,4322DK,Grevelingenhof,Scharendijke
9,4322DS,Veermanshof,Scharendijke
14,4325BZ,Zeeanemoonweg,Renesse
30,4322BV,Korenbloemstraat,Scharendijke
20,4325BW,Zeelelieweg,Renesse
22,4301AC,Poststraat,Zierikzee
1,4301JD,Havenplein,Zierikzee
64,4301CR,Sint Domusstraat,Zierikzee
2,4305AP,Geertruidlaan,Ouwerkerk
22,4305AE,Ring,Ouwerkerk
4,4305AC,Laan der Wereldveteranen,Ouwerkerk
16,4305AE,Ring,Ouwerkerk
11,4305AE,Ring,Ouwerkerk
12,4305AE,Ring,Ouwerkerk
5,4301NA,Engelse Kade,Zierikzee
1,4306BP,Leeuweriklaan,Nieuwerkerk
18,4327AC,Schoolstraat,Serooskerke
14,4327AG,Dorpsplein,Serooskerke
2,4301KH,Rollandthof,Zierikzee
2,4301BE,Rozemarijnstraat,Zierikzee
57,4301CN,Sint Domusstraat,Zierikzee
7,4301BB,Ravestraat,Zierikzee
27,4306AA,Ooststraat,Nieuwerkerk
21,4307CH,Tuin,Oosterland
51,4302XA,Reigerstraat,Zierikzee
4,4305AD,Burgemeester Romeijnstraat,Ouwerkerk
18,4302WC,Kievitstraat,Zierikzee
19,4301RN,Groene Weegje,Zierikzee
13,4302WC,Kievitstraat,Zierikzee
3,4306BL,Merellaan,Nieuwerkerk
13,4306BH,Vierbannenstraat,Nieuwerkerk
33,4301VN,Krammerstraat,Zierikzee
9,4301AW,Breedstraat,Zierikzee
60,4301AK,Lange St. Janstraat,Zierikzee
17,4306EA,d'Heule,Nieuwerkerk
92,4301CS,Sint Domusstraat,Zierikzee
47,4306EG,Stoofheule,Nieuwerkerk
4,4301DB,Venkelstraat,Zierikzee
26,4306CD,Hoge Kerkstraat,Nieuwerkerk
10,4311CP,Haverstraat,Bruinisse
28,4302WE,Gruttostraat,Zierikzee
2,4302WJ,Oosterscheldestraat,Zierikzee
20,4301XG,Haringvlietstraat,Zierikzee
14,4322DA,De Achthoek,Scharendijke
8,4322BM,Irenestraat,Scharendijke
4,4322BC,Kerkstraat,Scharendijke
22,4325GK,Oude Moolweg,Renesse
30,4318TJ,Ostrea,Brouwershaven
15,4325EG,Laone,Renesse
2,4306NN,Oude Nieuwlandseweg,Nieuwerkerk
36,4306EB,d'Heule,Nieuwerkerk
6,4306BC,Stationsstraat,Nieuwerkerk
20,4301NB,Julianastraat,Zierikzee
28,4307AE,Lange Achterweg,Oosterland
20,4307AP,Kerkstraat,Oosterland
16,4306BR,Fazantenlaan,Nieuwerkerk
19,4317NK,Donkereweg,Noordgouwe
5,4328RR,Lageweg,Burgh-Haamstede
13,4321TA,Zandweg,Kerkwerve
8,4301AT,Hoofdpoortstraat,Zierikzee
15,4301CS,Karsteil,Zierikzee
25,4301DE,Lange Groendal,Zierikzee
12,4301DH,Kapellestraat,Zierikzee
6,4307AP,Kerkstraat,Oosterland
6,4301AN,Zevenhuisstraat,Zierikzee
6,4307LB,Oud Heiligeweg,Oosterland
30,4301GL,Raveslootstraat,Zierikzee
17,4301HT,Rodedorp,Zierikzee
13,4301KK,Schuurbeque Boeijestraat,Zierikzee
7,4301ZZ,Middenbank,Zierikzee
80,4301WH,Mastgatstraat,Zierikzee
5,4322TH,Nieuwe Kerkweg,Scharendijke
6,4325BP,van Kloosterweg,Renesse
4,4325BP,van Kloosterweg,Renesse
4,4325BE,Wilhelminaweg,Renesse
31,4301AL,Krepelstraat,Zierikzee
25,4301DA,Venkelstraat,Zierikzee
80,4307AV,Sint Joostdijk,Oosterland
12,4307AE,Lange Achterweg,Oosterland
21,4301WJ,Zandkreekstraat,Zierikzee
29,4307LL,de Saele,Oosterland
5,4306BX,Tuinstraat,Nieuwerkerk
18,4327AG,Dorpsplein,Serooskerke
22,4316AC,Beatrixstraat,Zonnemaire
9,4316BD,Irenestraat,Zonnemaire
12,4307BJ,Steengrachtstraat,Oosterland
55,4307AH,Molenweg,Oosterland
23,4311CH,Prinses Margrietstraat,Bruinisse
19,4311AM,Nieuwstraat,Bruinisse
25,4311CH,Prinses Margrietstraat,Bruinisse
20,4311EW,Boeijerstraat,Bruinisse
24,4305AS,Den Domp,Ouwerkerk
3,4305AR,Den Domp,Ouwerkerk
32,4305AS,Den Domp,Ouwerkerk
13,4305AR,Den Domp,Ouwerkerk
34,4301AD,Poststraat,Zierikzee
50,4301AD,Poststraat,Zierikzee
35,4301LB,de Huijbertstraat,Zierikzee
10,4306CT,Wethouder van Klinkenstraat,Nieuwerkerk
15,4301EV,Minderbroederstraat,Zierikzee
2,4306AC,Ooststraat,Nieuwerkerk
25,4301BS,Regenboogstraat,Zierikzee
9,4301BD,Gat van West Noord Westen,Zierikzee
17,4306CC,Hoge Kerkstraat,Nieuwerkerk
5,4301CV,Nieuwe Bogerdstraat,Zierikzee
18,4307AM,Groenendaal,Oosterland
47,4301CM,Sint Domusstraat,Zierikzee
13,4301VN,Krammerstraat,Zierikzee
22,4301BH,Bagijnestraat,Zierikzee
5,4301BZ,Kerkhof,Zierikzee
41,4301WE,Mastgatstraat,Zierikzee
45,4301ZW,Schouwenbank,Zierikzee
28,4328KB,Torenweg,Burgh-Haamstede
26,4301EC,Meelstraat,Zierikzee
43,4307BT,Margrietstraat,Oosterland
1,4301GS,Zuidwellestraat,Zierikzee
37,4301EV,Minderbroederstraat,Zierikzee
41,4301EV,Minderbroederstraat,Zierikzee
37,4301XM,Wielingenstraat,Zierikzee
14,4301LZ,Calandweg,Zierikzee
18,4306AV,Muyeweg,Nieuwerkerk
5,4306CT,Wethouder van Klinkenstraat,Nieuwerkerk
53,4328NB,Weeldeweg,Burgh-Haamstede
3,4301BZ,Kerkhof,Zierikzee
39,4301ZW,Schouwenbank,Zierikzee
35,4301XZ,Grevelingenstraat,Zierikzee
3,4311CA,Prinses Marijkestraat,Bruinisse
44,4311ER,Meekrapstraat,Bruinisse
28,4301NZ,Lange Blokweg,Zierikzee
15,4315AV,Goemansstraat,Dreischor
10,4315AZ,Heshuijzenstraat,Dreischor
2,4328PH,'s Gravenmeet,Burgh-Haamstede
12,4328JT,Populierenlaan,Burgh-Haamstede
33,4328HK,Binnenduin,Burgh-Haamstede
86,4328EL,Hogezoom,Burgh-Haamstede
8,4301WV,Zeehondenplaat,Zierikzee
13,4301XG,Haringvlietplein,Zierikzee
55,4328NB,Weeldeweg,Burgh-Haamstede
61,4328NB,Weeldeweg,Burgh-Haamstede
18,4328NC,Weeldeweg,Burgh-Haamstede
27,4328LT,Burgemeester M. Bollelaan,Burgh-Haamstede
23,4328LT,Burgemeester M. Bollelaan,Burgh-Haamstede
9,4311ES,Hoogaarsstraat,Bruinisse
9,4311CC,Schipperslaan,Bruinisse
21,4311BR,Prinses Irenestraat,Bruinisse
39,4311NZ,Molenweg "De Kreek" Vijverlaan,Bruinisse
60,4311NW,Molenweg "De Kreek" Hertengang,Bruinisse
26,4311BA,Havenkade,Bruinisse
7,4301HA,Maarstraat,Zierikzee
8,4301MJ,de Cranestraat,Zierikzee
6,4311RK,Zijpe,Bruinisse
21,4301ZP,Vondelingsplaat,Zierikzee
31,4301ZE,Kreeftstraat,Zierikzee
23,4301ZP,Vondelingsplaat,Zierikzee
64,4301EX,Minderbroederstraat,Zierikzee
38,4301EW,Minderbroederstraat,Zierikzee
28,4311ER,Meekrapstraat,Bruinisse
3,4306NG,Sluisweg,Nieuwerkerk
64,4317NM,Donkereweg,Noordgouwe
49,4317NG,Kloosterweg,Noordgouwe
3,4328NK,Nieuwe Havenweg,Burgh-Haamstede
10,4321SM,Provincialeweg,Kerkwerve
2,4328RK,Breevosdal,Burgh-Haamstede
16,4301CC,Visstraat,Zierikzee
45,4315AB,Mr. Pieter Moggestraat,Dreischor
14,4315CA,Stoofweg,Dreischor
35,4315AB,Mr. Pieter Moggestraat,Dreischor
76,4301VE,Scheldestraat,Zierikzee
15,4301GW,Karnemelksvaart,Zierikzee
74,4301VE,Scheldestraat,Zierikzee
5,4301KB,Hoge Molenstraat,Zierikzee
9,4301KB,Hoge Molenstraat,Zierikzee
68,4301ZR,Steenbank,Zierikzee
11,4301WJ,Zandkreekstraat,Zierikzee
27,4301JJ,Oude Haven,Zierikzee
20,4301LK,Plevierstraat,Zierikzee
30,4301LK,Plevierstraat,Zierikzee
23,4307AR,Sint Joostdijk,Oosterland
12,4301VP,Krammerstraat,Zierikzee
62,4301XT,Volkerakstraat,Zierikzee
20,4301ZN,Speelmansplaat,Zierikzee
11,4301EZ,Zevengetijstraat,Zierikzee
16,4301MC,Ockerssestraat,Zierikzee
30,4301KN,Bogaardstraat,Zierikzee
51,4301HX,Verrenieuwstraat,Zierikzee
24,4301GP,Slabberswerf,Zierikzee
24,4301ZN,Speelmansplaat,Zierikzee
16,4301XS,Volkerakstraat,Zierikzee
5,4323LG,Burgemeester de Bruijnstraat,Ellemeet
26,4301MJ,de Cranestraat,Zierikzee
30,4301MJ,de Cranestraat,Zierikzee
21,4306DB,Elzenstraat,Nieuwerkerk
20,4301JZ,Vrije,Zierikzee
8,4301HB,Melkmarkt,Zierikzee
57,4301ML,Caustraat,Zierikzee
58,4301MN,Caustraat,Zierikzee
16,4301EP,Kerkhof,Zierikzee
21,4301GV,Gravenstraat,Zierikzee
99,4301WZ,Roggenplaat,Zierikzee
15,4301LE,Moggestraat,Zierikzee
28,4307BH,Suzanna Maria Loncquestraat,Oosterland
21,4301BM,Wevershoek,Zierikzee
2,4301WG,Mastgatstraat,Zierikzee
19,4306AD,Meidoornstraat,Nieuwerkerk
7,4306CX,Dolfijnstraat,Nieuwerkerk
4,4306CT,Wethouder van Klinkenstraat,Nieuwerkerk
18,4306CG,Molenstraat,Nieuwerkerk
46,4301BX,Weststraat,Zierikzee
1,4306AR,Koningin Maudplein,Nieuwerkerk
26,4306AH,Esdoornstraat,Nieuwerkerk
15,4307BG,Suzanna Maria Loncquestraat,Oosterland
14,4301WB,Keetenstraat,Zierikzee
36,4311NV,Molenweg "De Kreek" Fazantendreef,Bruinisse
8,4307NK,Ringweg,Oosterland
39,4317NE,Kloosterweg,Noordgouwe
1,4317MN,Zeerust,Noordgouwe
24,4308NV,Dillingsweg,Sirjansland
3,4317MD,Weltevree,Noordgouwe
23,4328RA,Hoge Hilleweg,Burgh-Haamstede
3,4328KP,Rozenlaan,Burgh-Haamstede
25,4328HK,Binnenduin,Burgh-Haamstede
2,4328JN,Berkenpad,Burgh-Haamstede
4,4328JR,Acacialaan,Burgh-Haamstede
7,4316AV,Veerdijk,Zonnemaire
20,4323LH,Burgemeester de Bruijnstraat,Ellemeet
84,4301MT,de Vagerstraat,Zierikzee
86,4301MT,de Vagerstraat,Zierikzee
94,4301MT,de Vagerstraat,Zierikzee
98,4301MT,de Vagerstraat,Zierikzee
55,4301WE,Mastgatstraat,Zierikzee
16,4301JP,Paardenstraat,Zierikzee
27,4301ZP,Vondelingsplaat,Zierikzee
22,4301ZC,Zeesterpad,Zierikzee
45,4311RL,Dorpsweg,Bruinisse
33,4301ZK,Oesterstraat,Zierikzee
25,4301JD,Havenplein,Zierikzee
12,4301MS,de Vagerstraat,Zierikzee
51,4301ZV,Schouwenbank,Zierikzee
24,4301WB,Keetenstraat,Zierikzee
47,4301AB,Poststraat,Zierikzee
40,4301HH,Jannewekken,Zierikzee
44,4301HH,Jannewekken,Zierikzee
61,4301JX,Vrije,Zierikzee
2,4311AK,Dreef,Bruinisse
2,4311EV,Botterstraat,Bruinisse
2,4311AC,Plantage,Bruinisse
65,4307BC,Burgemeester van der Havestraat,Oosterland
3,4301JJ,Oude Haven,Zierikzee
1,4301WJ,Zandkreekstraat,Zierikzee
43,4307BB,Burgemeester van der Havestraat,Oosterland
75,4307BC,Burgemeester van der Havestraat,Oosterland
12,4311CV,Maisstraat,Bruinisse
5,4306PE,Capelleweg,Nieuwerkerk
11,4301NW,Lange Blokweg,Zierikzee
33,4301NS,Mauritslaan,Zierikzee
9,4301GW,Karnemelksvaart,Zierikzee
23,4301ZX,Steenbank,Zierikzee
7,4301GW,Karnemelksvaart,Zierikzee
40,4306DC,Plataanstraat,Nieuwerkerk
32,4306DC,Plataanstraat,Nieuwerkerk
60,4301VE,Scheldestraat,Zierikzee
22,4311CG,Burgemeester Hagelaan,Bruinisse
24,4311GW,Noorddijk,Bruinisse
2,4311NX,Molenweg "De Kreek" Konijnenberg,Bruinisse
27,4301WZ,Roggenplaat,Zierikzee
11,4311CN,Haverstraat,Bruinisse
6,4311NW,Molenweg "De Kreek" Hertengang,Bruinisse
12,4311NZ,Molenweg "De Kreek" Vijverlaan,Bruinisse
17,4311NZ,Molenweg "De Kreek" Vijverlaan,Bruinisse
8,4323LJ,Dorpsstraat,Ellemeet
67,4301ZV,Schouwenbank,Zierikzee
21,4301XA,Kabbelaarsbank,Zierikzee
7,4301LB,de Huijbertstraat,Zierikzee
9,4301HC,Schuithaven,Zierikzee
1,4301KT,Mulockstraat,Zierikzee
16,4301GV,Gravenstraat,Zierikzee
14,4301LK,Plevierstraat,Zierikzee
5,4307BA,Koninginneplein,Oosterland
1,4306AS,Ribesstraat,Nieuwerkerk
98,4301WH,Mastgatstraat,Zierikzee
35,4301AL,Krepelstraat,Zierikzee
12,4301AM,Krepelstraat,Zierikzee
20,4306CA,Poststraat,Nieuwerkerk
4,4301VW,Hammenstraat,Zierikzee
30,4301VP,Krammerstraat,Zierikzee
9,4306BN,Fazantenlaan,Nieuwerkerk
21,4301BD,Gat van West Noord Westen,Zierikzee
26,4301CK,Oude Haven,Zierikzee
13,4326LL,Kuijerdamseweg,Noordwelle
34,4323LC,Kuijerdamseweg,Ellemeet
24,4318TS,Cardium,Brouwershaven
4,4322BT,Putmeetweg,Scharendijke
115,4318TZ,Herckenstein,Brouwershaven
114,4318TZ,Herckenstein,Brouwershaven
14,4322CD,Akkerbloemstraat,Scharendijke
33,4301LW,Calandweg,Zierikzee
10,4306AE,Meidoornstraat,Nieuwerkerk
27,4301BW,Weststraat,Zierikzee
33,4301JG,Havenpark,Zierikzee
16,4301AE,Korte St. Janstraat,Zierikzee
29,4301JG,Havenpark,Zierikzee
82,4301MT,de Vagerstraat,Zierikzee
2,4301CB,Havenplein,Zierikzee
44,4301MS,de Vagerstraat,Zierikzee
44,4307BP,Dokter Schutterstraat,Oosterland
10,4307BH,Suzanna Maria Loncquestraat,Oosterland
3,4301MR,de Vagerstraat,Zierikzee
33,4301VZ,Keetenstraat,Zierikzee
78,4301WC,Keetenstraat,Zierikzee
3,4311BN,Prinses Wilhelminalaan,Bruinisse
16,4311GA,Ten Anker,Bruinisse
26,4301GX,Karnemelksvaart,Zierikzee
2,4307BW,Korenbloemstraat,Oosterland
4,4306CW,Burgemeester van Eetenstraat,Nieuwerkerk
47,4306AG,Esdoornstraat,Nieuwerkerk
30,4301LZ,Calandweg,Zierikzee
45,4301ML,Caustraat,Zierikzee
53,4301ML,Caustraat,Zierikzee
47,4301ML,Caustraat,Zierikzee
6,4301KD,Baden Powellweg,Zierikzee
30,4301WX,Roggenplaat,Zierikzee
17,4301BM,Wevershoek,Zierikzee
126,4301VH,Scheldestraat,Zierikzee
15,4311CT,Riekusweel,Bruinisse
33,4301ZH,Wulkenpad,Zierikzee
58,4311NL,Grevelingenhout,Bruinisse
20,4307BN,van den Abeelestraat,Oosterland
4,4301ZX,Steenbank,Zierikzee
26,4301WB,Keetenstraat,Zierikzee
58,4301KW,Mulockstraat,Zierikzee
98,4301VG,Scheldestraat,Zierikzee
13,4328CK,Appelmeet,Burgh-Haamstede
41,4301EB,Meelstraat,Zierikzee
43,4307LA,Oud Heiligeweg,Oosterland
38,4301ZX,Steenbank,Zierikzee
53,4307BT,Margrietstraat,Oosterland
26,4307BR,Weelstraat,Oosterland
3,4301VV,Deurloostraat,Zierikzee
57,4306CK,Kerkring,Nieuwerkerk
10,4301BP,Raamstraat,Zierikzee
14,4301WX,Roggenplaat,Zierikzee
31,4301VA,Scheldestraat,Zierikzee
33,4301VA,Scheldestraat,Zierikzee
77,4307BC,Burgemeester van der Havestraat,Oosterland
82,4328PH,Hogeweg,Burgh-Haamstede
27,4301XA,Kabbelaarsbank,Zierikzee
29,4301XA,Kabbelaarsbank,Zierikzee
45,4301XB,Kabbelaarsbank,Zierikzee
25,4307BM,van den Abeelestraat,Oosterland
2,4307BJ,Steengrachtstraat,Oosterland
6,4307BW,Korenbloemstraat,Oosterland
51,4301XB,Kabbelaarsbank,Zierikzee
17,4307BT,Margrietstraat,Oosterland
10,4301KB,Hoge Molenstraat,Zierikzee
10,4301KC,Hoge Molenstraat,Zierikzee
19,4328BT,Irenestraat,Burgh-Haamstede
38,4328CK,Appelmeet,Burgh-Haamstede
5,4328HJ,Stuifketel,Burgh-Haamstede
31,4316AE,Margrietstraat,Zonnemaire
21,4316AN,Trambaan,Zonnemaire
8,4307BD,Burgemeester van der Havestraat,Oosterland
56,4301LL,Plevierstraat,Zierikzee
11,4301XM,Wielingenstraat,Zierikzee
10,4306AM,Erling Steenstraat,Nieuwerkerk
37,4301WE,Mastgatstraat,Zierikzee
3,4301ZX,Steenbank,Zierikzee
3,4325LA,Korte Moermondsweg,Renesse
13,4306CV,Burgemeester van Eetenstraat,Nieuwerkerk
14,4306DC,Plataanstraat,Nieuwerkerk
16,4306DC,Plataanstraat,Nieuwerkerk
12,4306DC,Plataanstraat,Nieuwerkerk
4,4306AP,Lijsterbesstraat,Nieuwerkerk
73,4301WZ,Roggenplaat,Zierikzee
9,4307BA,Koninginneplein,Oosterland
3,4306AW,Lijsterbesstraat,Nieuwerkerk
2,4307BD,Burgemeester van der Havestraat,Oosterland
118,4301VG,Scheldestraat,Zierikzee
8,4311CJ,Prinses Margrietstraat,Bruinisse
2,4306DC,Plataanstraat,Nieuwerkerk
2,4301GV,Gravenstraat,Zierikzee
51,4307BT,Margrietstraat,Oosterland
71,4301ZV,Schouwenbank,Zierikzee
10,4301JZ,Vrije,Zierikzee
28,4325AB,Lange Reke,Renesse
6,4322DL,Noordzeelaan,Scharendijke
12,4322CD,Akkerbloemstraat,Scharendijke
2,4322DL,Noordzeelaan,Scharendijke
80,4318TR,Meeuwenstein,Brouwershaven
10,4301HZ,Verrenieuwstraat,Zierikzee
132,4301VH,Scheldestraat,Zierikzee
13,4301BM,Wevershoek,Zierikzee
21,4306CX,Dolfijnstraat,Nieuwerkerk
34,4307BP,Dokter Schutterstraat,Oosterland
86,4301KC,Hoge Molenstraat,Zierikzee
32,4307BN,van den Abeelestraat,Oosterland
18,4301BX,Weststraat,Zierikzee
36,4301MS,de Vagerstraat,Zierikzee
28,4301ZT,Schouwenbank,Zierikzee
16,4301XK,Vlakestraat,Zierikzee
34,4301ZJ,Oesterstraat,Zierikzee
64,4301ZD,Kreeftstraat,Zierikzee
38,4301ZD,Kreeftstraat,Zierikzee
48,4311EN,Dokter de Kockstraat,Bruinisse
3,4311CE,Burgemeester Hagelaan,Bruinisse
12,4311AN,Nieuwstraat,Bruinisse
54,4301ZS,Schouwenbank,Zierikzee
2,4307BN,van den Abeelestraat,Oosterland
4,4301NM,Stapelshofweg,Zierikzee
102,4301WH,Mastgatstraat,Zierikzee
74,4301MT,de Vagerstraat,Zierikzee
16,4307BH,Suzanna Maria Loncquestraat,Oosterland
2,4321AT,Simonskerkestraat,Kerkwerve
3,4321AV,'t Laantje,Kerkwerve
9,4328NE,Meeldijk,Burgh-Haamstede
4,4315CG,Blindeweg,Dreischor
2,4321TJ,Bartelsweg,Kerkwerve
38,4306CW,Burgemeester van Eetenstraat,Nieuwerkerk
46,4306CW,Burgemeester van Eetenstraat,Nieuwerkerk
65,4328KH,Torenweg,Burgh-Haamstede
1,4323SN,Ridderweg,Ellemeet
11,4316AN,Trambaan,Zonnemaire
71,4328KH,Torenweg,Burgh-Haamstede
1,4301JC,Mol,Zierikzee
43,4301ZX,Steenbank,Zierikzee
3,4301HA,Maarstraat,Zierikzee
3,4311RG,Zuidweg,Bruinisse
31,4307AG,Molenweg,Oosterland
4,4301CP,Sint Domusstraat,Zierikzee
97,4301WZ,Roggenplaat,Zierikzee
28,4307AX,Sandströmstraat,Oosterland
10,4306CH,Schoolstraat,Nieuwerkerk
30,4301LG,Moggestraat,Zierikzee
49,4328NB,Weeldeweg,Burgh-Haamstede
16,4301EC,Meelstraat,Zierikzee
7,4301KD,Baden Powellweg,Zierikzee
34,4301ET,Lammermarkt,Zierikzee
4,4301ET,Lammermarkt,Zierikzee
16,4301EW,Minderbroederstraat,Zierikzee
20,4301MB,de Kanterlaan,Zierikzee
10,4316AL,Dreef,Zonnemaire
9,4301NK,Zaagmolen,Zierikzee
21,4301JJ,Oude Haven,Zierikzee
6,4306AP,Lijsterbesstraat,Nieuwerkerk
13,4301NK,Zaagmolen,Zierikzee
8,4307BA,Koninginneplein,Oosterland
33,4301BL,Pieterseliestraat,Zierikzee
16,4307BD,Burgemeester van der Havestraat,Oosterland
3,4301AH,Lange St. Janstraat,Zierikzee
69,4301ZG,Kreeftstraat,Zierikzee
6,4301SG,Boerenweg,Zierikzee
58,4301ZJ,Oesterstraat,Zierikzee
35,4311CT,Riekusweel,Bruinisse
8,4301NZ,Frederik Hendriklaan,Zierikzee
8,4301ET,Lammermarkt,Zierikzee
46,4301EX,Minderbroederstraat,Zierikzee
18,4301MB,de Kanterlaan,Zierikzee
40,4301XP,Wielingenstraat,Zierikzee
42,4301XP,Wielingenstraat,Zierikzee
49,4301ME,De Brauwstraat,Zierikzee
8,4301MD,Fokkerstraat,Zierikzee
47,4301XN,Wielingenstraat,Zierikzee
17,4307CC,Leeuwenburg,Oosterland
1,4301KP,Kaersemakerstraat,Zierikzee
6,4318NB,Zaete,Brouwershaven
7,4307BT,Margrietstraat,Oosterland
