20,5022KL,Cenakel,Tilburg
21,5022KL,Cenakel,Tilburg
22,5022KL,Cenakel,Tilburg
23,5022KL,Cenakel,Tilburg
24,5022KL,Cenakel,Tilburg
25,5022KL,Cenakel,Tilburg
26,5022KL,Cenakel,Tilburg
27,5022KL,Cenakel,Tilburg
28,5022KL,Cenakel,Tilburg
29,5022KL,Cenakel,Tilburg
30,5022KL,Cenakel,Tilburg
31,5022KL,Cenakel,Tilburg
32,5022KL,Cenakel,Tilburg
33,5022KL,Cenakel,Tilburg
34,5022KL,Cenakel,Tilburg
35,5022KL,Cenakel,Tilburg
36,5022KL,Cenakel,Tilburg
37,5022KL,Cenakel,Tilburg
38,5022KL,Cenakel,Tilburg
39,5022KL,Cenakel,Tilburg
40,5022KL,Cenakel,Tilburg
29,5071RC,Schoorstraat,Udenhout
41,5022KL,Cenakel,Tilburg
42,5022KL,Cenakel,Tilburg
43,5022KL,Cenakel,Tilburg
44,5022KL,Cenakel,Tilburg
45,5022KL,Cenakel,Tilburg
46,5022KL,Cenakel,Tilburg
2,5056CR,Generaal Eisenhowerweg,Berkel-Enschot
119,5056MB,De Ploegschaar,Berkel-Enschot
121,5056MB,De Ploegschaar,Berkel-Enschot
1,5022KK,Cenakel,Tilburg
6,5022KK,Cenakel,Tilburg
15,5045JC,Middendorpstraat,Tilburg
115,5056MB,De Ploegschaar,Berkel-Enschot
80,5071ED,Groenstraat,Udenhout
42,5038BP,Pieter Vreedeplein,Tilburg
8,5022KK,Cenakel,Tilburg
9,5022KK,Cenakel,Tilburg
10,5022KK,Cenakel,Tilburg
11,5022KK,Cenakel,Tilburg
12,5022KK,Cenakel,Tilburg
13,5022KK,Cenakel,Tilburg
14,5022KK,Cenakel,Tilburg
2,5022KK,Cenakel,Tilburg
3,5022KK,Cenakel,Tilburg
4,5022KK,Cenakel,Tilburg
7,5022KK,Cenakel,Tilburg
110,5025JK,Korvelseweg,Tilburg
136,5025JL,Korvelseweg,Tilburg
1702,5041SH,Burgemeester Brokxlaan,Tilburg
1704,5041SH,Burgemeester Brokxlaan,Tilburg
80,5022KM,Cenakel,Tilburg
81,5022KM,Cenakel,Tilburg
82,5022KM,Cenakel,Tilburg
83,5022KM,Cenakel,Tilburg
84,5022KM,Cenakel,Tilburg
85,5022KM,Cenakel,Tilburg
86,5022KM,Cenakel,Tilburg
87,5022KM,Cenakel,Tilburg
88,5022KM,Cenakel,Tilburg
89,5022KM,Cenakel,Tilburg
90,5022KM,Cenakel,Tilburg
91,5022KM,Cenakel,Tilburg
92,5022KM,Cenakel,Tilburg
93,5022KM,Cenakel,Tilburg
94,5022KM,Cenakel,Tilburg
95,5022KM,Cenakel,Tilburg
61,5022KM,Cenakel,Tilburg
62,5022KM,Cenakel,Tilburg
63,5022KM,Cenakel,Tilburg
64,5022KM,Cenakel,Tilburg
65,5022KM,Cenakel,Tilburg
66,5022KM,Cenakel,Tilburg
67,5022KM,Cenakel,Tilburg
68,5022KM,Cenakel,Tilburg
69,5022KM,Cenakel,Tilburg
70,5022KM,Cenakel,Tilburg
71,5022KM,Cenakel,Tilburg
72,5022KM,Cenakel,Tilburg
73,5022KM,Cenakel,Tilburg
74,5022KM,Cenakel,Tilburg
75,5022KM,Cenakel,Tilburg
76,5022KM,Cenakel,Tilburg
77,5022KM,Cenakel,Tilburg
78,5022KM,Cenakel,Tilburg
94,5017HE,Boerhaavestraat,Tilburg
96,5017HE,Boerhaavestraat,Tilburg
79,5022KM,Cenakel,Tilburg
3,5035AL,Ruurlostraat,Tilburg
1,5045EG,Meedhuizenstraat,Tilburg
3,5045EG,Meedhuizenstraat,Tilburg
5,5045EG,Meedhuizenstraat,Tilburg
9,5045EG,Meedhuizenstraat,Tilburg
11,5045EG,Meedhuizenstraat,Tilburg
13,5045EG,Meedhuizenstraat,Tilburg
15,5045EG,Meedhuizenstraat,Tilburg
17,5045EG,Meedhuizenstraat,Tilburg
19,5045EG,Meedhuizenstraat,Tilburg
21,5045EG,Meedhuizenstraat,Tilburg
23,5045EG,Meedhuizenstraat,Tilburg
25,5045EG,Meedhuizenstraat,Tilburg
27,5045EG,Meedhuizenstraat,Tilburg
29,5045EG,Meedhuizenstraat,Tilburg
31,5045EG,Meedhuizenstraat,Tilburg
33,5045EG,Meedhuizenstraat,Tilburg
35,5045EG,Meedhuizenstraat,Tilburg
37,5045EG,Meedhuizenstraat,Tilburg
39,5045EG,Meedhuizenstraat,Tilburg
1,5056BH,Kattedoorn,Berkel-Enschot
3,5056BH,Kattedoorn,Berkel-Enschot
5,5056BH,Kattedoorn,Berkel-Enschot
7,5056BH,Kattedoorn,Berkel-Enschot
9,5056BH,Kattedoorn,Berkel-Enschot
11,5056BH,Kattedoorn,Berkel-Enschot
13,5056BH,Kattedoorn,Berkel-Enschot
15,5056BH,Kattedoorn,Berkel-Enschot
17,5056BH,Kattedoorn,Berkel-Enschot
57,5041DM,Stedekestraat,Tilburg
2,5045LP,Maasbommelstraat,Tilburg
4,5045LP,Maasbommelstraat,Tilburg
6,5045LP,Maasbommelstraat,Tilburg
8,5045LP,Maasbommelstraat,Tilburg
10,5045LP,Maasbommelstraat,Tilburg
12,5045LP,Maasbommelstraat,Tilburg
14,5045LP,Maasbommelstraat,Tilburg
16,5045LP,Maasbommelstraat,Tilburg
18,5045LP,Maasbommelstraat,Tilburg
20,5045LP,Maasbommelstraat,Tilburg
22,5045LP,Maasbommelstraat,Tilburg
24,5045LP,Maasbommelstraat,Tilburg
26,5045LP,Maasbommelstraat,Tilburg
28,5045LP,Maasbommelstraat,Tilburg
30,5045LP,Maasbommelstraat,Tilburg
41,5045EG,Meedhuizenstraat,Tilburg
43,5045EG,Meedhuizenstraat,Tilburg
2,5045EG,Meedhuizenstraat,Tilburg
4,5045EG,Meedhuizenstraat,Tilburg
6,5045EG,Meedhuizenstraat,Tilburg
8,5045EG,Meedhuizenstraat,Tilburg
10,5045EG,Meedhuizenstraat,Tilburg
12,5045EG,Meedhuizenstraat,Tilburg
14,5045EG,Meedhuizenstraat,Tilburg
16,5045EG,Meedhuizenstraat,Tilburg
18,5045EG,Meedhuizenstraat,Tilburg
20,5045EG,Meedhuizenstraat,Tilburg
19,5056BH,Kattedoorn,Berkel-Enschot
21,5056BH,Kattedoorn,Berkel-Enschot
23,5056BH,Kattedoorn,Berkel-Enschot
25,5056BH,Kattedoorn,Berkel-Enschot
27,5056BH,Kattedoorn,Berkel-Enschot
2,5056BH,Kattedoorn,Berkel-Enschot
4,5056BH,Kattedoorn,Berkel-Enschot
6,5056BH,Kattedoorn,Berkel-Enschot
8,5056BH,Kattedoorn,Berkel-Enschot
10,5056BH,Kattedoorn,Berkel-Enschot
12,5056BH,Kattedoorn,Berkel-Enschot
14,5056BH,Kattedoorn,Berkel-Enschot
1,5056BG,Vrouwenmantel,Berkel-Enschot
2,5056BG,Vrouwenmantel,Berkel-Enschot
3,5056BG,Vrouwenmantel,Berkel-Enschot
4,5056BG,Vrouwenmantel,Berkel-Enschot
5,5056BG,Vrouwenmantel,Berkel-Enschot
6,5056BG,Vrouwenmantel,Berkel-Enschot
7,5056BG,Vrouwenmantel,Berkel-Enschot
8,5056BG,Vrouwenmantel,Berkel-Enschot
9,5056BG,Vrouwenmantel,Berkel-Enschot
10,5056BG,Vrouwenmantel,Berkel-Enschot
11,5056BG,Vrouwenmantel,Berkel-Enschot
12,5056BG,Vrouwenmantel,Berkel-Enschot
32,5045LP,Maasbommelstraat,Tilburg
34,5045LP,Maasbommelstraat,Tilburg
36,5045LP,Maasbommelstraat,Tilburg
38,5045LP,Maasbommelstraat,Tilburg
40,5045LP,Maasbommelstraat,Tilburg
42,5045LP,Maasbommelstraat,Tilburg
44,5045LP,Maasbommelstraat,Tilburg
46,5045LP,Maasbommelstraat,Tilburg
48,5045LP,Maasbommelstraat,Tilburg
50,5045LP,Maasbommelstraat,Tilburg
52,5045LP,Maasbommelstraat,Tilburg
54,5045LP,Maasbommelstraat,Tilburg
56,5045LP,Maasbommelstraat,Tilburg
58,5045LP,Maasbommelstraat,Tilburg
60,5045LP,Maasbommelstraat,Tilburg
62,5045LP,Maasbommelstraat,Tilburg
64,5045LP,Maasbommelstraat,Tilburg
66,5045LP,Maasbommelstraat,Tilburg
1,5045LP,Maasbommelstraat,Tilburg
3,5045LP,Maasbommelstraat,Tilburg
5,5045LP,Maasbommelstraat,Tilburg
7,5045LP,Maasbommelstraat,Tilburg
9,5045LP,Maasbommelstraat,Tilburg
11,5045LP,Maasbommelstraat,Tilburg
13,5045LP,Maasbommelstraat,Tilburg
15,5045LP,Maasbommelstraat,Tilburg
17,5045LP,Maasbommelstraat,Tilburg
19,5045LP,Maasbommelstraat,Tilburg
21,5045LP,Maasbommelstraat,Tilburg
23,5045LP,Maasbommelstraat,Tilburg
25,5045LP,Maasbommelstraat,Tilburg
27,5045LP,Maasbommelstraat,Tilburg
29,5045LP,Maasbommelstraat,Tilburg
31,5045LP,Maasbommelstraat,Tilburg
33,5045LP,Maasbommelstraat,Tilburg
35,5045LP,Maasbommelstraat,Tilburg
37,5045LP,Maasbommelstraat,Tilburg
39,5045LP,Maasbommelstraat,Tilburg
41,5045LP,Maasbommelstraat,Tilburg
45,5045LP,Maasbommelstraat,Tilburg
47,5045LP,Maasbommelstraat,Tilburg
49,5045LP,Maasbommelstraat,Tilburg
51,5045LP,Maasbommelstraat,Tilburg
53,5045LP,Maasbommelstraat,Tilburg
55,5045LP,Maasbommelstraat,Tilburg
57,5045LP,Maasbommelstraat,Tilburg
59,5045LP,Maasbommelstraat,Tilburg
14,5037AC,Sportweg,Tilburg
22,5037AC,Sportweg,Tilburg
24,5037AC,Sportweg,Tilburg
125,5056MB,De Ploegschaar,Berkel-Enschot
61,5045LP,Maasbommelstraat,Tilburg
63,5045LP,Maasbommelstraat,Tilburg
65,5045LP,Maasbommelstraat,Tilburg
67,5045LP,Maasbommelstraat,Tilburg
69,5045LP,Maasbommelstraat,Tilburg
59,5046MB,Van Bylandtstraat,Tilburg
17,5022EM,Oude Hilvarenbeekseweg,Tilburg
91,5041DM,Stedekestraat,Tilburg
93,5041DM,Stedekestraat,Tilburg
4,5045EA,Milheezestraat,Tilburg
6,5045EA,Milheezestraat,Tilburg
8,5045EA,Milheezestraat,Tilburg
10,5045EA,Milheezestraat,Tilburg
12,5045EA,Milheezestraat,Tilburg
14,5045EA,Milheezestraat,Tilburg
16,5045EA,Milheezestraat,Tilburg
22,5017GH,Sint Josephstraat,Tilburg
18,5045EA,Milheezestraat,Tilburg
22,5045EA,Milheezestraat,Tilburg
24,5045EA,Milheezestraat,Tilburg
26,5045EA,Milheezestraat,Tilburg
28,5045EA,Milheezestraat,Tilburg
30,5045EA,Milheezestraat,Tilburg
32,5045EA,Milheezestraat,Tilburg
34,5045EA,Milheezestraat,Tilburg
38,5045EA,Milheezestraat,Tilburg
40,5045EA,Milheezestraat,Tilburg
42,5045EA,Milheezestraat,Tilburg
44,5045EA,Milheezestraat,Tilburg
46,5045EA,Milheezestraat,Tilburg
48,5045EA,Milheezestraat,Tilburg
50,5045EA,Milheezestraat,Tilburg
52,5045EA,Milheezestraat,Tilburg
54,5045EA,Milheezestraat,Tilburg
56,5045EA,Milheezestraat,Tilburg
58,5045EA,Milheezestraat,Tilburg
60,5045EA,Milheezestraat,Tilburg
62,5045EA,Milheezestraat,Tilburg
64,5045EA,Milheezestraat,Tilburg
1,5071KJ,Onsenoort,Udenhout
3,5071KJ,Onsenoort,Udenhout
5,5071KJ,Onsenoort,Udenhout
7,5071KJ,Onsenoort,Udenhout
9,5071KJ,Onsenoort,Udenhout
11,5071KJ,Onsenoort,Udenhout
13,5071KJ,Onsenoort,Udenhout
15,5071KJ,Onsenoort,Udenhout
17,5071KJ,Onsenoort,Udenhout
19,5071KJ,Onsenoort,Udenhout
21,5071KJ,Onsenoort,Udenhout
23,5071KJ,Onsenoort,Udenhout
25,5071KJ,Onsenoort,Udenhout
27,5071KJ,Onsenoort,Udenhout
29,5071KJ,Onsenoort,Udenhout
31,5071KJ,Onsenoort,Udenhout
2,5071KK,Onsenoort,Udenhout
4,5071KK,Onsenoort,Udenhout
6,5071KK,Onsenoort,Udenhout
8,5071KK,Onsenoort,Udenhout
10,5071KK,Onsenoort,Udenhout
12,5071KK,Onsenoort,Udenhout
14,5071KK,Onsenoort,Udenhout
16,5071KK,Onsenoort,Udenhout
18,5071KK,Onsenoort,Udenhout
20,5071KK,Onsenoort,Udenhout
22,5071KK,Onsenoort,Udenhout
24,5071KK,Onsenoort,Udenhout
26,5071KK,Onsenoort,Udenhout
28,5071KK,Onsenoort,Udenhout
30,5071KK,Onsenoort,Udenhout
32,5071KK,Onsenoort,Udenhout
2,5071GJ,Helmkruid,Udenhout
2,5045EA,Milheezestraat,Tilburg
68,5045LP,Maasbommelstraat,Tilburg
100,5045PD,Reeshofdijk,Tilburg
143,5017GG,Sint Josephstraat,Tilburg
106,5017GK,Sint Josephstraat,Tilburg
3,5049HA,Componistenlaan,Tilburg
13,5044JK,Kobaltstraat,Tilburg
533,5049BL,Mascagnistraat,Tilburg
1,5035JH,Schiermonnikoogerf,Tilburg
2,5035JH,Schiermonnikoogerf,Tilburg
3,5035JH,Schiermonnikoogerf,Tilburg
4,5035JH,Schiermonnikoogerf,Tilburg
5,5035JH,Schiermonnikoogerf,Tilburg
6,5035JH,Schiermonnikoogerf,Tilburg
8,5035JH,Schiermonnikoogerf,Tilburg
10,5038SJ,Korte Tuinstraat,Tilburg
9,5035JH,Schiermonnikoogerf,Tilburg
10,5035JH,Schiermonnikoogerf,Tilburg
11,5035JH,Schiermonnikoogerf,Tilburg
12,5035JH,Schiermonnikoogerf,Tilburg
13,5035JH,Schiermonnikoogerf,Tilburg
14,5035JH,Schiermonnikoogerf,Tilburg
15,5035JH,Schiermonnikoogerf,Tilburg
16,5035JH,Schiermonnikoogerf,Tilburg
17,5035JH,Schiermonnikoogerf,Tilburg
18,5035JH,Schiermonnikoogerf,Tilburg
19,5035JH,Schiermonnikoogerf,Tilburg
20,5035JH,Schiermonnikoogerf,Tilburg
1,5035GG,Serooskerkestraat,Tilburg
3,5035GG,Serooskerkestraat,Tilburg
5,5035GG,Serooskerkestraat,Tilburg
7,5035GG,Serooskerkestraat,Tilburg
9,5035GG,Serooskerkestraat,Tilburg
11,5035GG,Serooskerkestraat,Tilburg
13,5035GG,Serooskerkestraat,Tilburg
15,5035GG,Serooskerkestraat,Tilburg
17,5035GG,Serooskerkestraat,Tilburg
19,5035GG,Serooskerkestraat,Tilburg
21,5035GG,Serooskerkestraat,Tilburg
23,5035GG,Serooskerkestraat,Tilburg
2,5035GH,Serooskerkestraat,Tilburg
4,5035GH,Serooskerkestraat,Tilburg
6,5035GH,Serooskerkestraat,Tilburg
8,5035GH,Serooskerkestraat,Tilburg
10,5035GH,Serooskerkestraat,Tilburg
12,5035GH,Serooskerkestraat,Tilburg
14,5035GH,Serooskerkestraat,Tilburg
16,5035GH,Serooskerkestraat,Tilburg
18,5035GH,Serooskerkestraat,Tilburg
20,5035GH,Serooskerkestraat,Tilburg
22,5035GH,Serooskerkestraat,Tilburg
24,5035GH,Serooskerkestraat,Tilburg
26,5035GH,Serooskerkestraat,Tilburg
28,5035GH,Serooskerkestraat,Tilburg
30,5035GH,Serooskerkestraat,Tilburg
32,5035GH,Serooskerkestraat,Tilburg
34,5035GH,Serooskerkestraat,Tilburg
36,5035GH,Serooskerkestraat,Tilburg
38,5035GH,Serooskerkestraat,Tilburg
40,5035GH,Serooskerkestraat,Tilburg
42,5035GH,Serooskerkestraat,Tilburg
44,5035GH,Serooskerkestraat,Tilburg
46,5035GH,Serooskerkestraat,Tilburg
48,5035GH,Serooskerkestraat,Tilburg
50,5035GH,Serooskerkestraat,Tilburg
7,5038AT,Kapelhof,Tilburg
2,5035GB,Steenwijksingel,Tilburg
4,5035GB,Steenwijksingel,Tilburg
6,5035GB,Steenwijksingel,Tilburg
8,5035GB,Steenwijksingel,Tilburg
10,5035GB,Steenwijksingel,Tilburg
12,5035GB,Steenwijksingel,Tilburg
14,5035GB,Steenwijksingel,Tilburg
16,5035GB,Steenwijksingel,Tilburg
18,5035GB,Steenwijksingel,Tilburg
20,5035GB,Steenwijksingel,Tilburg
22,5035GB,Steenwijksingel,Tilburg
24,5035GB,Steenwijksingel,Tilburg
26,5035GB,Steenwijksingel,Tilburg
28,5035GB,Steenwijksingel,Tilburg
30,5035GB,Steenwijksingel,Tilburg
32,5035GB,Steenwijksingel,Tilburg
34,5035GB,Steenwijksingel,Tilburg
36,5035GB,Steenwijksingel,Tilburg
38,5035GB,Steenwijksingel,Tilburg
40,5035GB,Steenwijksingel,Tilburg
42,5035GB,Steenwijksingel,Tilburg
44,5035GB,Steenwijksingel,Tilburg
46,5035GB,Steenwijksingel,Tilburg
48,5035GB,Steenwijksingel,Tilburg
218,5032VC,Gilzerbaan,Tilburg
45,5071EA,Groenstraat,Udenhout
47,5071EA,Groenstraat,Udenhout
10,5037DT,Conservatoriumlaan,Tilburg
1,5043JJ,Distelbergstraat,Tilburg
3,5043JJ,Distelbergstraat,Tilburg
5,5043JJ,Distelbergstraat,Tilburg
7,5043JJ,Distelbergstraat,Tilburg
9,5043JJ,Distelbergstraat,Tilburg
11,5043JJ,Distelbergstraat,Tilburg
13,5043JJ,Distelbergstraat,Tilburg
15,5043JJ,Distelbergstraat,Tilburg
17,5043JJ,Distelbergstraat,Tilburg
19,5043JJ,Distelbergstraat,Tilburg
21,5043JJ,Distelbergstraat,Tilburg
23,5043JJ,Distelbergstraat,Tilburg
25,5043JJ,Distelbergstraat,Tilburg
27,5043JJ,Distelbergstraat,Tilburg
29,5043JJ,Distelbergstraat,Tilburg
31,5043JJ,Distelbergstraat,Tilburg
33,5043JJ,Distelbergstraat,Tilburg
2,5043JK,Distelbergstraat,Tilburg
4,5043JK,Distelbergstraat,Tilburg
6,5043JK,Distelbergstraat,Tilburg
8,5043JK,Distelbergstraat,Tilburg
10,5043JK,Distelbergstraat,Tilburg
12,5043JK,Distelbergstraat,Tilburg
14,5043JK,Distelbergstraat,Tilburg
16,5043JK,Distelbergstraat,Tilburg
18,5043JK,Distelbergstraat,Tilburg
20,5043JK,Distelbergstraat,Tilburg
22,5043JK,Distelbergstraat,Tilburg
24,5043JK,Distelbergstraat,Tilburg
26,5043JK,Distelbergstraat,Tilburg
28,5043JK,Distelbergstraat,Tilburg
30,5043JK,Distelbergstraat,Tilburg
32,5043JK,Distelbergstraat,Tilburg
34,5043JK,Distelbergstraat,Tilburg
17,5032ZC,Vliestroom,Tilburg
4,5035JG,Sommelsdijkhof,Tilburg
2,5035JG,Sommelsdijkhof,Tilburg
10,5035JG,Sommelsdijkhof,Tilburg
9,5035JG,Sommelsdijkhof,Tilburg
76,5042DB,Lage Witsiebaan,Tilburg
3,5035JG,Sommelsdijkhof,Tilburg
5,5035JG,Sommelsdijkhof,Tilburg
2,5038AR,Monumentstraat,Tilburg
7,5032ZC,Vliestroom,Tilburg
11,5049BA,Mascagnistraat,Tilburg
42,5014PD,Bisschop van Zoesstraat,Tilburg
90,5038BJ,Willem II-straat,Tilburg
75,5037DB,Professor Cobbenhagenlaan,Tilburg
1,5035JG,Sommelsdijkhof,Tilburg
3,5035HH,Schaarsbergenstraat,Tilburg
5,5035HH,Schaarsbergenstraat,Tilburg
7,5035HH,Schaarsbergenstraat,Tilburg
9,5035HH,Schaarsbergenstraat,Tilburg
11,5035HH,Schaarsbergenstraat,Tilburg
13,5035HH,Schaarsbergenstraat,Tilburg
15,5035HH,Schaarsbergenstraat,Tilburg
17,5035HH,Schaarsbergenstraat,Tilburg
19,5035HH,Schaarsbergenstraat,Tilburg
21,5035HH,Schaarsbergenstraat,Tilburg
23,5035HH,Schaarsbergenstraat,Tilburg
25,5035HH,Schaarsbergenstraat,Tilburg
27,5035HH,Schaarsbergenstraat,Tilburg
29,5035HH,Schaarsbergenstraat,Tilburg
31,5035HH,Schaarsbergenstraat,Tilburg
33,5035HH,Schaarsbergenstraat,Tilburg
35,5035HH,Schaarsbergenstraat,Tilburg
37,5035HH,Schaarsbergenstraat,Tilburg
39,5035HH,Schaarsbergenstraat,Tilburg
41,5035HH,Schaarsbergenstraat,Tilburg
43,5035HH,Schaarsbergenstraat,Tilburg
16,5071RA,Schoorstraat,Udenhout
4,5035HJ,Schaarsbergenstraat,Tilburg
6,5035HJ,Schaarsbergenstraat,Tilburg
8,5035HJ,Schaarsbergenstraat,Tilburg
10,5035HJ,Schaarsbergenstraat,Tilburg
12,5035HJ,Schaarsbergenstraat,Tilburg
16,5035HJ,Schaarsbergenstraat,Tilburg
18,5035HJ,Schaarsbergenstraat,Tilburg
20,5035HJ,Schaarsbergenstraat,Tilburg
22,5035HJ,Schaarsbergenstraat,Tilburg
24,5035HJ,Schaarsbergenstraat,Tilburg
26,5035HJ,Schaarsbergenstraat,Tilburg
28,5035HJ,Schaarsbergenstraat,Tilburg
30,5035HJ,Schaarsbergenstraat,Tilburg
40,5047SR,Heibloemseweg,Tilburg
6,5035JG,Sommelsdijkhof,Tilburg
45,5037DB,Professor Cobbenhagenlaan,Tilburg
47,5037DB,Professor Cobbenhagenlaan,Tilburg
49,5037DB,Professor Cobbenhagenlaan,Tilburg
51,5037DB,Professor Cobbenhagenlaan,Tilburg
32,5035HJ,Schaarsbergenstraat,Tilburg
34,5035HJ,Schaarsbergenstraat,Tilburg
36,5035HJ,Schaarsbergenstraat,Tilburg
38,5035HJ,Schaarsbergenstraat,Tilburg
40,5035HJ,Schaarsbergenstraat,Tilburg
42,5035HJ,Schaarsbergenstraat,Tilburg
44,5035HJ,Schaarsbergenstraat,Tilburg
46,5035HJ,Schaarsbergenstraat,Tilburg
48,5035HJ,Schaarsbergenstraat,Tilburg
3,5056VS,Harry Jurgenslaan,Berkel-Enschot
5,5056VS,Harry Jurgenslaan,Berkel-Enschot
1,5038NP,De Regenboogstraat,Tilburg
7,5038NP,De Regenboogstraat,Tilburg
9,5038NP,De Regenboogstraat,Tilburg
11,5038NP,De Regenboogstraat,Tilburg
13,5038NP,De Regenboogstraat,Tilburg
15,5038NP,De Regenboogstraat,Tilburg
17,5038NP,De Regenboogstraat,Tilburg
19,5038NP,De Regenboogstraat,Tilburg
21,5038NP,De Regenboogstraat,Tilburg
23,5038NP,De Regenboogstraat,Tilburg
25,5038NP,De Regenboogstraat,Tilburg
27,5038NP,De Regenboogstraat,Tilburg
29,5038NP,De Regenboogstraat,Tilburg
31,5038NP,De Regenboogstraat,Tilburg
33,5038NP,De Regenboogstraat,Tilburg
35,5038NP,De Regenboogstraat,Tilburg
7,5056VS,Harry Jurgenslaan,Berkel-Enschot
9,5056VS,Harry Jurgenslaan,Berkel-Enschot
11,5056VS,Harry Jurgenslaan,Berkel-Enschot
13,5056VS,Harry Jurgenslaan,Berkel-Enschot
15,5056VS,Harry Jurgenslaan,Berkel-Enschot
17,5056VS,Harry Jurgenslaan,Berkel-Enschot
19,5056VS,Harry Jurgenslaan,Berkel-Enschot
21,5056VS,Harry Jurgenslaan,Berkel-Enschot
23,5056VS,Harry Jurgenslaan,Berkel-Enschot
25,5056VS,Harry Jurgenslaan,Berkel-Enschot
27,5056VS,Harry Jurgenslaan,Berkel-Enschot
29,5056VS,Harry Jurgenslaan,Berkel-Enschot
4,5056VT,Harry Jurgenslaan,Berkel-Enschot
6,5056VT,Harry Jurgenslaan,Berkel-Enschot
8,5056VT,Harry Jurgenslaan,Berkel-Enschot
10,5056VT,Harry Jurgenslaan,Berkel-Enschot
12,5056VT,Harry Jurgenslaan,Berkel-Enschot
14,5056VT,Harry Jurgenslaan,Berkel-Enschot
16,5056VT,Harry Jurgenslaan,Berkel-Enschot
18,5056VT,Harry Jurgenslaan,Berkel-Enschot
20,5056VT,Harry Jurgenslaan,Berkel-Enschot
22,5056VT,Harry Jurgenslaan,Berkel-Enschot
24,5056VT,Harry Jurgenslaan,Berkel-Enschot
26,5056VT,Harry Jurgenslaan,Berkel-Enschot
28,5056VT,Harry Jurgenslaan,Berkel-Enschot
30,5056VT,Harry Jurgenslaan,Berkel-Enschot
32,5056VT,Harry Jurgenslaan,Berkel-Enschot
37,5038NP,De Regenboogstraat,Tilburg
39,5038NP,De Regenboogstraat,Tilburg
41,5038NP,De Regenboogstraat,Tilburg
43,5038NP,De Regenboogstraat,Tilburg
45,5038NP,De Regenboogstraat,Tilburg
47,5038NP,De Regenboogstraat,Tilburg
49,5038NP,De Regenboogstraat,Tilburg
51,5038NP,De Regenboogstraat,Tilburg
53,5038NP,De Regenboogstraat,Tilburg
55,5038NP,De Regenboogstraat,Tilburg
57,5038NP,De Regenboogstraat,Tilburg
59,5038NP,De Regenboogstraat,Tilburg
14,5035JG,Sommelsdijkhof,Tilburg
11,5038AP,Hendrikhof,Tilburg
1,5035JJ,Scheerwoldehof,Tilburg
2,5035JJ,Scheerwoldehof,Tilburg
3,5035JJ,Scheerwoldehof,Tilburg
4,5035JJ,Scheerwoldehof,Tilburg
5,5035JJ,Scheerwoldehof,Tilburg
6,5035JJ,Scheerwoldehof,Tilburg
7,5035JJ,Scheerwoldehof,Tilburg
8,5035JJ,Scheerwoldehof,Tilburg
9,5035JJ,Scheerwoldehof,Tilburg
10,5035JJ,Scheerwoldehof,Tilburg
11,5035JJ,Scheerwoldehof,Tilburg
12,5035JJ,Scheerwoldehof,Tilburg
13,5035JJ,Scheerwoldehof,Tilburg
14,5035JJ,Scheerwoldehof,Tilburg
15,5035JJ,Scheerwoldehof,Tilburg
16,5035JJ,Scheerwoldehof,Tilburg
86,5038BJ,Willem II-straat,Tilburg
1,5045MB,Nootdorpstraat,Tilburg
15,5045MB,Nootdorpstraat,Tilburg
1,5043LE,Gennepstraat,Tilburg
3,5043LE,Gennepstraat,Tilburg
5,5043LE,Gennepstraat,Tilburg
7,5043LE,Gennepstraat,Tilburg
9,5043LE,Gennepstraat,Tilburg
11,5043LE,Gennepstraat,Tilburg
56,5044AN,Kamillehof,Tilburg
172,5022LJ,Juralaan,Tilburg
186,5022LJ,Juralaan,Tilburg
82,5022LH,Juralaan,Tilburg
93,5022LA,Juralaan,Tilburg
99,5022LA,Juralaan,Tilburg
25,5022LA,Juralaan,Tilburg
56,5042AT,Jupiterstraat,Tilburg
46,5042AS,Jupiterstraat,Tilburg
63,5017GD,Sint Josephstraat,Tilburg
9,5014BD,Insulindeplein,Tilburg
51,5014EN,Molenbochtstraat,Tilburg
6,5038SJ,Korte Tuinstraat,Tilburg
71,5044PH,Hugo Verrieststraat,Tilburg
10,5041LR,Noorwitsstraat,Tilburg
26,5022GS,Oeralweg,Tilburg
33,5022GR,Oeralweg,Tilburg
125,5022GV,Oeralweg,Tilburg
44,5037ES,Sint Oloflaan,Tilburg
60,5038WX,Paleisring,Tilburg
62,5038WX,Paleisring,Tilburg
11,5035JG,Sommelsdijkhof,Tilburg
5,5045GA,Hoevelakenstraat,Tilburg
177,5038LP,Hazelaarstraat,Tilburg
8,5035JG,Sommelsdijkhof,Tilburg
12,5035JG,Sommelsdijkhof,Tilburg
1,5015TB,Zuiderkruisweg,Tilburg
20,5071RA,Schoorstraat,Udenhout
1,5035EE,Ravensteinerf,Tilburg
2,5035EE,Ravensteinerf,Tilburg
3,5035EE,Ravensteinerf,Tilburg
4,5035EE,Ravensteinerf,Tilburg
5,5035EE,Ravensteinerf,Tilburg
6,5035EE,Ravensteinerf,Tilburg
7,5035EE,Ravensteinerf,Tilburg
8,5035EE,Ravensteinerf,Tilburg
9,5035EE,Ravensteinerf,Tilburg
10,5035EE,Ravensteinerf,Tilburg
11,5035EE,Ravensteinerf,Tilburg
12,5035EE,Ravensteinerf,Tilburg
13,5035EE,Ravensteinerf,Tilburg
2,5011VG,Gluckstraat,Tilburg
296,5032VC,Gilzerbaan,Tilburg
348,5032VC,Gilzerbaan,Tilburg
29,5032VL,Vonderpad,Tilburg
48,5043MJ,Giekerkstraat,Tilburg
32,5043MJ,Giekerkstraat,Tilburg
53,5025AA,Generaal Smutslaan,Tilburg
10,5037PT,Drossaard van der Willigenhof,Tilburg
11,5037PT,Drossaard van der Willigenhof,Tilburg
12,5037PT,Drossaard van der Willigenhof,Tilburg
13,5037PT,Drossaard van der Willigenhof,Tilburg
14,5037PT,Drossaard van der Willigenhof,Tilburg
15,5037PT,Drossaard van der Willigenhof,Tilburg
16,5037PT,Drossaard van der Willigenhof,Tilburg
17,5037PT,Drossaard van der Willigenhof,Tilburg
5,5015TB,Zuiderkruisweg,Tilburg
14,5035EE,Ravensteinerf,Tilburg
15,5035EE,Ravensteinerf,Tilburg
16,5035EE,Ravensteinerf,Tilburg
17,5035EE,Ravensteinerf,Tilburg
18,5035EE,Ravensteinerf,Tilburg
19,5035EE,Ravensteinerf,Tilburg
20,5035EE,Ravensteinerf,Tilburg
21,5035EE,Ravensteinerf,Tilburg
22,5035EE,Ravensteinerf,Tilburg
23,5035EG,Ravensteinerf,Tilburg
24,5035EG,Ravensteinerf,Tilburg
25,5035EG,Ravensteinerf,Tilburg
26,5035EG,Ravensteinerf,Tilburg
27,5035EG,Ravensteinerf,Tilburg
28,5035EG,Ravensteinerf,Tilburg
29,5035EG,Ravensteinerf,Tilburg
30,5035EG,Ravensteinerf,Tilburg
31,5035EG,Ravensteinerf,Tilburg
32,5035EG,Ravensteinerf,Tilburg
33,5035EG,Ravensteinerf,Tilburg
34,5035EG,Ravensteinerf,Tilburg
35,5035EG,Ravensteinerf,Tilburg
36,5035EG,Ravensteinerf,Tilburg
37,5035EG,Ravensteinerf,Tilburg
38,5035EG,Ravensteinerf,Tilburg
39,5035EG,Ravensteinerf,Tilburg
40,5035EG,Ravensteinerf,Tilburg
41,5035EG,Ravensteinerf,Tilburg
42,5035EG,Ravensteinerf,Tilburg
43,5035EG,Ravensteinerf,Tilburg
44,5035EG,Ravensteinerf,Tilburg
45,5035EG,Ravensteinerf,Tilburg
46,5035EG,Ravensteinerf,Tilburg
47,5035EH,Ravensteinerf,Tilburg
48,5035EH,Ravensteinerf,Tilburg
50,5035EH,Ravensteinerf,Tilburg
51,5035EH,Ravensteinerf,Tilburg
52,5035EH,Ravensteinerf,Tilburg
53,5035EH,Ravensteinerf,Tilburg
54,5035EH,Ravensteinerf,Tilburg
55,5035EH,Ravensteinerf,Tilburg
56,5035EH,Ravensteinerf,Tilburg
57,5035EH,Ravensteinerf,Tilburg
58,5035EH,Ravensteinerf,Tilburg
59,5035EH,Ravensteinerf,Tilburg
60,5035EH,Ravensteinerf,Tilburg
61,5035EH,Ravensteinerf,Tilburg
62,5035EH,Ravensteinerf,Tilburg
63,5035EH,Ravensteinerf,Tilburg
64,5035EH,Ravensteinerf,Tilburg
65,5035EH,Ravensteinerf,Tilburg
47,5042XD,Eendenjachtstraat,Tilburg
5,5025NH,Van Dijckstraat,Tilburg
39,5042DG,Lage Witsiebaan,Tilburg
2,5037PT,Drossaard van der Willigenhof,Tilburg
3,5037PT,Drossaard van der Willigenhof,Tilburg
4,5037PT,Drossaard van der Willigenhof,Tilburg
5,5037PT,Drossaard van der Willigenhof,Tilburg
6,5037PT,Drossaard van der Willigenhof,Tilburg
7,5037PT,Drossaard van der Willigenhof,Tilburg
8,5037PT,Drossaard van der Willigenhof,Tilburg
9,5037PT,Drossaard van der Willigenhof,Tilburg
5,5043HW,Drielstraat,Tilburg
12,5043JB,Dreischorstraat,Tilburg
14,5018GG,Doornbossestraat,Tilburg
25,5042RK,Dirk Fockstraat,Tilburg
25,5049GD,Puccinistraat,Tilburg
1,5049HA,Componistenlaan,Tilburg
36,5025MS,Diepenstraat,Tilburg
28,5046CJ,Curacaostraat,Tilburg
22,5046CJ,Curacaostraat,Tilburg
319,5049HE,Componistenlaan,Tilburg
199,5049HC,Componistenlaan,Tilburg
91,5049HA,Componistenlaan,Tilburg
31,5049HA,Componistenlaan,Tilburg
15,5035JG,Sommelsdijkhof,Tilburg
29,5014LN,Paus Adriaanstraat,Tilburg
95,5037DB,Professor Cobbenhagenlaan,Tilburg
93,5037DB,Professor Cobbenhagenlaan,Tilburg
1,5035JK,Slikkenburghof,Tilburg
2,5035JK,Slikkenburghof,Tilburg
3,5035JK,Slikkenburghof,Tilburg
4,5035JK,Slikkenburghof,Tilburg
5,5035JK,Slikkenburghof,Tilburg
6,5035JK,Slikkenburghof,Tilburg
7,5035JK,Slikkenburghof,Tilburg
8,5035JK,Slikkenburghof,Tilburg
9,5035JK,Slikkenburghof,Tilburg
10,5035JK,Slikkenburghof,Tilburg
11,5035JK,Slikkenburghof,Tilburg
12,5035JK,Slikkenburghof,Tilburg
13,5035JK,Slikkenburghof,Tilburg
14,5035JK,Slikkenburghof,Tilburg
15,5035JK,Slikkenburghof,Tilburg
16,5035JK,Slikkenburghof,Tilburg
17,5035JK,Slikkenburghof,Tilburg
3,5011VH,Chopinstraat,Tilburg
56,5011VC,Cannabichstraat,Tilburg
147,5025DK,Calandhof,Tilburg
78,5025DJ,Calandhof,Tilburg
85,5025DJ,Calandhof,Tilburg
31,5025DP,Calandhof,Tilburg
10,5043BA,Bunschotenstraat,Tilburg
102,5012KB,Van Breestraat,Tilburg
18,5035JK,Slikkenburghof,Tilburg
41,5038BC,Willem II-straat,Tilburg
19,5046ME,Boomgaard,Tilburg
26,5046ME,Boomgaard,Tilburg
69,5017HC,Boerhaavestraat,Tilburg
20,5021DM,Blazoenstraat,Tilburg
7,5035JG,Sommelsdijkhof,Tilburg
89,5041JV,Berlagehof,Tilburg
78,5041JT,Berlagehof,Tilburg
16,5041JR,Berlagehof,Tilburg
11,5043AT,Benthuizenstraat,Tilburg
207,5042WP,Beneluxlaan,Tilburg
79,5042WL,Beneluxlaan,Tilburg
87,5042WL,Beneluxlaan,Tilburg
6,5042WR,Beneluxlaan,Tilburg
17,5042WK,Beneluxlaan,Tilburg
71,5011TB,Bendastraat,Tilburg
298,5011JD,Bartokstraat,Tilburg
142,5011JC,Bartokstraat,Tilburg
4,5041CK,Raadsheer Luijbenstraat,Tilburg
6,5041CK,Raadsheer Luijbenstraat,Tilburg
8,5041CK,Raadsheer Luijbenstraat,Tilburg
10,5041CK,Raadsheer Luijbenstraat,Tilburg
12,5041CK,Raadsheer Luijbenstraat,Tilburg
14,5041CK,Raadsheer Luijbenstraat,Tilburg
77,5011JA,Bartokstraat,Tilburg
31,5017AT,Barkstraat,Tilburg
5,5014BG,Balistraat,Tilburg
12,5014BH,Balistraat,Tilburg
1,5026PL,Dorenweg,Tilburg
3,5026PL,Dorenweg,Tilburg
51,5046DA,Korte Hoefstraat,Tilburg
1,5014CA,Sint Willebrordstraat,Tilburg
3,5014CA,Sint Willebrordstraat,Tilburg
5,5014CA,Sint Willebrordstraat,Tilburg
7,5014CA,Sint Willebrordstraat,Tilburg
9,5014CA,Sint Willebrordstraat,Tilburg
11,5014CA,Sint Willebrordstraat,Tilburg
13,5014CA,Sint Willebrordstraat,Tilburg
15,5014CA,Sint Willebrordstraat,Tilburg
17,5014CA,Sint Willebrordstraat,Tilburg
19,5014CA,Sint Willebrordstraat,Tilburg
21,5014CA,Sint Willebrordstraat,Tilburg
23,5014CA,Sint Willebrordstraat,Tilburg
25,5014CA,Sint Willebrordstraat,Tilburg
27,5014CA,Sint Willebrordstraat,Tilburg
29,5014CA,Sint Willebrordstraat,Tilburg
31,5014CA,Sint Willebrordstraat,Tilburg
33,5014CA,Sint Willebrordstraat,Tilburg
35,5014CA,Sint Willebrordstraat,Tilburg
37,5014CA,Sint Willebrordstraat,Tilburg
39,5014CA,Sint Willebrordstraat,Tilburg
41,5014CA,Sint Willebrordstraat,Tilburg
43,5014CA,Sint Willebrordstraat,Tilburg
45,5014CA,Sint Willebrordstraat,Tilburg
47,5014CA,Sint Willebrordstraat,Tilburg
49,5014CA,Sint Willebrordstraat,Tilburg
51,5014CA,Sint Willebrordstraat,Tilburg
53,5014CA,Sint Willebrordstraat,Tilburg
55,5014CA,Sint Willebrordstraat,Tilburg
57,5014CA,Sint Willebrordstraat,Tilburg
59,5014CA,Sint Willebrordstraat,Tilburg
61,5014CA,Sint Willebrordstraat,Tilburg
63,5014CA,Sint Willebrordstraat,Tilburg
65,5014CA,Sint Willebrordstraat,Tilburg
67,5014CA,Sint Willebrordstraat,Tilburg
69,5014CA,Sint Willebrordstraat,Tilburg
71,5014CA,Sint Willebrordstraat,Tilburg
75,5014CA,Sint Willebrordstraat,Tilburg
77,5014CA,Sint Willebrordstraat,Tilburg
79,5014CA,Sint Willebrordstraat,Tilburg
81,5014CA,Sint Willebrordstraat,Tilburg
83,5014CA,Sint Willebrordstraat,Tilburg
85,5014CA,Sint Willebrordstraat,Tilburg
50,5047TE,Uiterste Stuiver-West,Tilburg
64,5025JJ,Korvelseweg,Tilburg
72,5025JJ,Korvelseweg,Tilburg
132,5025JL,Korvelseweg,Tilburg
173,5025JD,Korvelseweg,Tilburg
183,5025JD,Korvelseweg,Tilburg
251,5025JG,Korvelseweg,Tilburg
72,5042DB,Lage Witsiebaan,Tilburg
136,5042DC,Lage Witsiebaan,Tilburg
296,5042DE,Lage Witsiebaan,Tilburg
87,5014CA,Sint Willebrordstraat,Tilburg
89,5014CA,Sint Willebrordstraat,Tilburg
91,5014CA,Sint Willebrordstraat,Tilburg
93,5014CA,Sint Willebrordstraat,Tilburg
95,5014CA,Sint Willebrordstraat,Tilburg
97,5014CA,Sint Willebrordstraat,Tilburg
99,5014CA,Sint Willebrordstraat,Tilburg
101,5014CA,Sint Willebrordstraat,Tilburg
103,5014CA,Sint Willebrordstraat,Tilburg
105,5014CA,Sint Willebrordstraat,Tilburg
107,5014CA,Sint Willebrordstraat,Tilburg
109,5014CA,Sint Willebrordstraat,Tilburg
111,5014CA,Sint Willebrordstraat,Tilburg
113,5014CA,Sint Willebrordstraat,Tilburg
115,5014CA,Sint Willebrordstraat,Tilburg
117,5014CA,Sint Willebrordstraat,Tilburg
119,5014CA,Sint Willebrordstraat,Tilburg
121,5014CA,Sint Willebrordstraat,Tilburg
11,5013BX,Professor Romeinstraat,Tilburg
26,5042XB,Fazantenjachtstraat,Tilburg
28,5042XB,Fazantenjachtstraat,Tilburg
30,5042XB,Fazantenjachtstraat,Tilburg
32,5042XB,Fazantenjachtstraat,Tilburg
68,5044JL,Kobaltstraat,Tilburg
5,5017LE,Klipperplein,Tilburg
15,5037JL,Mahoniestraat,Tilburg
14,5044NH,Marie Koenenlaan,Tilburg
115,5044NG,Marie Koenenlaan,Tilburg
42,5049BN,Mascagnistraat,Tilburg
60,5049BN,Mascagnistraat,Tilburg
123,5049BA,Mascagnistraat,Tilburg
185,5049BC,Mascagnistraat,Tilburg
291,5049BE,Mascagnistraat,Tilburg
397,5049BH,Mascagnistraat,Tilburg
487,5049BL,Mascagnistraat,Tilburg
491,5049BL,Mascagnistraat,Tilburg
35,5042TK,Melsbroekstraat,Tilburg
96,5042TL,Melsbroekstraat,Tilburg
58,5022BV,Merelstraat,Tilburg
127,5012HE,Meulemansstraat,Tilburg
140,5025JL,Korvelseweg,Tilburg
73,5014CA,Sint Willebrordstraat,Tilburg
49,5035EH,Ravensteinerf,Tilburg
7,5014LN,Paus Adriaanstraat,Tilburg
99,5037EH,Professor Gimbrèrelaan,Tilburg
39,5044AV,Rozemarijnhof,Tilburg
42,5025PB,Ruysdaelstraat,Tilburg
64,5049GC,Scarlattistraat,Tilburg
20,5049GR,Puccinistraat,Tilburg
102,5049GS,Puccinistraat,Tilburg
110,5049GT,Puccinistraat,Tilburg
164,5049GV,Puccinistraat,Tilburg
253,5049GH,Puccinistraat,Tilburg
363,5049GK,Puccinistraat,Tilburg
461,5049GN,Puccinistraat,Tilburg
16,5046MJ,Rentmeesterlaan,Tilburg
75,5046MH,Rentmeesterlaan,Tilburg
180,5046AC,Ringbaan-Noord,Tilburg
250,5046AD,Ringbaan-Noord,Tilburg
370,5046AG,Ringbaan-Noord,Tilburg
2,5046AC,Ringbaan-Noord,Tilburg
4,5046AC,Ringbaan-Noord,Tilburg
6,5046AC,Ringbaan-Noord,Tilburg
8,5046AC,Ringbaan-Noord,Tilburg
10,5046AC,Ringbaan-Noord,Tilburg
18,5046AC,Ringbaan-Noord,Tilburg
20,5046AC,Ringbaan-Noord,Tilburg
22,5046AC,Ringbaan-Noord,Tilburg
24,5046AC,Ringbaan-Noord,Tilburg
26,5046AC,Ringbaan-Noord,Tilburg
28,5046AC,Ringbaan-Noord,Tilburg
30,5046AC,Ringbaan-Noord,Tilburg
32,5046AC,Ringbaan-Noord,Tilburg
34,5046AC,Ringbaan-Noord,Tilburg
36,5046AC,Ringbaan-Noord,Tilburg
38,5046AC,Ringbaan-Noord,Tilburg
40,5046AC,Ringbaan-Noord,Tilburg
42,5046AC,Ringbaan-Noord,Tilburg
44,5046AC,Ringbaan-Noord,Tilburg
46,5046AC,Ringbaan-Noord,Tilburg
48,5046AC,Ringbaan-Noord,Tilburg
50,5046AC,Ringbaan-Noord,Tilburg
56,5046AC,Ringbaan-Noord,Tilburg
62,5046AC,Ringbaan-Noord,Tilburg
68,5046AC,Ringbaan-Noord,Tilburg
70,5046AC,Ringbaan-Noord,Tilburg
72,5046AC,Ringbaan-Noord,Tilburg
74,5046AC,Ringbaan-Noord,Tilburg
76,5046AC,Ringbaan-Noord,Tilburg
78,5046AC,Ringbaan-Noord,Tilburg
30,5021GC,Sevenhoekstraat,Tilburg
24,5038MK,Sparrenstraat,Tilburg
21,5037AC,Sportweg,Tilburg
16,5042RX,Statenlaan,Tilburg
113,5042RR,Statenlaan,Tilburg
127,5042RS,Statenlaan,Tilburg
229,5042RT,Statenlaan,Tilburg
243,5042RV,Statenlaan,Tilburg
80,5046AC,Ringbaan-Noord,Tilburg
82,5046AC,Ringbaan-Noord,Tilburg
84,5046AC,Ringbaan-Noord,Tilburg
86,5046AC,Ringbaan-Noord,Tilburg
88,5046AC,Ringbaan-Noord,Tilburg
90,5046AC,Ringbaan-Noord,Tilburg
92,5046AC,Ringbaan-Noord,Tilburg
94,5046AC,Ringbaan-Noord,Tilburg
96,5046AC,Ringbaan-Noord,Tilburg
98,5046AC,Ringbaan-Noord,Tilburg
100,5046AC,Ringbaan-Noord,Tilburg
102,5046AC,Ringbaan-Noord,Tilburg
104,5046AC,Ringbaan-Noord,Tilburg
106,5046AC,Ringbaan-Noord,Tilburg
108,5046AC,Ringbaan-Noord,Tilburg
110,5046AC,Ringbaan-Noord,Tilburg
112,5046AC,Ringbaan-Noord,Tilburg
114,5046AC,Ringbaan-Noord,Tilburg
116,5046AC,Ringbaan-Noord,Tilburg
118,5046AC,Ringbaan-Noord,Tilburg
120,5046AC,Ringbaan-Noord,Tilburg
122,5046AC,Ringbaan-Noord,Tilburg
124,5046AC,Ringbaan-Noord,Tilburg
126,5046AC,Ringbaan-Noord,Tilburg
136,5046AC,Ringbaan-Noord,Tilburg
49,5011KE,Strausslaan,Tilburg
131,5011KH,Strausslaan,Tilburg
47,5022KA,Leijweg,Tilburg
123,5022GV,Oeralweg,Tilburg
6,5046AM,IJsselstraat,Tilburg
60,5042RX,Statenlaan,Tilburg
64,5042RX,Statenlaan,Tilburg
40,5012CK,Zagwijnstraat,Tilburg
221,5037DB,Professor Cobbenhagenlaan,Tilburg
97,5018BD,Twentestraat,Tilburg
111,5018BD,Twentestraat,Tilburg
26,5038VE,Varkensmarkt,Tilburg
5,5038CT,Veemarktstraat,Tilburg
2,5013BX,Professor Romeinstraat,Tilburg
272,5032VC,Gilzerbaan,Tilburg
262,5032VC,Gilzerbaan,Tilburg
623,5038LJ,Hart van Brabantlaan,Tilburg
286,5042DE,Lage Witsiebaan,Tilburg
268,5037DE,Professor Cobbenhagenlaan,Tilburg
7,5038MJ,Sparrenstraat,Tilburg
8,5038VM,Oude Dijk,Tilburg
2,5012HC,Meulemansstraat,Tilburg
4,5012HC,Meulemansstraat,Tilburg
6,5012HC,Meulemansstraat,Tilburg
8,5012HC,Meulemansstraat,Tilburg
10,5012HC,Meulemansstraat,Tilburg
12,5012HC,Meulemansstraat,Tilburg
15,5022GR,Oeralweg,Tilburg
13,5022GR,Oeralweg,Tilburg
72,5049GC,Scarlattistraat,Tilburg
20,5045JP,Middelharnisstraat,Tilburg
8,5045JM,Markelostraat,Tilburg
36,5022PA,Matterhornstraat,Tilburg
46,5045SZ,Oudenboschstraat,Tilburg
48,5045RC,Kasterenlaan,Tilburg
64,5045RC,Kasterenlaan,Tilburg
74,5025MT,Diepenstraat,Tilburg
76,5025MT,Diepenstraat,Tilburg
78,5025MT,Diepenstraat,Tilburg
80,5025MT,Diepenstraat,Tilburg
2,5048CE,Kronosstraat,Tilburg
2,5056MZ,De Rosmolen,Berkel-Enschot
4,5056MZ,De Rosmolen,Berkel-Enschot
6,5056MZ,De Rosmolen,Berkel-Enschot
8,5056MZ,De Rosmolen,Berkel-Enschot
10,5056MZ,De Rosmolen,Berkel-Enschot
12,5056MZ,De Rosmolen,Berkel-Enschot
14,5056MZ,De Rosmolen,Berkel-Enschot
16,5056MZ,De Rosmolen,Berkel-Enschot
18,5056MZ,De Rosmolen,Berkel-Enschot
20,5056MZ,De Rosmolen,Berkel-Enschot
22,5056MZ,De Rosmolen,Berkel-Enschot
24,5071TG,Garstvelde,Udenhout
8,5071EC,Groenstraat,Udenhout
83,5071EB,Groenstraat,Udenhout
22,5071GJ,Helmkruid,Udenhout
31,5071GH,Helmkruid,Udenhout
1,5071GL,Sint Janskruid,Udenhout
8,5071CE,Kastanjelaan,Udenhout
4,5071RA,Schoorstraat,Udenhout
5,5071CK,Sparrenlaan,Udenhout
7,5043MZ,Glimmenstraat,Tilburg
