77,3772ZD,Wildenborg,Barneveld
104,3772WH,Wildforster,Barneveld
105,3772WH,Wildforster,Barneveld
109,3772WH,Wildforster,Barneveld
15,3772WB,Wildforster,Barneveld
2,3772WB,Wildforster,Barneveld
41,3772WD,Wildforster,Barneveld
42,3772WD,Wildforster,Barneveld
47,3772WD,Wildforster,Barneveld
48,3772WD,Wildforster,Barneveld
53,3772WD,Wildforster,Barneveld
55,3772WD,Wildforster,Barneveld
59,3772WD,Wildforster,Barneveld
60,3772WE,Wildforster,Barneveld
66,3772WE,Wildforster,Barneveld
71,3772WE,Wildforster,Barneveld
14,3781CJ,Egge,Voorthuizen
22,3781CJ,Egge,Voorthuizen
39,3781CH,Egge,Voorthuizen
72,3772ZD,Wildenborg,Barneveld
11,3772WB,Wildforster,Barneveld
46,3772WD,Wildforster,Barneveld
104,3773ZP,Schaapsveld,Barneveld
18,3773ZJ,Schaapsveld,Barneveld
25,3773ZH,Schaapsveld,Barneveld
33,3773ZH,Schaapsveld,Barneveld
39,3773ZH,Schaapsveld,Barneveld
46,3773ZJ,Schaapsveld,Barneveld
6,3773ZJ,Schaapsveld,Barneveld
66,3773ZP,Schaapsveld,Barneveld
72,3773ZP,Schaapsveld,Barneveld
8,3773ZJ,Schaapsveld,Barneveld
92,3773ZP,Schaapsveld,Barneveld
43,3774CT,Tjaskerstraat,Kootwijkerbroek
50,3774CV,Tjaskerstraat,Kootwijkerbroek
58,3774CV,Tjaskerstraat,Kootwijkerbroek
62,3774CV,Tjaskerstraat,Kootwijkerbroek
64,3774CV,Tjaskerstraat,Kootwijkerbroek
8,3784XC,Tolboomweg,Terschuur
16,3771ZK,Tollensstraat,Barneveld
4,3771ZK,Tollensstraat,Barneveld
13,3776PT,Tolnegenweg,Stroe
22,3776PW,Tolnegenweg,Stroe
24,3776PW,Tolnegenweg,Stroe
33,3776PT,Tolnegenweg,Stroe
36,3776PW,Tolnegenweg,Stroe
39,3776PT,Tolnegenweg,Stroe
4,3776PW,Tolnegenweg,Stroe
49,3772AX,Van Schothorststraat,Barneveld
8,3772AX,Van Schothorststraat,Barneveld
109,3771JJ,Van Wijnbergenlaan,Barneveld
13,3771JG,Van Wijnbergenlaan,Barneveld
18,3771JH,Van Wijnbergenlaan,Barneveld
23,3771JG,Van Wijnbergenlaan,Barneveld
24,3771JH,Van Wijnbergenlaan,Barneveld
31,3771JG,Van Wijnbergenlaan,Barneveld
37,3772HV,Sterappel,Barneveld
4,3772HW,Sterappel,Barneveld
41,3772HV,Sterappel,Barneveld
5,3772HV,Sterappel,Barneveld
50,3772HX,Sterappel,Barneveld
60,3772HX,Sterappel,Barneveld
74,3772HX,Sterappel,Barneveld
17,3784WX,Van de Bleekstraat,Terschuur
25,3784WX,Van de Bleekstraat,Terschuur
30,3784WZ,Van de Bleekstraat,Terschuur
35,3784WX,Van de Bleekstraat,Terschuur
36,3784WZ,Van de Bleekstraat,Terschuur
51,3784WX,Van de Bleekstraat,Terschuur
56,3784WZ,Van de Bleekstraat,Terschuur
78,3784WZ,Van de Bleekstraat,Terschuur
8,3784WZ,Van de Bleekstraat,Terschuur
3,3784WV,Van de Borstraat,Terschuur
4,3784WV,Van de Borstraat,Terschuur
9,3784WV,Van de Borstraat,Terschuur
20,3886AD,Van de Craatslaan,Garderen
22,3886AD,Van de Craatslaan,Garderen
26,3886AD,Van de Craatslaan,Garderen
5,3886AD,Van de Craatslaan,Garderen
7,3886AD,Van de Craatslaan,Garderen
10,3774TA,Walhuisweg,Kootwijkerbroek
13,3774TA,Walhuisweg,Kootwijkerbroek
16,3774TA,Walhuisweg,Kootwijkerbroek
21,3774TA,Walhuisweg,Kootwijkerbroek
23,3774TA,Walhuisweg,Kootwijkerbroek
36,3774TA,Walhuisweg,Kootwijkerbroek
114,3772VC,Watertuin,Barneveld
12,3772VA,Watertuin,Barneveld
130,3772VC,Watertuin,Barneveld
138,3772VC,Watertuin,Barneveld
142,3772VC,Watertuin,Barneveld
144,3772VC,Watertuin,Barneveld
152,3772VC,Watertuin,Barneveld
154,3772VC,Watertuin,Barneveld
2,3772VA,Watertuin,Barneveld
202,3772VD,Watertuin,Barneveld
206,3772VD,Watertuin,Barneveld
218,3772VD,Watertuin,Barneveld
35,3772HV,Sterappel,Barneveld
89,3771VN,Van Breugelplantsoen,Barneveld
9,3781WK,Wagenmakerslaan,Voorthuizen
50,3781BS,Jan de Jagerweg,Voorthuizen
91,3774RK,Wesselseweg,Kootwijkerbroek
5,3772MS,Parmentierstraat,Barneveld
22,3771MD,Industrieweg,Barneveld
5,3781WN,Vredehof,Voorthuizen
11,3781WN,Vredehof,Voorthuizen
13,3772MS,Parmentierstraat,Barneveld
32,3774SE,De Spil,Kootwijkerbroek
1,3775KX,Blaupot ten Catehof,Kootwijk
10,3775KX,Blaupot ten Catehof,Kootwijk
9,3775KX,Blaupot ten Catehof,Kootwijk
50,3772WD,Wildforster,Barneveld
32,3771JH,Van Wijnbergenlaan,Barneveld
36,3771JK,Van Wijnbergenlaan,Barneveld
43,3771JG,Van Wijnbergenlaan,Barneveld
45,3771JG,Van Wijnbergenlaan,Barneveld
47,3771JJ,Van Wijnbergenlaan,Barneveld
48,3771JK,Van Wijnbergenlaan,Barneveld
59,3771JJ,Van Wijnbergenlaan,Barneveld
60,3771JK,Van Wijnbergenlaan,Barneveld
61,3771JJ,Van Wijnbergenlaan,Barneveld
64,3771JK,Van Wijnbergenlaan,Barneveld
69,3771JJ,Van Wijnbergenlaan,Barneveld
7,3771JG,Van Wijnbergenlaan,Barneveld
66,3771KV,Wethouder Zandbergenlaan,Barneveld
67,3771KT,Wethouder Zandbergenlaan,Barneveld
74,3771KV,Wethouder Zandbergenlaan,Barneveld
75,3771KT,Wethouder Zandbergenlaan,Barneveld
96,3771KV,Wethouder Zandbergenlaan,Barneveld
15,3781WS,Weverslaan,Voorthuizen
5,3781WS,Weverslaan,Voorthuizen
6,3781WS,Weverslaan,Voorthuizen
10,3781EE,Wheemstraat,Voorthuizen
3,3781EE,Wheemstraat,Voorthuizen
11,3785KP,Wielweg,Zwartebroek
17,3785KP,Wielweg,Zwartebroek
3,3785KP,Wielweg,Zwartebroek
46,3785KR,Wielweg,Zwartebroek
15,3773BV,Wijnakker,Barneveld
16,3773BW,Wijnakker,Barneveld
20,3773BW,Wijnakker,Barneveld
14,3771JE,Schimmelpennincklaan,Barneveld
6,3771JE,Schimmelpennincklaan,Barneveld
6,3781GD,Schoolstraat,Voorthuizen
8,3781GD,Schoolstraat,Voorthuizen
1,3774DA,Schoonbeekhof,Kootwijkerbroek
12,3774DA,Schoonbeekhof,Kootwijkerbroek
19,3774DA,Schoonbeekhof,Kootwijkerbroek
32,3774DA,Schoonbeekhof,Kootwijkerbroek
34,3774DA,Schoonbeekhof,Kootwijkerbroek
44,3774DA,Schoonbeekhof,Kootwijkerbroek
49,3774DA,Schoonbeekhof,Kootwijkerbroek
50,3774DA,Schoonbeekhof,Kootwijkerbroek
11,3774SB,De Bonkelaar,Kootwijkerbroek
2,3781SK,Heermoes,Voorthuizen
4,3781SK,Heermoes,Voorthuizen
222,3772VD,Watertuin,Barneveld
236,3772VD,Watertuin,Barneveld
240,3772VE,Watertuin,Barneveld
246,3772VE,Watertuin,Barneveld
248,3772VE,Watertuin,Barneveld
130,3781BD,Roelenengweg,Voorthuizen
132,3781BD,Roelenengweg,Voorthuizen
142,3781BD,Roelenengweg,Voorthuizen
148,3781BD,Roelenengweg,Voorthuizen
60,3781BB,Roelenengweg,Voorthuizen
62,3781BB,Roelenengweg,Voorthuizen
70,3781BC,Roelenengweg,Voorthuizen
84,3781BC,Roelenengweg,Voorthuizen
9,3781BA,Roelenengweg,Voorthuizen
19,3771DH,Roemer Visscherpark,Barneveld
2,3771DJ,Roemer Visscherpark,Barneveld
21,3771DH,Roemer Visscherpark,Barneveld
24,3771DJ,Roemer Visscherpark,Barneveld
28,3771DJ,Roemer Visscherpark,Barneveld
3,3771DH,Roemer Visscherpark,Barneveld
30,3771DJ,Roemer Visscherpark,Barneveld
12,3784VE,Stoutenburgerweg,Terschuur
16,3784VE,Stoutenburgerweg,Terschuur
46,3784VE,Stoutenburgerweg,Terschuur
8,3784VE,Stoutenburgerweg,Terschuur
100,3781HS,Strausslaan,Voorthuizen
108,3781HS,Strausslaan,Voorthuizen
18,3781HM,Strausslaan,Voorthuizen
19,3781HJ,Strausslaan,Voorthuizen
26,3781HN,Strausslaan,Voorthuizen
36,3781HN,Strausslaan,Voorthuizen
37,3781HK,Strausslaan,Voorthuizen
40,3781HN,Strausslaan,Voorthuizen
41,3781HL,Strausslaan,Voorthuizen
44,3781HN,Strausslaan,Voorthuizen
45,3781HL,Strausslaan,Voorthuizen
50,3781HP,Strausslaan,Voorthuizen
52,3781HP,Strausslaan,Voorthuizen
53,3781HL,Strausslaan,Voorthuizen
10,3771JV,Van Dedemlaan,Barneveld
31,3781CK,Sikkel,Voorthuizen
58,3781CE,Zicht,Voorthuizen
3,3771GG,Lorsweg,Barneveld
13,3771GG,Lorsweg,Barneveld
23,3771GG,Lorsweg,Barneveld
33,3771GG,Lorsweg,Barneveld
45,3771GG,Lorsweg,Barneveld
6,3771GE,Vondelstraat,Barneveld
16,3771GE,Vondelstraat,Barneveld
26,3771GE,Vondelstraat,Barneveld
36,3771GE,Vondelstraat,Barneveld
44,3771GE,Vondelstraat,Barneveld
54,3771GE,Vondelstraat,Barneveld
2,3771DX,Aagje Dekenstraat,Barneveld
2,3771DZ,Betje Wolffstraat,Barneveld
7,3771DZ,Betje Wolffstraat,Barneveld
4,3771GP,Aldegondestraat,Barneveld
14,3771GP,Aldegondestraat,Barneveld
24,3771GP,Aldegondestraat,Barneveld
34,3771GP,Aldegondestraat,Barneveld
44,3771GP,Aldegondestraat,Barneveld
34,3771AL,Gelreweg,Barneveld
40,3771AL,Gelreweg,Barneveld
48,3771AL,Gelreweg,Barneveld
8,3771AL,Gelreweg,Barneveld
10,3771AL,Gelreweg,Barneveld
16,3771AL,Gelreweg,Barneveld
9,3781WN,Vredehof,Voorthuizen
8,3772MB,Plantagelaan,Barneveld
10,3794NB,Schoonderbekerweg,De Glind
20,3794NB,Schoonderbekerweg,De Glind
22,3794NB,Schoonderbekerweg,De Glind
32,3794NB,Schoonderbekerweg,De Glind
33,3794NA,Schoonderbekerweg,De Glind
34,3794NB,Schoonderbekerweg,De Glind
11,3771AA,Van Zuijlen van Nieveltlaan,Barneveld
16,3771AC,Van Zuijlen van Nieveltlaan,Barneveld
18,3771AC,Van Zuijlen van Nieveltlaan,Barneveld
21,3771AA,Van Zuijlen van Nieveltlaan,Barneveld
24,3771AC,Van Zuijlen van Nieveltlaan,Barneveld
26,3771AC,Van Zuijlen van Nieveltlaan,Barneveld
37,3771AA,Van Zuijlen van Nieveltlaan,Barneveld
40,3771AC,Van Zuijlen van Nieveltlaan,Barneveld
51,3771AB,Van Zuijlen van Nieveltlaan,Barneveld
58,3771AC,Van Zuijlen van Nieveltlaan,Barneveld
6,3771AC,Van Zuijlen van Nieveltlaan,Barneveld
11,3773CL,Varenkamp,Barneveld
2,3771JV,Van Dedemlaan,Barneveld
20,3771JV,Van Dedemlaan,Barneveld
4,3771JV,Van Dedemlaan,Barneveld
10,3781GG,Van den Berglaan,Voorthuizen
22,3781GG,Van den Berglaan,Voorthuizen
24,3781GG,Van den Berglaan,Voorthuizen
29,3781GE,Van den Berglaan,Voorthuizen
3,3781GE,Van den Berglaan,Voorthuizen
254,3772VE,Watertuin,Barneveld
270,3772VE,Watertuin,Barneveld
272,3772VE,Watertuin,Barneveld
278,3772VE,Watertuin,Barneveld
284,3772VE,Watertuin,Barneveld
286,3772VE,Watertuin,Barneveld
306,3772VG,Watertuin,Barneveld
310,3772VG,Watertuin,Barneveld
316,3772VG,Watertuin,Barneveld
318,3772VG,Watertuin,Barneveld
32,3772VA,Watertuin,Barneveld
324,3772VG,Watertuin,Barneveld
326,3772VG,Watertuin,Barneveld
336,3772VG,Watertuin,Barneveld
338,3772VG,Watertuin,Barneveld
344,3772VG,Watertuin,Barneveld
352,3772VG,Watertuin,Barneveld
72,3772VB,Watertuin,Barneveld
74,3772VB,Watertuin,Barneveld
8,3772VA,Watertuin,Barneveld
88,3772VB,Watertuin,Barneveld
90,3772VB,Watertuin,Barneveld
92,3772VB,Watertuin,Barneveld
6,3785LC,Rondweg,Zwartebroek
8,3785LC,Rondweg,Zwartebroek
2,3771RV,Röntgenstraat,Barneveld
10,3772BK,Rooseveltstraat,Barneveld
18,3772BK,Rooseveltstraat,Barneveld
28,3772VA,Watertuin,Barneveld
40,3772VA,Watertuin,Barneveld
66,3771KG,Ambrosius van Ommerenlaan,Barneveld
38,3781PL,Lange Zuiderweg,Voorthuizen
58,3781PL,Lange Zuiderweg,Voorthuizen
80,3781PL,Lange Zuiderweg,Voorthuizen
11,3771AW,Nairacstraat,Barneveld
19,3771AW,Nairacstraat,Barneveld
3,3771AW,Nairacstraat,Barneveld
9,3771AW,Nairacstraat,Barneveld
10,3772JA,Narcissenstraat,Barneveld
2,3772JA,Narcissenstraat,Barneveld
20,3772JA,Narcissenstraat,Barneveld
32,3772JA,Narcissenstraat,Barneveld
4,3772JA,Narcissenstraat,Barneveld
46,3772JB,Narcissenstraat,Barneveld
52,3772JB,Narcissenstraat,Barneveld
56,3772JB,Narcissenstraat,Barneveld
68,3772JB,Narcissenstraat,Barneveld
70,3772JB,Narcissenstraat,Barneveld
66,3772TE,Nederwoudseweg,Barneveld
1,3772EN,Neerijnen,Barneveld
18,3772CB,Pastoor Gowthorpestraat,Barneveld
21,3772CA,Pastoor Gowthorpestraat,Barneveld
37,3772CA,Pastoor Gowthorpestraat,Barneveld
39,3772CA,Pastoor Gowthorpestraat,Barneveld
55,3772CA,Pastoor Gowthorpestraat,Barneveld
57,3772CA,Pastoor Gowthorpestraat,Barneveld
61,3772CA,Pastoor Gowthorpestraat,Barneveld
7,3772CA,Pastoor Gowthorpestraat,Barneveld
75,3772CA,Pastoor Gowthorpestraat,Barneveld
79,3772CA,Pastoor Gowthorpestraat,Barneveld
93,3772CA,Pastoor Gowthorpestraat,Barneveld
95,3772CA,Pastoor Gowthorpestraat,Barneveld
10,3772RH,Patrijzenhof,Barneveld
15,3772RE,Patrijzenhof,Barneveld
22,3772RH,Patrijzenhof,Barneveld
24,3772RH,Patrijzenhof,Barneveld
4,3772RH,Patrijzenhof,Barneveld
54,3772RJ,Patrijzenhof,Barneveld
26,3772AR,Koekoekstraat,Barneveld
4,3772AR,Koekoekstraat,Barneveld
10,3781DL,Kolenbranderslaan,Voorthuizen
17,3773CL,Varenkamp,Barneveld
25,3773CL,Varenkamp,Barneveld
27,3773CL,Varenkamp,Barneveld
35,3773CL,Varenkamp,Barneveld
4,3773CL,Varenkamp,Barneveld
45,3773CL,Varenkamp,Barneveld
47,3773CL,Varenkamp,Barneveld
9,3773CL,Varenkamp,Barneveld
13,3771MT,Veemweg,Barneveld
22,3773BW,Wijnakker,Barneveld
16,3781MK,Wikselaarseweg,Voorthuizen
3,3781MK,Wikselaarseweg,Voorthuizen
7,3781MK,Wikselaarseweg,Voorthuizen
8,3781MK,Wikselaarseweg,Voorthuizen
27,3772ZB,Wildenborg,Barneveld
28,3772ZB,Wildenborg,Barneveld
3,3772ZA,Wildenborg,Barneveld
32,3772ZB,Wildenborg,Barneveld
36,3772ZB,Wildenborg,Barneveld
42,3772ZC,Wildenborg,Barneveld
44,3772ZC,Wildenborg,Barneveld
5,3772ZA,Wildenborg,Barneveld
62,3772ZD,Wildenborg,Barneveld
64,3772ZD,Wildenborg,Barneveld
41,3794NA,Schoonderbekerweg,De Glind
1,3781MJ,Schoonengweg,Voorthuizen
8,3781MJ,Schoonengweg,Voorthuizen
6,3772TK,Schoonhorsterweg,Barneveld
7,3772TJ,Schoonhorsterweg,Barneveld
15,3771BX,Schouten Hof,Barneveld
22,3771BZ,Schouten Hof,Barneveld
25,3771BZ,Schouten Hof,Barneveld
26,3771BZ,Schouten Hof,Barneveld
30,3771BZ,Schouten Hof,Barneveld
4,3771BX,Schouten Hof,Barneveld
8,3771BX,Schouten Hof,Barneveld
63,3781PV,Tolnegenweg,Voorthuizen
65,3781PV,Tolnegenweg,Voorthuizen
79,3781PV,Tolnegenweg,Voorthuizen
4,3772BK,Rooseveltstraat,Barneveld
7,3772BK,Rooseveltstraat,Barneveld
9,3772BK,Rooseveltstraat,Barneveld
12,3772BM,Rootselaar,Barneveld
20,3772BM,Rootselaar,Barneveld
4,3772BM,Rootselaar,Barneveld
6,3772BM,Rootselaar,Barneveld
13,3772JP,Rozenhof,Barneveld
14,3772JP,Rozenhof,Barneveld
15,3772JP,Rozenhof,Barneveld
16,3772JP,Rozenhof,Barneveld
23,3772JP,Rozenhof,Barneveld
28,3772JP,Rozenhof,Barneveld
32,3772JP,Rozenhof,Barneveld
6,3772JN,Rozenhof,Barneveld
9,3772JN,Rozenhof,Barneveld
103,3772JH,Rozenstraat,Barneveld
107,3772JH,Rozenstraat,Barneveld
21,3772JH,Rozenstraat,Barneveld
7,3781HJ,Strausslaan,Voorthuizen
74,3781HR,Strausslaan,Voorthuizen
92,3781HR,Strausslaan,Voorthuizen
98,3781HS,Strausslaan,Voorthuizen
3,3776MN,Stroeërschoolweg,Stroe
14,3776MJ,Stroeërweg,Stroe
16,3776MJ,Stroeërweg,Stroe
28,3776MJ,Stroeërweg,Stroe
39,3776MG,Stroeërweg,Stroe
54,3776MK,Stroeërweg,Stroe
59,3776MH,Stroeërweg,Stroe
84,3772VB,Watertuin,Barneveld
9,3781DL,Kolenbranderslaan,Voorthuizen
14,3781GL,Koninginnelaan,Voorthuizen
17,3781GK,Koninginnelaan,Voorthuizen
18,3781GL,Koninginnelaan,Voorthuizen
24,3781GL,Koninginnelaan,Voorthuizen
29,3781GK,Koninginnelaan,Voorthuizen
3,3781GK,Koninginnelaan,Voorthuizen
30,3781GL,Koninginnelaan,Voorthuizen
7,3781GK,Koninginnelaan,Voorthuizen
19,3886KC,Koningsweg,Garderen
50,3886KD,Koningsweg,Garderen
54,3886KD,Koningsweg,Garderen
11,3771BA,Langstraat,Barneveld
130,3771BJ,Langstraat,Barneveld
14,3771BE,Langstraat,Barneveld
19,3771BA,Langstraat,Barneveld
24,3771BE,Langstraat,Barneveld
3,3771BA,Langstraat,Barneveld
35,3771BB,Langstraat,Barneveld
42,3771BG,Langstraat,Barneveld
43,3771BB,Langstraat,Barneveld
53,3771BC,Langstraat,Barneveld
55,3771BC,Langstraat,Barneveld
24,3772EP,Neerijnen,Barneveld
28,3772EP,Neerijnen,Barneveld
32,3772EP,Neerijnen,Barneveld
35,3772EP,Neerijnen,Barneveld
4,3772EN,Neerijnen,Barneveld
45,3772ER,Neerijnen,Barneveld
54,3772ER,Neerijnen,Barneveld
59,3772ER,Neerijnen,Barneveld
64,3772ES,Neerijnen,Barneveld
65,3772ES,Neerijnen,Barneveld
32,3774LJ,Topperweg,Kootwijkerbroek
34,3774LJ,Topperweg,Kootwijkerbroek
48,3774LJ,Topperweg,Kootwijkerbroek
52,3774LJ,Topperweg,Kootwijkerbroek
54,3774LJ,Topperweg,Kootwijkerbroek
2,3772CX,Torenplein,Barneveld
35,3772CX,Torenplein,Barneveld
37,3772CX,Torenplein,Barneveld
9,3772CX,Torenplein,Barneveld
11,3781WZ,Touwslagerslaan,Voorthuizen
23,3781NS,Traa,Voorthuizen
3,3771XX,Treublaan,Barneveld
17,3771MT,Veemweg,Barneveld
25,3771MT,Veemweg,Barneveld
27,3771MT,Veemweg,Barneveld
5,3771MT,Veemweg,Barneveld
1,3785LH,Veenburgerweg,Zwartebroek
24,3785LH,Veenburgerweg,Zwartebroek
18,3781BM,Veldkampstraat,Voorthuizen
25,3774TP,Velkemeensedijk,Kootwijkerbroek
2,3785LA,Vellengastraat,Zwartebroek
6,3785LA,Vellengastraat,Zwartebroek
9,3785LA,Vellengastraat,Zwartebroek
19,3772PP,Vellerselaan,Barneveld
25,3772PP,Vellerselaan,Barneveld
59,3772PP,Vellerselaan,Barneveld
61,3772PP,Vellerselaan,Barneveld
35,3781GE,Van den Berglaan,Voorthuizen
42,3781GJ,Van den Berglaan,Voorthuizen
44,3781GJ,Van den Berglaan,Voorthuizen
45,3781GE,Van den Berglaan,Voorthuizen
47,3781GE,Van den Berglaan,Voorthuizen
49,3781GE,Van den Berglaan,Voorthuizen
51,3781GE,Van den Berglaan,Voorthuizen
13,3776PR,Welgelegenweg,Stroe
22,3776PR,Welgelegenweg,Stroe
26,3776PR,Welgelegenweg,Stroe
5,3776PR,Welgelegenweg,Stroe
52,3776PR,Welgelegenweg,Stroe
8,3771DJ,Roemer Visscherpark,Barneveld
15,3773AA,Roggeakker,Barneveld
18,3773AB,Roggeakker,Barneveld
20,3773AB,Roggeakker,Barneveld
25,3773AA,Roggeakker,Barneveld
26,3773AB,Roggeakker,Barneveld
44,3773AB,Roggeakker,Barneveld
52,3773AB,Roggeakker,Barneveld
11,3785LB,Rondweg,Zwartebroek
21,3785LB,Rondweg,Zwartebroek
31,3785LB,Rondweg,Zwartebroek
35,3785LB,Rondweg,Zwartebroek
65,3776MH,Stroeërweg,Stroe
2,3785LC,Rondweg,Zwartebroek
1,3886AE,Beukenlaan,Garderen
40,3772BL,Jan Seppenplein,Barneveld
102,3771MB,Harselaarseweg,Barneveld
1,3773CP,Vogelwikke,Barneveld
28,3772HD,Begoniastraat,Barneveld
41,3771NC,Mercuriusweg,Barneveld
13,3772SX,Leibeek,Barneveld
17,3794MX,Boshuisweg,De Glind
56,3775KS,Nieuw Milligenseweg,Kootwijk
14,3774BZ,Topperbinnenweg,Kootwijkerbroek
3,3774LG,Kamperweg,Kootwijkerbroek
99,3774RK,Wesselseweg,Kootwijkerbroek
64,3781CE,Zicht,Voorthuizen
21,3771GG,Lorsweg,Barneveld
35,3771GG,Lorsweg,Barneveld
7,3771DX,Aagje Dekenstraat,Barneveld
22,3771GP,Aldegondestraat,Barneveld
36,3771GP,Aldegondestraat,Barneveld
30,3771AL,Gelreweg,Barneveld
46,3776PR,Welgelegenweg,Stroe
23,3771EB,Thorbeckelaan,Barneveld
37,3781NM,Hunnenweg,Voorthuizen
12,3781SK,Heermoes,Voorthuizen
18,3781SK,Heermoes,Voorthuizen
20,3781SK,Heermoes,Voorthuizen
24,3781SK,Heermoes,Voorthuizen
185,3772EK,Valkhof,Barneveld
199,3772EL,Valkhof,Barneveld
204,3772EL,Valkhof,Barneveld
72,3772ES,Neerijnen,Barneveld
76,3772ES,Neerijnen,Barneveld
10,3771GC,Nicolaas Beetsstraat,Barneveld
11,3771GB,Nicolaas Beetsstraat,Barneveld
18,3771GC,Nicolaas Beetsstraat,Barneveld
25,3771GB,Nicolaas Beetsstraat,Barneveld
26,3771GC,Nicolaas Beetsstraat,Barneveld
28,3771GC,Nicolaas Beetsstraat,Barneveld
33,3771GB,Nicolaas Beetsstraat,Barneveld
7,3772RE,Patrijzenhof,Barneveld
80,3772RJ,Patrijzenhof,Barneveld
82,3772RJ,Patrijzenhof,Barneveld
86,3772RJ,Patrijzenhof,Barneveld
10,3781ER,Paulus Potterstraat,Voorthuizen
12,3781ER,Paulus Potterstraat,Voorthuizen
13,3781EP,Paulus Potterstraat,Voorthuizen
22,3781ER,Paulus Potterstraat,Voorthuizen
28,3781ER,Paulus Potterstraat,Voorthuizen
31,3781EP,Paulus Potterstraat,Voorthuizen
32,3781ER,Paulus Potterstraat,Voorthuizen
39,3781EP,Paulus Potterstraat,Voorthuizen
46,3781ES,Paulus Potterstraat,Voorthuizen
58,3781ES,Paulus Potterstraat,Voorthuizen
6,3781ER,Paulus Potterstraat,Voorthuizen
1,3771LC,Peutweg,Barneveld
3,3771LC,Peutweg,Barneveld
2,3772MT,Koolhovenstraat,Barneveld
13,3773CW,Koolzaadveld,Barneveld
4,3773CW,Koolzaadveld,Barneveld
31,3774CG,Rehobothstraat,Kootwijkerbroek
31,3775KD,Kootwijkerdijk,Kootwijk
14,3781WX,Koperslagerslaan,Voorthuizen
28,3771CJ,Schoutenstraat,Barneveld
29,3771CE,Schoutenstraat,Barneveld
3,3771CE,Schoutenstraat,Barneveld
30,3771CJ,Schoutenstraat,Barneveld
49,3771CG,Schoutenstraat,Barneveld
56,3771CK,Schoutenstraat,Barneveld
62,3771CK,Schoutenstraat,Barneveld
63,3771CG,Schoutenstraat,Barneveld
66,3771CK,Schoutenstraat,Barneveld
70,3771CK,Schoutenstraat,Barneveld
80,3771CL,Schoutenstraat,Barneveld
86,3771CL,Schoutenstraat,Barneveld
15,3781TC,Tromplaan,Voorthuizen
16,3781TE,Tromplaan,Voorthuizen
23,3781TC,Tromplaan,Voorthuizen
25,3781TC,Tromplaan,Voorthuizen
30,3781TG,Tromplaan,Voorthuizen
39,3781TD,Tromplaan,Voorthuizen
40,3781TG,Tromplaan,Voorthuizen
48,3781TG,Tromplaan,Voorthuizen
20,3772VK,Tuinboog,Barneveld
32,3772VK,Tuinboog,Barneveld
36,3772VK,Tuinboog,Barneveld
14,3772HH,Tulpenstraat,Barneveld
7,3772HH,Tulpenstraat,Barneveld
10,3772PN,Uilebaardlaan,Barneveld
12,3772PN,Uilebaardlaan,Barneveld
13,3772PN,Uilebaardlaan,Barneveld
5,3781SB,Hoornbloem,Voorthuizen
66,3776MK,Stroeërweg,Stroe
84,3776MK,Stroeërweg,Stroe
7,3781PR,Stroetweg,Voorthuizen
12,3771HZ,Sweijslaan,Barneveld
5,3771HZ,Sweijslaan,Barneveld
33,3772BZ,'t Achterdorp,Barneveld
63,3772BZ,'t Achterdorp,Barneveld
65,3772BZ,'t Achterdorp,Barneveld
67,3772BZ,'t Achterdorp,Barneveld
81,3772BZ,'t Achterdorp,Barneveld
12,3773CH,Tabaksland,Barneveld
73,3781GE,Van den Berglaan,Voorthuizen
8,3781GG,Van den Berglaan,Voorthuizen
8,3772AD,Van den Bogertlaan,Barneveld
25,3772AC,Van Dompselaerstraat,Barneveld
35,3772AC,Van Dompselaerstraat,Barneveld
37,3772AC,Van Dompselaerstraat,Barneveld
47,3772AC,Van Dompselaerstraat,Barneveld
64,3772AB,Van Dompselaerstraat,Barneveld
72,3772AB,Van Dompselaerstraat,Barneveld
75,3772AC,Van Dompselaerstraat,Barneveld
2,3781VX,Van Effrinkstraat,Voorthuizen
8,3781VX,Van Effrinkstraat,Voorthuizen
10,3771JZ,Van Ghentlaan,Barneveld
11,3771JZ,Van Ghentlaan,Barneveld
17,3771JZ,Van Ghentlaan,Barneveld
2,3771JZ,Van Ghentlaan,Barneveld
22,3771JZ,Van Ghentlaan,Barneveld
25,3771JZ,Van Ghentlaan,Barneveld
30,3771PP,Wencopperweg,Barneveld
36,3771PP,Wencopperweg,Barneveld
40,3771PP,Wencopperweg,Barneveld
41,3771PN,Wencopperweg,Barneveld
76,3774RJ,Wencopperweg,Kootwijkerbroek
82,3774RJ,Wencopperweg,Kootwijkerbroek
86,3774RJ,Wencopperweg,Kootwijkerbroek
101,3774RK,Wesselseweg,Kootwijkerbroek
104,3774RL,Wesselseweg,Kootwijkerbroek
105,3774RK,Wesselseweg,Kootwijkerbroek
113,3774RK,Wesselseweg,Kootwijkerbroek
116,3774RL,Wesselseweg,Kootwijkerbroek
92,3774RJ,Wencopperweg,Kootwijkerbroek
67,3781GE,Van den Berglaan,Voorthuizen
63,3772SM,Wildzoom,Barneveld
55,3774BT,Kootwijkerbroekerweg,Kootwijkerbroek
2,3772NR,Mosterdlaan,Barneveld
30,3772NR,Mosterdlaan,Barneveld
19,3772NR,Mosterdlaan,Barneveld
162,3774RM,Wesselseweg,Kootwijkerbroek
3,3781WN,Vredehof,Voorthuizen
11,3775KX,Blaupot ten Catehof,Kootwijk
39,3781SG,Knoopkruid,Voorthuizen
10,3781SJ,Speenkruid,Voorthuizen
31,3771GG,Lorsweg,Barneveld
56,3771GE,Vondelstraat,Barneveld
9,3771DX,Aagje Dekenstraat,Barneveld
8,3771GP,Aldegondestraat,Barneveld
20,3771GP,Aldegondestraat,Barneveld
38,3771GP,Aldegondestraat,Barneveld
52,3771AL,Gelreweg,Barneveld
45,3772PN,Uilebaardlaan,Barneveld
6,3781SK,Heermoes,Voorthuizen
22,3781SK,Heermoes,Voorthuizen
30,3781SK,Heermoes,Voorthuizen
11,3776MS,Haarweg,Stroe
68,3771BH,Langstraat,Barneveld
70,3771BH,Langstraat,Barneveld
74,3771BH,Langstraat,Barneveld
79,3771BC,Langstraat,Barneveld
80,3771BJ,Langstraat,Barneveld
7,3772DA,Erkensgang,Barneveld
84,3771BJ,Langstraat,Barneveld
25,3781NB,Lankerenseweg,Voorthuizen
28,3781NB,Lankerenseweg,Voorthuizen
3,3771EN,Nieuw Burgelaarseweg,Barneveld
8,3771EN,Nieuw Burgelaarseweg,Barneveld
2,3784VJ,Nieuw Hofweg,Terschuur
7,3784VJ,Nieuw Hofweg,Terschuur
10,3775KS,Nieuw Milligenseweg,Kootwijk
13,3775KR,Nieuw Milligenseweg,Kootwijk
36,3775KS,Nieuw Milligenseweg,Kootwijk
45,3775KR,Nieuw Milligenseweg,Kootwijk
7,3771LC,Peutweg,Barneveld
11,3771WB,Piersonlaan,Barneveld
7,3771WB,Piersonlaan,Barneveld
11,3781TH,Piet Heinlaan,Voorthuizen
15,3781TH,Piet Heinlaan,Voorthuizen
25,3781TH,Piet Heinlaan,Voorthuizen
29,3781TH,Piet Heinlaan,Voorthuizen
31,3781TH,Piet Heinlaan,Voorthuizen
45,3781TH,Piet Heinlaan,Voorthuizen
14,3772PN,Uilebaardlaan,Barneveld
17,3772PN,Uilebaardlaan,Barneveld
116,3774BN,Veluweweg,Kootwijkerbroek
130,3774BP,Veluweweg,Kootwijkerbroek
148,3774BP,Veluweweg,Kootwijkerbroek
157,3774BL,Veluweweg,Kootwijkerbroek
188,3774BP,Veluweweg,Kootwijkerbroek
26,3774BM,Veluweweg,Kootwijkerbroek
28,3774BM,Veluweweg,Kootwijkerbroek
3,3774BK,Veluweweg,Kootwijkerbroek
48,3774BM,Veluweweg,Kootwijkerbroek
64,3774BN,Veluweweg,Kootwijkerbroek
90,3774BN,Veluweweg,Kootwijkerbroek
25,3781LR,Verbindingsweg,Voorthuizen
26,3781LS,Verbindingsweg,Voorthuizen
6,3781DE,Rademakerslaan,Voorthuizen
8,3771XH,Raesfeltlaan,Barneveld
10,3772RD,Raperbeek,Barneveld
100,3772RW,Raperbeek,Barneveld
102,3772RW,Raperbeek,Barneveld
110,3772RW,Raperbeek,Barneveld
116,3772RX,Raperbeek,Barneveld
118,3772RX,Raperbeek,Barneveld
126,3772RX,Raperbeek,Barneveld
128,3772RX,Raperbeek,Barneveld
16,3772RD,Raperbeek,Barneveld
160,3772RX,Raperbeek,Barneveld
164,3772RZ,Raperbeek,Barneveld
166,3772RZ,Raperbeek,Barneveld
172,3772RZ,Raperbeek,Barneveld
174,3772RZ,Raperbeek,Barneveld
178,3772RZ,Raperbeek,Barneveld
188,3772RZ,Raperbeek,Barneveld
192,3772RZ,Raperbeek,Barneveld
34,3772RD,Raperbeek,Barneveld
38,3772RD,Raperbeek,Barneveld
40,3772RD,Raperbeek,Barneveld
44,3772RD,Raperbeek,Barneveld
48,3772RD,Raperbeek,Barneveld
52,3772RD,Raperbeek,Barneveld
62,3772RW,Raperbeek,Barneveld
74,3772RW,Raperbeek,Barneveld
121,3774RK,Wesselseweg,Kootwijkerbroek
122,3774RL,Wesselseweg,Kootwijkerbroek
132,3774RL,Wesselseweg,Kootwijkerbroek
136,3774RL,Wesselseweg,Kootwijkerbroek
137,3774RK,Wesselseweg,Kootwijkerbroek
143,3774RK,Wesselseweg,Kootwijkerbroek
145,3774RK,Wesselseweg,Kootwijkerbroek
151,3774RK,Wesselseweg,Kootwijkerbroek
156,3774RM,Wesselseweg,Kootwijkerbroek
24,3772JJ,Rozenstraat,Barneveld
26,3772JJ,Rozenstraat,Barneveld
27,3772JH,Rozenstraat,Barneveld
28,3772JJ,Rozenstraat,Barneveld
35,3772JH,Rozenstraat,Barneveld
36,3772JJ,Rozenstraat,Barneveld
45,3772JH,Rozenstraat,Barneveld
69,3772JH,Rozenstraat,Barneveld
8,3772JJ,Rozenstraat,Barneveld
89,3772JH,Rozenstraat,Barneveld
9,3772JH,Rozenstraat,Barneveld
93,3772JH,Rozenstraat,Barneveld
95,3772JH,Rozenstraat,Barneveld
97,3772JH,Rozenstraat,Barneveld
16,3781VM,Rubensstraat,Voorthuizen
21,3781VK,Rubensstraat,Voorthuizen
23,3781VK,Rubensstraat,Voorthuizen
25,3781VK,Rubensstraat,Voorthuizen
27,3781VK,Rubensstraat,Voorthuizen
29,3781VK,Rubensstraat,Voorthuizen
38,3781VM,Rubensstraat,Voorthuizen
49,3781VK,Rubensstraat,Voorthuizen
57,3781VL,Rubensstraat,Voorthuizen
29,3773CE,Tabaksland,Barneveld
33,3773CE,Tabaksland,Barneveld
10,3773BT,Tarweakker,Barneveld
13,3773BS,Tarweakker,Barneveld
27,3773BS,Tarweakker,Barneveld
42,3773BT,Tarweakker,Barneveld
46,3773BT,Tarweakker,Barneveld
149,3774RK,Wesselseweg,Kootwijkerbroek
21,3771JZ,Van Ghentlaan,Barneveld
63,3771BC,Langstraat,Barneveld
5,3781TH,Piet Heinlaan,Voorthuizen
1,3781EG,Pieter de Hooghstraat,Voorthuizen
11,3781EG,Pieter de Hooghstraat,Voorthuizen
5,3781EG,Pieter de Hooghstraat,Voorthuizen
7,3781EG,Pieter de Hooghstraat,Voorthuizen
8,3781EG,Pieter de Hooghstraat,Voorthuizen
11,3781DM,Plaggenmeierslaan,Voorthuizen
25,3781DM,Plaggenmeierslaan,Voorthuizen
27,3781DM,Plaggenmeierslaan,Voorthuizen
31,3781DM,Plaggenmeierslaan,Voorthuizen
47,3781DM,Plaggenmeierslaan,Voorthuizen
51,3781DM,Plaggenmeierslaan,Voorthuizen
9,3781DM,Plaggenmeierslaan,Voorthuizen
5,3771HS,Kortelaan,Barneveld
6,3771HS,Kortelaan,Barneveld
7,3771HS,Kortelaan,Barneveld
23,3774BG,Kosterijweg,Kootwijkerbroek
24,3774BH,Kosterijweg,Kootwijkerbroek
35,3774BG,Kosterijweg,Kootwijkerbroek
36,3774BH,Kosterijweg,Kootwijkerbroek
42,3774BH,Kosterijweg,Kootwijkerbroek
5,3774BG,Kosterijweg,Kootwijkerbroek
56,3774BJ,Kosterijweg,Kootwijkerbroek
6,3774BH,Kosterijweg,Kootwijkerbroek
66,3774BJ,Kosterijweg,Kootwijkerbroek
89,3774BG,Kosterijweg,Kootwijkerbroek
20,3772BC,Koterweg,Barneveld
21,3772BB,Koterweg,Barneveld
24,3772BC,Koterweg,Barneveld
28,3772BC,Koterweg,Barneveld
29,3772BB,Koterweg,Barneveld
37,3772BB,Koterweg,Barneveld
47,3772BB,Koterweg,Barneveld
49,3772BB,Koterweg,Barneveld
43,3781NB,Lankerenseweg,Voorthuizen
8,3781NB,Lankerenseweg,Voorthuizen
10,3773CM,Lavendelplein,Barneveld
20,3773CM,Lavendelplein,Barneveld
8,3772RD,Raperbeek,Barneveld
92,3771CL,Schoutenstraat,Barneveld
1,3781CK,Sikkel,Voorthuizen
23,3781CK,Sikkel,Voorthuizen
27,3781CK,Sikkel,Voorthuizen
5,3781CK,Sikkel,Voorthuizen
10,3772LT,Slangenburg,Barneveld
101,3772LS,Slangenburg,Barneveld
2,3772LT,Slangenburg,Barneveld
21,3772LP,Slangenburg,Barneveld
33,3772LP,Slangenburg,Barneveld
38,3772LV,Slangenburg,Barneveld
52,3772LV,Slangenburg,Barneveld
53,3772LR,Slangenburg,Barneveld
57,3772LR,Slangenburg,Barneveld
58,3772LV,Slangenburg,Barneveld
64,3772LV,Slangenburg,Barneveld
66,3772LV,Slangenburg,Barneveld
68,3772LV,Slangenburg,Barneveld
70,3772LV,Slangenburg,Barneveld
21,3772PN,Uilebaardlaan,Barneveld
35,3772PN,Uilebaardlaan,Barneveld
37,3772PN,Uilebaardlaan,Barneveld
6,3772PN,Uilebaardlaan,Barneveld
21,3772WJ,Valkenier,Barneveld
23,3772WJ,Valkenier,Barneveld
25,3772WJ,Valkenier,Barneveld
47,3772WK,Valkenier,Barneveld
5,3772WJ,Valkenier,Barneveld
51,3772WK,Valkenier,Barneveld
6,3772WN,Valkenier,Barneveld
9,3772WJ,Valkenier,Barneveld
102,3772EE,Valkhof,Barneveld
112,3772EG,Valkhof,Barneveld
113,3772EG,Valkhof,Barneveld
115,3772EG,Valkhof,Barneveld
117,3772EG,Valkhof,Barneveld
130,3772EH,Valkhof,Barneveld
32,3781LS,Verbindingsweg,Voorthuizen
1,3771HG,Verlooplaan,Barneveld
10,3771HG,Verlooplaan,Barneveld
13,3771HG,Verlooplaan,Barneveld
47,3773BS,Tarweakker,Barneveld
5,3773BS,Tarweakker,Barneveld
50,3773BT,Tarweakker,Barneveld
54,3773BT,Tarweakker,Barneveld
6,3773BT,Tarweakker,Barneveld
7,3773BS,Tarweakker,Barneveld
1,3781AX,Ten Bokkel Huininkhof,Voorthuizen
5,3781AX,Ten Bokkel Huininkhof,Voorthuizen
10,3771ZE,Tesselschadestraat,Barneveld
19,3771ZC,Tesselschadestraat,Barneveld
25,3771ZC,Tesselschadestraat,Barneveld
29,3771ZC,Tesselschadestraat,Barneveld
4,3771JZ,Van Ghentlaan,Barneveld
53,3771JZ,Van Ghentlaan,Barneveld
59,3771JZ,Van Ghentlaan,Barneveld
17,3771JW,Van Haersoltelaan,Barneveld
2,3771JW,Van Haersoltelaan,Barneveld
21,3771JW,Van Haersoltelaan,Barneveld
23,3771JW,Van Haersoltelaan,Barneveld
27,3771JW,Van Haersoltelaan,Barneveld
28,3771JW,Van Haersoltelaan,Barneveld
30,3771JW,Van Haersoltelaan,Barneveld
34,3771JW,Van Haersoltelaan,Barneveld
49,3771JW,Van Haersoltelaan,Barneveld
5,3771JW,Van Haersoltelaan,Barneveld
51,3771JW,Van Haersoltelaan,Barneveld
65,3771JW,Van Haersoltelaan,Barneveld
69,3771JW,Van Haersoltelaan,Barneveld
7,3771JW,Van Haersoltelaan,Barneveld
75,3771JW,Van Haersoltelaan,Barneveld
82,3771JW,Van Haersoltelaan,Barneveld
31,3771PA,Wesselseweg,Barneveld
41,3771PA,Wesselseweg,Barneveld
66,3771PD,Wesselseweg,Barneveld
77,3771PB,Wesselseweg,Barneveld
86,3771PD,Wesselseweg,Barneveld
16,3774TE,Westerhuisweg,Kootwijkerbroek
4,3771ZE,Tesselschadestraat,Barneveld
29,3771JW,Van Haersoltelaan,Barneveld
36,3773BT,Tarweakker,Barneveld
30,3773CM,Lavendelplein,Barneveld
36,3773CM,Lavendelplein,Barneveld
2,3784KD,Leemweg,Terschuur
45,3785KE,Leemweg,Zwartebroek
49,3785KE,Leemweg,Zwartebroek
51,3785KE,Leemweg,Zwartebroek
53,3785KE,Leemweg,Zwartebroek
14,3772XR,Leeuwebekstraat,Barneveld
16,3772XR,Leeuwebekstraat,Barneveld
2,3772XR,Leeuwebekstraat,Barneveld
25,3772XP,Leeuwebekstraat,Barneveld
29,3772XP,Leeuwebekstraat,Barneveld
4,3772XR,Leeuwebekstraat,Barneveld
5,3772XP,Leeuwebekstraat,Barneveld
6,3772XR,Leeuwebekstraat,Barneveld
11,3772AM,Leeuwerikstraat,Barneveld
68,3772KV,Churchillstraat,Barneveld
26,3772AM,Leeuwerikstraat,Barneveld
6,3772AM,Leeuwerikstraat,Barneveld
10,3772SZ,Leibeek,Barneveld
12,3772SZ,Leibeek,Barneveld
15,3772SX,Leibeek,Barneveld
19,3772SX,Leibeek,Barneveld
24,3772SZ,Leibeek,Barneveld
4,3771RM,Nieuw Norschoterweg,Barneveld
1,3771RA,Nieuw Vellerseweg,Barneveld
13,3781BT,Nieuwe Kampstraat,Voorthuizen
17,3781DX,Nieuwe Noordenweg,Voorthuizen
2,3781DX,Nieuwe Noordenweg,Voorthuizen
3,3781DX,Nieuwe Noordenweg,Voorthuizen
5,3781DX,Nieuwe Noordenweg,Voorthuizen
1,3771AS,Nieuwstraat,Barneveld
19,3771AS,Nieuwstraat,Barneveld
21,3774RN,Plaggenweg,Kootwijkerbroek
45,3774RN,Plaggenweg,Kootwijkerbroek
10,3772MB,Plantagelaan,Barneveld
16,3772MB,Plantagelaan,Barneveld
27,3772MB,Plantagelaan,Barneveld
34,3772MB,Plantagelaan,Barneveld
6,3771HG,Verlooplaan,Barneveld
13,3771XT,Versteeglaan,Barneveld
15,3771XT,Versteeglaan,Barneveld
17,3771XT,Versteeglaan,Barneveld
19,3771XT,Versteeglaan,Barneveld
27,3771XT,Versteeglaan,Barneveld
11,3781XM,Vincent van Goghstraat,Voorthuizen
19,3781XM,Vincent van Goghstraat,Voorthuizen
24,3774PL,Vinkekampweg,Kootwijkerbroek
92,3772RW,Raperbeek,Barneveld
98,3772RW,Raperbeek,Barneveld
1,3785XA,Ravensgoedseweg,Zwartebroek
9,3776MP,Ravenweg,Stroe
11,3772RA,Reehorst,Barneveld
17,3772RA,Reehorst,Barneveld
3,3772RA,Reehorst,Barneveld
38,3772RB,Reehorst,Barneveld
44,3772RB,Reehorst,Barneveld
7,3772RA,Reehorst,Barneveld
26,3774CK,Rehobothstraat,Kootwijkerbroek
36,3774CL,Rehobothstraat,Kootwijkerbroek
4,3774CK,Rehobothstraat,Kootwijkerbroek
47,3774CG,Rehobothstraat,Kootwijkerbroek
63,3774CH,Rehobothstraat,Kootwijkerbroek
67,3774CH,Rehobothstraat,Kootwijkerbroek
71,3774CH,Rehobothstraat,Kootwijkerbroek
12,3772AW,Reigerstraat,Barneveld
74,3772LV,Slangenburg,Barneveld
76,3772LV,Slangenburg,Barneveld
84,3772LW,Slangenburg,Barneveld
93,3772LS,Slangenburg,Barneveld
97,3772LS,Slangenburg,Barneveld
27,3886MS,Sleedoornweg,Garderen
16,3781GR,Smidsplein,Voorthuizen
3,3781GR,Smidsplein,Voorthuizen
6,3781GR,Smidsplein,Voorthuizen
6,3886AX,Smidstraat,Garderen
8,3886AX,Smidstraat,Garderen
9,3886AX,Smidstraat,Garderen
20,3886LD,Solseweg,Garderen
16,3781CN,Spade,Voorthuizen
38,3781CN,Spade,Voorthuizen
20,3781GR,Smidsplein,Voorthuizen
106,3771KA,Wethouder Rebellaan,Barneveld
118,3771KA,Wethouder Rebellaan,Barneveld
1,3794MZ,Rudolphlaan,De Glind
22,3794MZ,Rudolphlaan,De Glind
30,3794MZ,Rudolphlaan,De Glind
8,3794MZ,Rudolphlaan,De Glind
127,3771SK,Ruitenbeekweg,Barneveld
11,3771SC,Rulerweg,Barneveld
1,3772PJ,Sabelpootlaan,Barneveld
10,3772PJ,Sabelpootlaan,Barneveld
11,3772PJ,Sabelpootlaan,Barneveld
12,3772PJ,Sabelpootlaan,Barneveld
13,3772PJ,Sabelpootlaan,Barneveld
16,3772PJ,Sabelpootlaan,Barneveld
18,3772PJ,Sabelpootlaan,Barneveld
22,3772PJ,Sabelpootlaan,Barneveld
3,3772PJ,Sabelpootlaan,Barneveld
33,3772PJ,Sabelpootlaan,Barneveld
1,3784WR,Sandersstraat,Terschuur
12,3784WR,Sandersstraat,Terschuur
24,3784WR,Sandersstraat,Terschuur
49,3771ZD,Tesselschadestraat,Barneveld
5,3771ZC,Tesselschadestraat,Barneveld
9,3771ZC,Tesselschadestraat,Barneveld
108,3771EM,Thorbeckelaan,Barneveld
109,3771ED,Thorbeckelaan,Barneveld
110,3771EM,Thorbeckelaan,Barneveld
46,3771CR,Van Hogendorplaan,Barneveld
116,3771EM,Thorbeckelaan,Barneveld
131,3771ED,Thorbeckelaan,Barneveld
17,3771EA,Thorbeckelaan,Barneveld
34,3771EH,Thorbeckelaan,Barneveld
40,3771EJ,Thorbeckelaan,Barneveld
41,3771EC,Thorbeckelaan,Barneveld
47,3771EC,Thorbeckelaan,Barneveld
64,3771PD,Wesselseweg,Barneveld
59,3772MB,Plantagelaan,Barneveld
1,3785LD,Platanenstraat,Zwartebroek
24,3785LE,Platanenstraat,Zwartebroek
30,3785LE,Platanenstraat,Zwartebroek
40,3785LE,Platanenstraat,Zwartebroek
59,3785LD,Platanenstraat,Zwartebroek
67,3785LD,Platanenstraat,Zwartebroek
7,3785LD,Platanenstraat,Zwartebroek
78,3785LG,Platanenstraat,Zwartebroek
9,3785LD,Platanenstraat,Zwartebroek
20,3781WX,Koperslagerslaan,Voorthuizen
12,3785KN,Koperweg,Zwartebroek
5,3785KM,Koperweg,Zwartebroek
11,3772GJ,Korenbloemstraat,Barneveld
19,3772GJ,Korenbloemstraat,Barneveld
28,3772GK,Korenbloemstraat,Barneveld
34,3772GK,Korenbloemstraat,Barneveld
36,3772GK,Korenbloemstraat,Barneveld
