24,3297WD,Speenkruid,Puttershoek
14,3297EL,Pieter Abelszstraat,Puttershoek
4,3295XK,Heeremanstraat,'s-Gravendeel
16,3295GV,Poldervaart,'s-Gravendeel
2,3274MB,Buitenlanden,Heinenoord
1,3274CW,Abraham Kuyperhof,Heinenoord
34,3299BZ,Leeuwerik,Maasdam
33,3273XA,Gaarde,Westmaas
47,3274KJ,Nijverheidsweg,Heinenoord
104,3297BJ,Nassaulaan,Puttershoek
103,3299WC,de Heul,Maasdam
57,3295XB,Beneden Havendijk,'s-Gravendeel
76,3274CH,Kalesland,Heinenoord
129,3295EE,Schenkeldijk,'s-Gravendeel
10,3271TB,Frederik van Eedenstraat,Mijnsheerenland
43,3297EB,Arie van Drielstraat,Puttershoek
8,3297GD,Biezenbleek,Puttershoek
20,3273AD,de Roolaan,Westmaas
18,3297GB,Biezenweide,Puttershoek
3,3295GK,Singelhof,'s-Gravendeel
51,3295XM,Hiesveltstraat,'s-Gravendeel
51,3295XL,Hiesveltstraat,'s-Gravendeel
1,3273CA,Johannes Kolfstraat,Westmaas
19,3273AA,Beatrixlaan,Westmaas
2,3295XS,Nieuweweg,'s-Gravendeel
51,3297CP,Wilhelminastraat,Puttershoek
40,3299BC,Dorpsstraat,Maasdam
6,3297VG,Polaris,Puttershoek
2,3271BR,Nieuwegeer,Mijnsheerenland
1,3295RH,Vioolerf,'s-Gravendeel
6,3274CC,Dreeshof,Heinenoord
12,3273XD,Leeuwendaal,Westmaas
1,3295SZ,Zonnebloemlaan,'s-Gravendeel
94,3273LN,Stougjesdijk,Westmaas
17,3297EA,Arie van Drielstraat,Puttershoek
3,3271TB,Frederik van Eedenstraat,Mijnsheerenland
73,3274CG,John F. Kennedystraat,Heinenoord
25,3271AA,Burg.de Jongplein,Mijnsheerenland
22,3295CC,Constantijnstraat,'s-Gravendeel
5,3297GC,Biezendroger,Puttershoek
181,3295CT,Weegje,'s-Gravendeel
30,3274AP,Wilhelminastraat,Heinenoord
101,3297TL,Standerdmolen,Puttershoek
29,3295SW,Tuinstraat,'s-Gravendeel
4,3295AC,Bernhardstraat,'s-Gravendeel
36,3295EL,Zweedsestraat,'s-Gravendeel
19,3295BJ,Langestraat,'s-Gravendeel
7,3274CC,Dreeshof,Heinenoord
29,3295GM,Vlietstraat,'s-Gravendeel
6,3295SV,Rozenerf,'s-Gravendeel
1,3273AX,Rootweide,Westmaas
7,3271BD,Hoflaan,Mijnsheerenland
15,3271XM,Grasgors,Mijnsheerenland
83,3299WC,de Heul,Maasdam
4,3274BJ,Hofplein,Heinenoord
24,3297GC,Biezendroger,Puttershoek
5,3297CN,Wilhelminastraat,Puttershoek
37,3299BH,Molenlaan,Maasdam
15,3299WB,de Heul,Maasdam
9,3295SL,Irisstraat,'s-Gravendeel
3,3274BB,Dorpsstraat,Heinenoord
57,3299BJ,Molenlaan,Maasdam
28,3271TL,Hertoglaan,Mijnsheerenland
107,3297XA,Eikenlaan,Puttershoek
4,3274BK,Hofweg,Heinenoord
33,3297WR,Dotter,Puttershoek
21,3299CA,Grutto,Maasdam
46,3274AA,Beatrixstraat,Heinenoord
39,3297WP,Barbarakruid,Puttershoek
38,3273AV,Prins Willem Alexanderln,Westmaas
2,3295PC,Atalanta,'s-Gravendeel
5,3274LZ,Langeweg,Heinenoord
30,3297EE,Dwarsstraat,Puttershoek
19,3299WE,Poelwijk,Maasdam
44,3273AR,Nieuwstraat,Westmaas
58,3295CS,Van Groningenstraat,'s-Gravendeel
24,3274AK,Oranjestraat,Heinenoord
21,3297AB,Arent van Lierstraat,Puttershoek
17,3295AZ,Wilhelminastraat,'s-Gravendeel
45,3271TE,Binnenbans,Mijnsheerenland
16,3295EL,Zweedsestraat,'s-Gravendeel
119,3295CH,Hendrik Hamerstraat,'s-Gravendeel
37,3295GV,Poldervaart,'s-Gravendeel
49,3295CT,Weegje,'s-Gravendeel
6,3299AG,Hoeksedijk,Maasdam
18,3271VB,Cijnsland,Mijnsheerenland
15,3273AJ,Kartuizerveld,Westmaas
31,3273CA,Johannes Kolfstraat,Westmaas
2,3295RB,Dahliastraat,'s-Gravendeel
12,3297WH,Penningkruid,Puttershoek
5,3274LD,Blaaksedijk West,Heinenoord
34,3295AN,Marijkestraat,'s-Gravendeel
46,3297WD,Speenkruid,Puttershoek
31,3295GR,Wetering,'s-Gravendeel
196,3297BK,Nassaulaan,Puttershoek
41,3299AC,Hoeksedijk,Maasdam
6,3271XA,Lisgors,Mijnsheerenland
8,3295PG,Dagpauwoog,'s-Gravendeel
8,3297EL,Pieter Abelszstraat,Puttershoek
4,3274LK,Doormanstraat,Heinenoord
52,3297CT,Oranjelaan Westzijde,Puttershoek
14,3297WR,Dotter,Puttershoek
23,3295GJ,Singel,'s-Gravendeel
5,3297LK,Tweede Kruisweg,Puttershoek
12,3299AR,van Hogendorplaan,Maasdam
18,3295XX,Van der Merckstraat,'s-Gravendeel
21,3295WB,Lindehof,'s-Gravendeel
11,3271LD,Brabersweg,Mijnsheerenland
53,3271VH,Vrijland,Mijnsheerenland
17,3274KB,Oosteinde,Heinenoord
5,3273BB,Beneden Nieuwstraat,Westmaas
16,3271XD,Rietgors,Mijnsheerenland
27,3297DA,Schorredijk,Puttershoek
20,3299WH,de Heul,Maasdam
60,3273XD,Leeuwendaal,Westmaas
13,3295VJ,Schevenstraat,'s-Gravendeel
14,3295GJ,Singel,'s-Gravendeel
207,3271LP,Blaaksedijk,Mijnsheerenland
17,3271AM,Molenweg,Mijnsheerenland
6,3297CW,Prinsenhof,Puttershoek
52,3274AP,Wilhelminastraat,Heinenoord
23,3274KE,Reedijk,Heinenoord
28,3273AV,Prins Willem Alexanderln,Westmaas
21,3274CT,Avenhil,Heinenoord
37,3271BP,Nieuwegeer,Mijnsheerenland
3,3273AZ,van Gaesbeekstraat,Westmaas
44,3295XR,Leerambachtstraat,'s-Gravendeel
33,3295GJ,Singel,'s-Gravendeel
7,3295BT,Smidsweg,'s-Gravendeel
35,3299AA,Burg G de Katerstraat,Maasdam
14,3299BW,Roodborst,Maasdam
23,3295HC,Vijverhof,'s-Gravendeel
57,3295CN,Roterijstraat,'s-Gravendeel
52,3271BN,Molenvlietlaan,Mijnsheerenland
41,3299BJ,Molenlaan,Maasdam
6,3295TB,Bootstraat,'s-Gravendeel
48,3295CR,Van Groningenstraat,'s-Gravendeel
6,3274KD,Oud-Heinenoordseweg,Heinenoord
12,3273XP,Groteweide,Westmaas
41,3297WE,Penningkruid,Puttershoek
12,3295VH,Lokkenstraat,'s-Gravendeel
8,3295AP,Nassaustraat,'s-Gravendeel
95,3297WG,Penningkruid,Puttershoek
20,3295EL,Zweedsestraat,'s-Gravendeel
25,3273AM,Margrietlaan,Westmaas
34,3273LE,Munnikendijk,Westmaas
16,3271TP,Koningspark,Mijnsheerenland
15,3273AZ,van Gaesbeekstraat,Westmaas
14,3295VM,Spinnerijstraat,'s-Gravendeel
138,3297BJ,Nassaulaan,Puttershoek
4,3297EC,Arie van Drielstraat,Puttershoek
26,3299XJ,Spuistraat,Maasdam
13,3271LD,Brabersweg,Mijnsheerenland
11,3295RG,Narcisstraat,'s-Gravendeel
19,3297VL,Zuidster,Puttershoek
18,3295VP,Vezelstraat,'s-Gravendeel
23,3297TT,Wipmolen,Puttershoek
7,3299BW,Roodborst,Maasdam
14,3273AN,Mastland,Westmaas
62,3295EH,Schenkeldijk,'s-Gravendeel
39,3274LK,Doormanstraat,Heinenoord
22,3271BM,Molenvlietlaan,Mijnsheerenland
45,3297LE,Rustenburgstraat,Puttershoek
33,3295GR,Wetering,'s-Gravendeel
52,3297WJ,Haagwinde,Puttershoek
6,3295XT,Renooishoekstraat,'s-Gravendeel
42,3274AE,Irenestraat,Heinenoord
190,3297BK,Nassaulaan,Puttershoek
72,3271AL,Laan van Moerkerken,Mijnsheerenland
17,3295EA,Breedveldstraat,'s-Gravendeel
79,3295CT,Weegje,'s-Gravendeel
39,3295BN,Roodenburg Vermaatstraat,'s-Gravendeel
65,3297XA,Eikenlaan,Puttershoek
32,3299XB,Kilstraat,Maasdam
10,3274AG,Julianastraat,Heinenoord
168,3271KG,Stougjesdijk,Mijnsheerenland
22,3295AN,Marijkestraat,'s-Gravendeel
38,3295GN,Vlietstraat,'s-Gravendeel
34,3271AK,Laan van Moerkerken,Mijnsheerenland
13,3295LG,Eerste Kruisweg,'s-Gravendeel
13,3295RA,Anjerstraat,'s-Gravendeel
4,3295EL,Zweedsestraat,'s-Gravendeel
41,3297WJ,Haagwinde,Puttershoek
5,3295CE,Frisostraat,'s-Gravendeel
5,3274AD,Irenestraat,Heinenoord
38,3297EE,Dwarsstraat,Puttershoek
16,3295BR,Roodenburg Vermaatstraat,'s-Gravendeel
4,3271AG,Lodewijk van Praetstraat,Mijnsheerenland
35,3297CW,Prinsenhof,Puttershoek
9,3297WE,Penningkruid,Puttershoek
216,3271LR,Blaaksedijk,Mijnsheerenland
28,3299XP,Boezemvliet,Maasdam
23,3295GV,Poldervaart,'s-Gravendeel
5,3273AL,van Koetsveldlaan,Westmaas
27,3273AS,Prins Willem Alexanderln,Westmaas
40,3295XG,Gorsdijk,'s-Gravendeel
85,3271BJ,Laan van Westmolen,Mijnsheerenland
28,3295BR,Roodenburg Vermaatstraat,'s-Gravendeel
53,3274MC,Prof. Teldersstraat,Heinenoord
6,3274LH,Boonsweg,Heinenoord
37,3295SR,Korenbloemerf,'s-Gravendeel
38,3274CS,Wouter van den Walestr,Heinenoord
18,3297EK,Nieuw Weverseinde,Puttershoek
56,3271VD,Vingerling,Mijnsheerenland
35,3297WN,Valeriaan,Puttershoek
5,3295KX,Industrieweg,'s-Gravendeel
10,3299AR,van Hogendorplaan,Maasdam
5,3295BA,Achterdijk,'s-Gravendeel
36,3271BK,Laan van Westmolen,Mijnsheerenland
2,3297VC,Noordster,Puttershoek
70,3295TE,Hekelstraat,'s-Gravendeel
30,3297WR,Dotter,Puttershoek
35,3299BP,van der Doeslaan,Maasdam
2,3295AS,Biekurf,'s-Gravendeel
5,3271LX,Vrouwehuisjesweg,Mijnsheerenland
22,3274CK,Martin Luther Kingstraat,Heinenoord
9,3273XR,Hermesweide,Westmaas
4,3295AS,Biekurf,'s-Gravendeel
33,3274CT,Avenhil,Heinenoord
14,3295XN,Hiesveltstraat,'s-Gravendeel
4,3274KC,Oosteinde,Heinenoord
3,3273BA,Zuidernesse,Westmaas
17,3297GJ,Biezenvlechter,Puttershoek
9,3297VB,Hamal,Puttershoek
48,3273XJ,Cabbeweide,Westmaas
8,3273XE,Mariëndaal,Westmaas
12,3297TS,Tjasker,Puttershoek
58,3271AC,Eendrachtslaan,Mijnsheerenland
24,3297XS,Plataanstraat,Puttershoek
12,3295KK,Schenkeltje,'s-Gravendeel
32,3299XP,Boezemvliet,Maasdam
20,3295GW,Welhof,'s-Gravendeel
14,3273XN,Boomweide,Westmaas
28,3295BS,Rijkestraat,'s-Gravendeel
24,3295AT,Oranjestraat,'s-Gravendeel
11,3271VK,Vroonland,Mijnsheerenland
30,3273AR,Nieuwstraat,Westmaas
31,3297TX,Grondzeiler,Puttershoek
29,3273AN,Mastland,Westmaas
36,3295CR,Van Groningenstraat,'s-Gravendeel
18,3295GW,Welhof,'s-Gravendeel
44,3295CR,Van Groningenstraat,'s-Gravendeel
31,3295SC,Crocuserf,'s-Gravendeel
3,3274MB,Buitenlanden,Heinenoord
52,3297WD,Speenkruid,Puttershoek
32,3295AT,Oranjestraat,'s-Gravendeel
2,3299BV,Merel,Maasdam
54,3295AN,Marijkestraat,'s-Gravendeel
6,3299XG,Sportlaan,Maasdam
31,3297TM,Sterrenlaan,Puttershoek
10,3271LD,Brabersweg,Mijnsheerenland
20,3297ER,Pieter v Slingelandtstr,Puttershoek
75,3273AT,Prins Willem Alexanderln,Westmaas
5,3297EM,Pieter Boelenstraat,Puttershoek
34,3299AG,Hoeksedijk,Maasdam
10,3297GC,Biezendroger,Puttershoek
28,3297XS,Plataanstraat,Puttershoek
13,3299AT,van der Duyn v Maasdamln,Maasdam
20,3299AW,Resenburgh,Maasdam
10,3299BS,Fazant,Maasdam
20,3297AP,Ring,Puttershoek
61,3297AS,Schouteneinde,Puttershoek
14,3297LA,Groeneweg,Puttershoek
17,3299XC,Merwedestraat,Maasdam
26,3299LB,Gatsedijk,Maasdam
100,3274BE,Dorpsstraat,Heinenoord
40,3295XR,Leerambachtstraat,'s-Gravendeel
3,3295LA,Boendersweg,'s-Gravendeel
42,3299XD,Merwedestraat,Maasdam
21,3297BZ,Te Hoecke,Puttershoek
56,3297WJ,Haagwinde,Puttershoek
2,3297CA,Beatrixstraat,Puttershoek
64,3297AW,Zijdewinde,Puttershoek
77,3295AS,Oranjestraat,'s-Gravendeel
55,3297BL,Pieter Repelaerstraat,Puttershoek
24,3299AB,Burg G de Katerstraat,Maasdam
51,3295AH,Groene Kruisstraat,'s-Gravendeel
3,3297BZ,Te Hoecke,Puttershoek
71,3271BJ,Laan van Westmolen,Mijnsheerenland
175,3295CJ,Hendrik Hamerstraat,'s-Gravendeel
10,3297LA,Groeneweg,Puttershoek
54,3299BD,Dorpsstraat,Maasdam
12,3295TE,Hekelstraat,'s-Gravendeel
8,3297WB,De Grienden,Puttershoek
60,3295PD,Atalanta,'s-Gravendeel
35,3273AJ,Kartuizerveld,Westmaas
37,3299BW,Roodborst,Maasdam
7,3297DB,De Putter,Puttershoek
53,3273LD,Munnikendijk,Westmaas
42,3273XD,Leeuwendaal,Westmaas
13,3295EB,Ronduitstraat,'s-Gravendeel
39,3271VD,Vingerling,Mijnsheerenland
12,3299LZ,Vlasoever,Maasdam
65,3299BJ,Molenlaan,Maasdam
103,3297BL,Pieter Repelaerstraat,Puttershoek
21,3295TH,Lijnzaadstraat,'s-Gravendeel
18,3299XE,Rijnstraat,Maasdam
57,3295KG,Mijlweg,'s-Gravendeel
15,3295VG,Lokkenstraat,'s-Gravendeel
6,3295TA,Bolkafstraat,'s-Gravendeel
7,3297GH,Biezenveld,Puttershoek
21,3297WC,Gele lis,Puttershoek
49,3297XA,Eikenlaan,Puttershoek
14,3297WC,Gele lis,Puttershoek
114,3295KR,Strijenseweg,'s-Gravendeel
29,3295BJ,Langestraat,'s-Gravendeel
58,3297GA,Biezengors,Puttershoek
44,3299AB,Burg G de Katerstraat,Maasdam
6,3295GB,Lek,'s-Gravendeel
13,3297BZ,Te Hoecke,Puttershoek
10,3295CL,Hendrik Hamerstraat,'s-Gravendeel
16,3295CP,Roterijstraat,'s-Gravendeel
83,3295CT,Weegje,'s-Gravendeel
13,3297BS,Singel,Puttershoek
99,3297XA,Eikenlaan,Puttershoek
6,3295TJ,Lijnzaadstraat,'s-Gravendeel
46,3297WJ,Haagwinde,Puttershoek
64,3274CL,Martin Luther Kingstraat,Heinenoord
115,3295ED,Schenkeldijk,'s-Gravendeel
30,3297CE,Julianastraat,Puttershoek
28,3295SM,Irisstraat,'s-Gravendeel
26,3295HB,Graaflandweg,'s-Gravendeel
2,3295CL,Hendrik Hamerstraat,'s-Gravendeel
92,3295EJ,Schenkeldijk,'s-Gravendeel
25,3295TH,Lijnzaadstraat,'s-Gravendeel
2,3271TM,Ambachtsherenlaan,Mijnsheerenland
54,3299AH,Hoeksedijk,Maasdam
118,3295KR,Strijenseweg,'s-Gravendeel
40,3299XL,Vliet,Maasdam
12,3295AG,dr Bossersstraat,'s-Gravendeel
35,3274KJ,Nijverheidsweg,Heinenoord
1,3295GJ,Singel,'s-Gravendeel
95,3295VL,Spinnerijstraat,'s-Gravendeel
23,3295CN,Roterijstraat,'s-Gravendeel
25,3295GW,Welhof,'s-Gravendeel
13,3297TK,Standerdmolen,Puttershoek
15,3274MB,Buitenlanden,Heinenoord
24,3295SP,Klaprooslaan,'s-Gravendeel
73,3273AX,Rootweide,Westmaas
5,3297TT,Wipmolen,Puttershoek
9,3299BV,Merel,Maasdam
10,3271CB,Noordernesse,Mijnsheerenland
8,3274MA,Rietwaard,Heinenoord
24,3295TN,Vlasstraat,'s-Gravendeel
43,3297XR,Plataanstraat,Puttershoek
22,3273XD,Leeuwendaal,Westmaas
10,3295TP,Zwingellaan,'s-Gravendeel
205,3271KC,Stougjesdijk,Mijnsheerenland
42,3274CL,Martin Luther Kingstraat,Heinenoord
34,3295TE,Hekelstraat,'s-Gravendeel
23,3273AX,Rootweide,Westmaas
35,3271VH,Vrijland,Mijnsheerenland
27,3271AB,Eendrachtslaan,Mijnsheerenland
24,3271AA,Burg.de Jongplein,Mijnsheerenland
22,3271TL,Hertoglaan,Mijnsheerenland
47,3299LT,Zwanegatsedijk,Maasdam
12,3295PC,Atalanta,'s-Gravendeel
20,3297GD,Biezenbleek,Puttershoek
8,3271VA,Aveling,Mijnsheerenland
4,3295GL,Schuilingenweg,'s-Gravendeel
29,3295PH,Kleine Vos,'s-Gravendeel
13,3295GW,Welhof,'s-Gravendeel
55,3295TD,Hekelstraat,'s-Gravendeel
23,3271AG,Lodewijk van Praetstraat,Mijnsheerenland
23,3295CT,Weegje,'s-Gravendeel
22,3273AK,Kartuizerveld,Westmaas
77,3297WN,Valeriaan,Puttershoek
44,3271AC,Eendrachtslaan,Mijnsheerenland
10,3295AH,Groene Kruisstraat,'s-Gravendeel
35,3295AR,Oranjestraat,'s-Gravendeel
1,3295TR,Akkerwinde,'s-Gravendeel
154,3295WH,Lindehof,'s-Gravendeel
102,3297BH,Nassaulaan,Puttershoek
1,3271XC,Rietgors,Mijnsheerenland
6,3297VH,Rigel,Puttershoek
34,3271BT,Raadhuislaan,Mijnsheerenland
39,3297XG,Hazelaarstraat,Puttershoek
38,3295AH,Groene Kruisstraat,'s-Gravendeel
12,3299BT,Lijster,Maasdam
14,3297TV,Wipmolen,Puttershoek
119,3295CT,Weegje,'s-Gravendeel
96,3297BH,Nassaulaan,Puttershoek
27,3295EK,Zweedsestraat,'s-Gravendeel
53,3295AR,Oranjestraat,'s-Gravendeel
33,3295TD,Hekelstraat,'s-Gravendeel
10,3274CB,De Laagjes,Heinenoord
5,3297GA,Biezengors,Puttershoek
10,3295KK,Schenkeltje,'s-Gravendeel
1,3295RA,Anjerstraat,'s-Gravendeel
12,3297WB,De Grienden,Puttershoek
2,3273AZ,van Gaesbeekstraat,Westmaas
86,3271AL,Laan van Moerkerken,Mijnsheerenland
16,3274CK,Martin Luther Kingstraat,Heinenoord
29,3295TC,Dauwrootstraat,'s-Gravendeel
3,3295GR,Wetering,'s-Gravendeel
7,3297GJ,Biezenvlechter,Puttershoek
2,3273XH,Manhille,Westmaas
1,3297WJ,Haagwinde,Puttershoek
26,3297TV,Wipmolen,Puttershoek
6,3271BC,Elisabeth van Loonstraat,Mijnsheerenland
12,3299AL,Lageweg,Maasdam
34,3295KM,Strijensedijk,'s-Gravendeel
21,3297BD,Nassaulaan,Puttershoek
59,3271AJ,Laan van Moerkerken,Mijnsheerenland
17,3273LB,Blauwesteenweg,Westmaas
76,3295TE,Hekelstraat,'s-Gravendeel
201,3295CT,Weegje,'s-Gravendeel
97,3273LM,Stougjesdijk,Westmaas
75,3297WN,Valeriaan,Puttershoek
12,3297GB,Biezenweide,Puttershoek
5,3271TJ,Gravinnenlaan,Mijnsheerenland
39,3295LL,Onder de molen,'s-Gravendeel
78,3274CS,Wouter van den Walestr,Heinenoord
9,3273XS,Hogeweide,Westmaas
25,3297AP,Ring,Puttershoek
4,3295RC,Gladioolerf,'s-Gravendeel
32,3297CE,Julianastraat,Puttershoek
90,3274BE,Dorpsstraat,Heinenoord
12,3274AJ,Marijkestraat,Heinenoord
8,3274AG,Julianastraat,Heinenoord
197,3295CT,Weegje,'s-Gravendeel
37,3295VJ,Schevenstraat,'s-Gravendeel
19,3274LH,Boonsweg,Heinenoord
21,3299AC,Hoeksedijk,Maasdam
9,3297XE,Hazelaarstraat,Puttershoek
16,3274CR,Wouter van den Walestr,Heinenoord
31,3297WE,Penningkruid,Puttershoek
6,3274BD,Dorpsstraat,Heinenoord
52,3273XK,Cabbeweide,Westmaas
147,3295CH,Hendrik Hamerstraat,'s-Gravendeel
60,3295EH,Schenkeldijk,'s-Gravendeel
43,3295TD,Hekelstraat,'s-Gravendeel
8,3295CR,Van Groningenstraat,'s-Gravendeel
26,3297BG,Nassaulaan,Puttershoek
156,3297BK,Nassaulaan,Puttershoek
59,3297DA,Schorredijk,Puttershoek
41,3271TN,Landheerlaan,Mijnsheerenland
68,3297XL,Hazelaarstraat,Puttershoek
7,3297TC,Bovenkruier,Puttershoek
7,3297GD,Biezenbleek,Puttershoek
4,3271LG,Groeneweg,Mijnsheerenland
75,3295AS,Oranjestraat,'s-Gravendeel
11,3295AG,dr Bossersstraat,'s-Gravendeel
53,3295CN,Roterijstraat,'s-Gravendeel
9,3295BA,Achterdijk,'s-Gravendeel
17,3297WK,Kleefkruid,Puttershoek
21,3274KB,Oosteinde,Heinenoord
97,3271LL,Westdijk,Mijnsheerenland
11,3297EA,Arie van Drielstraat,Puttershoek
9,3274LR,Piet Heinstraat,Heinenoord
8,3299BC,Dorpsstraat,Maasdam
15,3274LA,Blaaksedijk Oost,Heinenoord
16,3297CW,Prinsenhof,Puttershoek
15,3295GT,Boezembaan,'s-Gravendeel
21,3295BT,Smidsweg,'s-Gravendeel
10,3274CN,Talmahof,Heinenoord
35,3297BA,Jasmijnstraat,Puttershoek
10,3297GJ,Biezenvlechter,Puttershoek
37,3273XC,Leeuwendaal,Westmaas
15,3271TR,Edelman,Mijnsheerenland
207,3295CT,Weegje,'s-Gravendeel
20,3297AE,Gerrit de Voslaan,Puttershoek
8,3271VC,Hoofdland,Mijnsheerenland
13,3297XR,Plataanstraat,Puttershoek
20,3273XJ,Cabbeweide,Westmaas
6,3271BM,Molenvlietlaan,Mijnsheerenland
42,3271TN,Landheerlaan,Mijnsheerenland
17,3295TR,Akkerwinde,'s-Gravendeel
7,3297TA,Binnenkruier,Puttershoek
75,3295PB,Atalanta,'s-Gravendeel
5,3295KL,Strijensedijk,'s-Gravendeel
78,3295WG,Lindehof,'s-Gravendeel
15,3273AC,Breestraat,Westmaas
31,3297WP,Barbarakruid,Puttershoek
12,3297AL,Maasdamsedijk,Puttershoek
85,3295CT,Weegje,'s-Gravendeel
18,3295TN,Vlasstraat,'s-Gravendeel
17,3297CD,Julianastraat,Puttershoek
21,3299BH,Molenlaan,Maasdam
39,3295TM,Vlasstraat,'s-Gravendeel
27,3274AA,Beatrixstraat,Heinenoord
30,3297GL,Biezenbloker,Puttershoek
65,3299BB,Dorpsstraat,Maasdam
1,3295GX,Kwelderpad,'s-Gravendeel
11,3297WL,Dauwbraam,Puttershoek
18,3274KC,Oosteinde,Heinenoord
2,3297WJ,Haagwinde,Puttershoek
19,3274KH,Kuipersveer,Heinenoord
21,3299WB,de Heul,Maasdam
20,3299AG,Hoeksedijk,Maasdam
11,3274CM,Spuivelden,Heinenoord
90,3295TG,Hekelstraat,'s-Gravendeel
43,3273CA,Johannes Kolfstraat,Westmaas
58,3273XK,Cabbeweide,Westmaas
67,3271BS,Raadhuislaan,Mijnsheerenland
33,3295BD,Kerkstraat,'s-Gravendeel
41,3295TR,Akkerwinde,'s-Gravendeel
22,3297GJ,Biezenvlechter,Puttershoek
51,3299BP,van der Doeslaan,Maasdam
4,3273AE,Haagje,Westmaas
73,3295CT,Weegje,'s-Gravendeel
40,3295BV,Smidsweg,'s-Gravendeel
35,3295XW,Van der Merckstraat,'s-Gravendeel
3,3297EH,Jan Steenstraat,Puttershoek
19,3295AZ,Wilhelminastraat,'s-Gravendeel
48,3297XK,Hazelaarstraat,Puttershoek
92,3297BH,Nassaulaan,Puttershoek
57,3297WE,Penningkruid,Puttershoek
97,3297WN,Valeriaan,Puttershoek
9,3295BD,Kerkstraat,'s-Gravendeel
5,3295VN,Vezelstraat,'s-Gravendeel
29,3295GV,Poldervaart,'s-Gravendeel
79,3297XA,Eikenlaan,Puttershoek
67,3297XA,Eikenlaan,Puttershoek
17,3273XS,Hogeweide,Westmaas
11,3299AW,Resenburgh,Maasdam
50,3297AE,Gerrit de Voslaan,Puttershoek
72,3271XL,Zeggegors,Mijnsheerenland
51,3299LT,Zwanegatsedijk,Maasdam
26,3271BM,Molenvlietlaan,Mijnsheerenland
2,3295BS,Rijkestraat,'s-Gravendeel
35,3295BE,Kooijstraat,'s-Gravendeel
37,3274BG,Goidschalxoordsedijk,Heinenoord
17,3274CT,Avenhil,Heinenoord
59,3295VL,Spinnerijstraat,'s-Gravendeel
62,3295PD,Atalanta,'s-Gravendeel
40,3274AC,Emmastraat,Heinenoord
184,3297BK,Nassaulaan,Puttershoek
21,3297CX,Máximaplein,Puttershoek
4,3299XR,Noordstraat,Maasdam
2,3295SM,Irisstraat,'s-Gravendeel
59,3297AD,Eendrachtsweg,Puttershoek
3,3297BC,Magnoliastraat,Puttershoek
63,3299BB,Dorpsstraat,Maasdam
2,3271LW,Provincialeweg,Mijnsheerenland
56,3271BN,Molenvlietlaan,Mijnsheerenland
4,3299AL,Lageweg,Maasdam
7,3295AB,Beatrixstraat,'s-Gravendeel
24,3299WH,de Heul,Maasdam
48,3297AT,Schouteneinde,Puttershoek
17,3295BS,Rijkestraat,'s-Gravendeel
32,3271AE,Everocken,Mijnsheerenland
33,3274KB,Oosteinde,Heinenoord
13,3271VC,Hoofdland,Mijnsheerenland
3,3297WC,Gele lis,Puttershoek
35,3273CA,Johannes Kolfstraat,Westmaas
49,3295TC,Dauwrootstraat,'s-Gravendeel
15,3299BW,Roodborst,Maasdam
42,3295PD,Atalanta,'s-Gravendeel
29,3295LL,Onder de molen,'s-Gravendeel
31,3271VA,Aveling,Mijnsheerenland
21,3295KK,Schenkeltje,'s-Gravendeel
16,3271XN,Grasgors,Mijnsheerenland
19,3295AH,Groene Kruisstraat,'s-Gravendeel
90,3297XL,Hazelaarstraat,Puttershoek
33,3299BW,Roodborst,Maasdam
55,3297CT,Oranjelaan Westzijde,Puttershoek
51,3273AT,Prins Willem Alexanderln,Westmaas
34,3299LZ,Vlasoever,Maasdam
27,3295RA,Anjerstraat,'s-Gravendeel
22,3297XB,Eikenlaan,Puttershoek
91,3295AS,Oranjestraat,'s-Gravendeel
8,3297TV,Wipmolen,Puttershoek
4,3295LL,Onder de molen,'s-Gravendeel
20,3295GJ,Singel,'s-Gravendeel
8,3271VD,Vingerling,Mijnsheerenland
5,3271CB,Noordernesse,Mijnsheerenland
39,3274CT,Avenhil,Heinenoord
37,3297VE,Polaris,Puttershoek
84,3271BK,Laan van Westmolen,Mijnsheerenland
42,3271BT,Raadhuislaan,Mijnsheerenland
24,3297TV,Wipmolen,Puttershoek
6,3295EB,Ronduitstraat,'s-Gravendeel
39,3295TC,Dauwrootstraat,'s-Gravendeel
13,3273AC,Breestraat,Westmaas
75,3295TH,Lijnzaadstraat,'s-Gravendeel
26,3274BD,Dorpsstraat,Heinenoord
10,3299BG,Lindenlaan,Maasdam
9,3299XA,Kilstraat,Maasdam
20,3297WD,Speenkruid,Puttershoek
6,3297AT,Schouteneinde,Puttershoek
13,3273XC,Leeuwendaal,Westmaas
23,3295XW,Van der Merckstraat,'s-Gravendeel
165,3295CJ,Hendrik Hamerstraat,'s-Gravendeel
3,3295SB,Anemoonpad,'s-Gravendeel
45,3274BC,Dorpsstraat,Heinenoord
249,3295CK,Hendrik Hamerstraat,'s-Gravendeel
45,3295LL,Onder de molen,'s-Gravendeel
39,3297TK,Standerdmolen,Puttershoek
58,3297AV,Schouteneinde,Puttershoek
57,3274BG,Goidschalxoordsedijk,Heinenoord
24,3297GA,Biezengors,Puttershoek
69,3297TD,Bovenkruier,Puttershoek
14,3274LC,Blaaksedijk Oost,Heinenoord
25,3274CZ,Prof. Teldersstraat,Heinenoord
3,3297WR,Dotter,Puttershoek
57,3297BL,Pieter Repelaerstraat,Puttershoek
7,3271CB,Noordernesse,Mijnsheerenland
23,3271VC,Hoofdland,Mijnsheerenland
16,3299XG,Sportlaan,Maasdam
33,3273AS,Prins Willem Alexanderln,Westmaas
4,3297VC,Noordster,Puttershoek
11,3273BC,Nikolaus Boutstraat,Westmaas
8,3274KJ,Nijverheidsweg,Heinenoord
97,3295VL,Spinnerijstraat,'s-Gravendeel
8,3297WD,Speenkruid,Puttershoek
10,3273LC,Grote Riethure,Westmaas
6,3273XP,Groteweide,Westmaas
35,3274KH,Kuipersveer,Heinenoord
22,3297EC,Arie van Drielstraat,Puttershoek
32,3271BT,Raadhuislaan,Mijnsheerenland
80,3297AW,Zijdewinde,Puttershoek
33,3295BE,Kooijstraat,'s-Gravendeel
27,3299BP,van der Doeslaan,Maasdam
41,3295RA,Anjerstraat,'s-Gravendeel
47,3295GG,Kreekstraat,'s-Gravendeel
28,3271BM,Molenvlietlaan,Mijnsheerenland
2,3299XM,Waalstraat,Maasdam
18,3295CM,Repelstraat,'s-Gravendeel
25,3297CN,Wilhelminastraat,Puttershoek
10,3297XP,Meidoornstraat,Puttershoek
24,3274CJ,Kooimansland,Heinenoord
57,3295CG,Hendrik Hamerstraat,'s-Gravendeel
38,3297LC,Molendijk,Puttershoek
98,3273LN,Stougjesdijk,Westmaas
45,3295SR,Korenbloemerf,'s-Gravendeel
6,3297TH,Standerdmolen,Puttershoek
6,3295VR,Weverijstraat,'s-Gravendeel
46,3297XK,Hazelaarstraat,Puttershoek
27,3299AA,Burg G de Katerstraat,Maasdam
15,3297TR,Tjasker,Puttershoek
18,3297AP,Ring,Puttershoek
19,3271AD,Everocken,Mijnsheerenland
85,3299AE,Hoeksedijk,Maasdam
35,3271XM,Grasgors,Mijnsheerenland
12,3271DB,Stelleveld,Mijnsheerenland
3,3297XR,Plataanstraat,Puttershoek
6,3295GN,Vlietstraat,'s-Gravendeel
55,3297XG,Hazelaarstraat,Puttershoek
100,3297AW,Zijdewinde,Puttershoek
23,3295GD,Slikhof,'s-Gravendeel
51,3271TE,Binnenbans,Mijnsheerenland
30,3295EL,Zweedsestraat,'s-Gravendeel
3,3295AH,Groene Kruisstraat,'s-Gravendeel
6,3271CB,Noordernesse,Mijnsheerenland
7,3271XE,Zandgors,Mijnsheerenland
7,3295CN,Roterijstraat,'s-Gravendeel
19,3295RA,Anjerstraat,'s-Gravendeel
12,3273AD,de Roolaan,Westmaas
24,3271VC,Hoofdland,Mijnsheerenland
1,3274CB,De Laagjes,Heinenoord
16,3295ST,Korenbloemerf,'s-Gravendeel
27,3297TM,Sterrenlaan,Puttershoek
43,3297TK,Standerdmolen,Puttershoek
15,3295BL,Noord Voorstraat,'s-Gravendeel
109,3299AE,Hoeksedijk,Maasdam
60,3299AB,Burg G de Katerstraat,Maasdam
22,3295PG,Dagpauwoog,'s-Gravendeel
42,3295GH,Kreekstraat,'s-Gravendeel
99,3297TL,Standerdmolen,Puttershoek
8,3271VG,Vlietland,Mijnsheerenland
61,3295RA,Anjerstraat,'s-Gravendeel
12,3295BM,Nieuwstraat,'s-Gravendeel
45,3295SX,Tulpstraat,'s-Gravendeel
79,3297CT,Oranjelaan Westzijde,Puttershoek
85,3295XB,Beneden Havendijk,'s-Gravendeel
6,3295VE,Linnenstraat,'s-Gravendeel
20,3273AR,Nieuwstraat,Westmaas
20,3297GC,Biezendroger,Puttershoek
6,3297CG,Margrietstraat,Puttershoek
16,3297CX,Máximaplein,Puttershoek
8,3274CE,Hermannushof,Heinenoord
35,3295KK,Schenkeltje,'s-Gravendeel
6,3297LA,Groeneweg,Puttershoek
46,3295AH,Groene Kruisstraat,'s-Gravendeel
97,3295KN,Strijenseweg,'s-Gravendeel
8,3299AR,van Hogendorplaan,Maasdam
116,3295TG,Hekelstraat,'s-Gravendeel
107,3271BJ,Laan van Westmolen,Mijnsheerenland
7,3273BC,Nikolaus Boutstraat,Westmaas
2,3297BZ,Te Hoecke,Puttershoek
31,3297TC,Bovenkruier,Puttershoek
13,3299WJ,Striene,Maasdam
67,3297CP,Wilhelminastraat,Puttershoek
20,3295BW,Zuid Voorstraat,'s-Gravendeel
9,3271LC,Boomgaardstraat,Mijnsheerenland
13,3295TK,Schelfstraat,'s-Gravendeel
22,3273LE,Munnikendijk,Westmaas
221,3295CT,Weegje,'s-Gravendeel
10,3295TE,Hekelstraat,'s-Gravendeel
30,3273XJ,Cabbeweide,Westmaas
8,3271TK,Schepenlaan,Mijnsheerenland
56,3295CD,Constantijnstraat,'s-Gravendeel
7,3274AB,Bernhardstraat,Heinenoord
12,3271LM,Westdijk,Mijnsheerenland
17,3271AA,Burg.de Jongplein,Mijnsheerenland
79,3274LH,Boonsweg,Heinenoord
7,3273AJ,Kartuizerveld,Westmaas
4,3274CA,Andries Wouterszhof,Heinenoord
54,3295VP,Vezelstraat,'s-Gravendeel
4,3273XE,Mariëndaal,Westmaas
15,3271VA,Aveling,Mijnsheerenland
85,3271LL,Westdijk,Mijnsheerenland
76,3273XK,Cabbeweide,Westmaas
13,3299BS,Fazant,Maasdam
31,3274LD,Blaaksedijk West,Heinenoord
4,3274LH,Boonsweg,Heinenoord
141,3295KP,Strijenseweg,'s-Gravendeel
19,3273XC,Leeuwendaal,Westmaas
24,3295AX,Verbruggestraat,'s-Gravendeel
8,3274BP,Willem Alexanderplein,Heinenoord
53,3295PB,Atalanta,'s-Gravendeel
1,3297BR,Seringenstraat,Puttershoek
20,3271TR,Edelman,Mijnsheerenland
9,3274KB,Oosteinde,Heinenoord
21,3271BW,van der Waalstraat,Mijnsheerenland
3,3295PH,Kleine Vos,'s-Gravendeel
5,3271VA,Aveling,Mijnsheerenland
11,3271BW,van der Waalstraat,Mijnsheerenland
18,3271TJ,Gravinnenlaan,Mijnsheerenland
26,3299BC,Dorpsstraat,Maasdam
13,3295EA,Breedveldstraat,'s-Gravendeel
35,3295PA,Atalanta,'s-Gravendeel
39,3271BL,Molenvlietlaan,Mijnsheerenland
8,3295TP,Zwingellaan,'s-Gravendeel
38,3295TN,Vlasstraat,'s-Gravendeel
44,3299BW,Roodborst,Maasdam
2,3297LD,Oosthavenzijde,Puttershoek
14,3271LD,Brabersweg,Mijnsheerenland
6,3295SG,Goudsbloemstraat,'s-Gravendeel
19,3271XJ,Zeggegors,Mijnsheerenland
20,3271AA,Burg.de Jongplein,Mijnsheerenland
18,3299BC,Dorpsstraat,Maasdam
18,3274AB,Bernhardstraat,Heinenoord
3,3297LA,Groeneweg,Puttershoek
6,3297XJ,Hazelaarstraat,Puttershoek
19,3274CM,Spuivelden,Heinenoord
26,3299LL,Polderdijk,Maasdam
25,3295SW,Tuinstraat,'s-Gravendeel
23,3297WC,Gele lis,Puttershoek
35,3295BD,Kerkstraat,'s-Gravendeel
31,3299LR,Zuiddijk,Maasdam
20,3299XM,Waalstraat,Maasdam
18,3299AP,Raadhuisstraat,Maasdam
14,3297WH,Penningkruid,Puttershoek
52,3271XL,Zeggegors,Mijnsheerenland
38,3271TA,Doelenstraat,Mijnsheerenland
6,3295RC,Gladioolerf,'s-Gravendeel
25,3295BT,Smidsweg,'s-Gravendeel
20,3299BZ,Leeuwerik,Maasdam
40,3274CH,Kalesland,Heinenoord
50,3271CA,Maasdijk,Mijnsheerenland
7,3274BM,Sluisendijk,Heinenoord
19,3295VN,Vezelstraat,'s-Gravendeel
20,3297TZ,Wiekenkruis,Puttershoek
15,3299BP,van der Doeslaan,Maasdam
13,3299XA,Kilstraat,Maasdam
15,3299AP,Raadhuisstraat,Maasdam
70,3297BM,Pieter Repelaerstraat,Puttershoek
28,3295VH,Lokkenstraat,'s-Gravendeel
60,3299LC,Gatsedijk,Maasdam
4,3297WH,Penningkruid,Puttershoek
2,3299XL,Vliet,Maasdam
61,3271AB,Eendrachtslaan,Mijnsheerenland
22,3271VD,Vingerling,Mijnsheerenland
27,3299CA,Grutto,Maasdam
8,3295CM,Repelstraat,'s-Gravendeel
41,3295RN,Seringenstraat,'s-Gravendeel
70,3295EH,Schenkeldijk,'s-Gravendeel
6,3297BV,Singel,Puttershoek
3,3271XE,Zandgors,Mijnsheerenland
10,3274CA,Andries Wouterszhof,Heinenoord
18,3271BK,Laan van Westmolen,Mijnsheerenland
31,3295XW,Van der Merckstraat,'s-Gravendeel
6,3274BA,Buitendijk,Heinenoord
30,3271AC,Eendrachtslaan,Mijnsheerenland
5,3299BT,Lijster,Maasdam
21,3295SB,Anemoonpad,'s-Gravendeel
5,3297EP,Rembrandtstraat,Puttershoek
21,3297WB,De Grienden,Puttershoek
34,3271BM,Molenvlietlaan,Mijnsheerenland
23,3295GR,Wetering,'s-Gravendeel
23,3271BW,van der Waalstraat,Mijnsheerenland
282,3271LR,Blaaksedijk,Mijnsheerenland
36,3297XS,Plataanstraat,Puttershoek
15,3295WB,Lindehof,'s-Gravendeel
19,3273LC,Grote Riethure,Westmaas
22,3295XA,Beneden Gorsdijk,'s-Gravendeel
24,3274AE,Irenestraat,Heinenoord
5,3271TB,Frederik van Eedenstraat,Mijnsheerenland
4,3271VJ,Vrijland,Mijnsheerenland
21,3297GE,Biezenklamp,Puttershoek
17,3295PA,Atalanta,'s-Gravendeel
6,3273AB,Beatrixlaan,Westmaas
52,3297GA,Biezengors,Puttershoek
15,3299WD,Weeda,Maasdam
128,3274BE,Dorpsstraat,Heinenoord
1,3271TE,Binnenbans,Mijnsheerenland
15,3273LJ,Smidsweg,Westmaas
99,3299WC,de Heul,Maasdam
18,3295XC,Bosveldstraat,'s-Gravendeel
1,3295XW,Van der Merckstraat,'s-Gravendeel
26,3297GD,Biezenbleek,Puttershoek
4,3295AT,Oranjestraat,'s-Gravendeel
11,3297WP,Barbarakruid,Puttershoek
3,3297TK,Standerdmolen,Puttershoek
38,3297WJ,Haagwinde,Puttershoek
48,3271TA,Doelenstraat,Mijnsheerenland
1,3271DC,Huibert van der Hoekpln,Mijnsheerenland
14,3274KJ,Nijverheidsweg,Heinenoord
9,3297VH,Rigel,Puttershoek
12,3271VB,Cijnsland,Mijnsheerenland
1,3299LK,Kromme Elleboog,Maasdam
23,3295KL,Strijensedijk,'s-Gravendeel
43,3273AX,Rootweide,Westmaas
10,3273XP,Groteweide,Westmaas
3,3274KH,Kuipersveer,Heinenoord
30,3274CH,Kalesland,Heinenoord
100,3295KR,Strijenseweg,'s-Gravendeel
6,3297VJ,Sirius,Puttershoek
15,3273XA,Gaarde,Westmaas
16,3271TL,Hertoglaan,Mijnsheerenland
11,3273AD,de Roolaan,Westmaas
31,3273AX,Rootweide,Westmaas
57,3271BJ,Laan van Westmolen,Mijnsheerenland
51,3297XG,Hazelaarstraat,Puttershoek
13,3299WD,Weeda,Maasdam
10,3295GR,Wetering,'s-Gravendeel
54,3297BG,Nassaulaan,Puttershoek
63,3295VB,Batiststraat,'s-Gravendeel
22,3295GV,Poldervaart,'s-Gravendeel
278,3271LR,Blaaksedijk,Mijnsheerenland
10,3297LH,Westhavenzijde,Puttershoek
12,3273LG,Munnikenweg,Westmaas
10,3271BK,Laan van Westmolen,Mijnsheerenland
4,3295GH,Kreekstraat,'s-Gravendeel
10,3297BC,Magnoliastraat,Puttershoek
8,3297XD,Goudenregenstraat,Puttershoek
130,3297BJ,Nassaulaan,Puttershoek
9,3295VN,Vezelstraat,'s-Gravendeel
3,3299AM,Maaslaantje,Maasdam
33,3274KJ,Nijverheidsweg,Heinenoord
13,3295AG,dr Bossersstraat,'s-Gravendeel
101,3295AS,Oranjestraat,'s-Gravendeel
11,3297CX,Máximaplein,Puttershoek
25,3273XA,Gaarde,Westmaas
7,3297CX,Máximaplein,Puttershoek
84,3295LE,Molendijk,'s-Gravendeel
60,3274KG,Westdijk,Heinenoord
37,3299LT,Zwanegatsedijk,Maasdam
42,3274CH,Kalesland,Heinenoord
2,3297TG,Sportlaan,Puttershoek
3,3273LB,Blauwesteenweg,Westmaas
16,3295AN,Marijkestraat,'s-Gravendeel
53,3299LM,Polderdijk,Maasdam
12,3297DC,De Pelikaan,Puttershoek
21,3271XM,Grasgors,Mijnsheerenland
31,3297CS,Oranjelaan Oostzijde,Puttershoek
71,3295CG,Hendrik Hamerstraat,'s-Gravendeel
16,3273AM,Margrietlaan,Westmaas
35,3295TH,Lijnzaadstraat,'s-Gravendeel
3,3295RJ,Jasmijnstraat,'s-Gravendeel
11,3295WB,Lindehof,'s-Gravendeel
36,3274CB,De Laagjes,Heinenoord
59,3297WE,Penningkruid,Puttershoek
26,3271BR,Nieuwegeer,Mijnsheerenland
3,3295TA,Bolkafstraat,'s-Gravendeel
2,3297BV,Singel,Puttershoek
47,3299BB,Dorpsstraat,Maasdam
23,3274KD,Oud-Heinenoordseweg,Heinenoord
89,3295XB,Beneden Havendijk,'s-Gravendeel
37,3295TH,Lijnzaadstraat,'s-Gravendeel
7,3297XR,Plataanstraat,Puttershoek
30,3271BM,Molenvlietlaan,Mijnsheerenland
7,3299BH,Molenlaan,Maasdam
93,3295VL,Spinnerijstraat,'s-Gravendeel
29,3295BD,Kerkstraat,'s-Gravendeel
25,3297AB,Arent van Lierstraat,Puttershoek
39,3299BB,Dorpsstraat,Maasdam
108,3295EJ,Schenkeldijk,'s-Gravendeel
20,3297GA,Biezengors,Puttershoek
26,3297CW,Prinsenhof,Puttershoek
8,3297CH,Marijkestraat,Puttershoek
3,3295RG,Narcisstraat,'s-Gravendeel
5,3273LH,Ritselaarsdijk,Westmaas
15,3297DA,Schorredijk,Puttershoek
13,3297CD,Julianastraat,Puttershoek
27,3271TE,Binnenbans,Mijnsheerenland
22,3271VG,Vlietland,Mijnsheerenland
1,3271VA,Aveling,Mijnsheerenland
20,3274LH,Boonsweg,Heinenoord
1,3274LV,van Galenstraat,Heinenoord
17,3271BW,van der Waalstraat,Mijnsheerenland
28,3274CK,Martin Luther Kingstraat,Heinenoord
20,3295PJ,Kleine Vos,'s-Gravendeel
11,3299WE,Poelwijk,Maasdam
2,3299BA,Acacialaan,Maasdam
45,3274MC,Prof. Teldersstraat,Heinenoord
136,3295KR,Strijenseweg,'s-Gravendeel
55,3274BC,Dorpsstraat,Heinenoord
6,3271BT,Raadhuislaan,Mijnsheerenland
204,3271LR,Blaaksedijk,Mijnsheerenland
71,3295WC,Lindehof,'s-Gravendeel
36,3299LB,Gatsedijk,Maasdam
32,3297BC,Magnoliastraat,Puttershoek
40,3271AK,Laan van Moerkerken,Mijnsheerenland
8,3299AG,Hoeksedijk,Maasdam
28,3274AK,Oranjestraat,Heinenoord
59,3299BB,Dorpsstraat,Maasdam
25,3295GZ,Plaszoom,'s-Gravendeel
54,3271VD,Vingerling,Mijnsheerenland
34,3297VA,Andromeda,Puttershoek
16,3271AC,Eendrachtslaan,Mijnsheerenland
3,3271VC,Hoofdland,Mijnsheerenland
39,3297LE,Rustenburgstraat,Puttershoek
23,3274AN,Wilhelminastraat,Heinenoord
4,3295RE,Leliestraat,'s-Gravendeel
23,3273AN,Mastland,Westmaas
30,3299AN,Parallelweg,Maasdam
20,3299AN,Parallelweg,Maasdam
10,3274LH,Boonsweg,Heinenoord
25,3295VL,Spinnerijstraat,'s-Gravendeel
13,3274LH,Boonsweg,Heinenoord
75,3274CG,John F. Kennedystraat,Heinenoord
14,3295TN,Vlasstraat,'s-Gravendeel
16,3297WB,De Grienden,Puttershoek
65,3273AX,Rootweide,Westmaas
30,3271BT,Raadhuislaan,Mijnsheerenland
47,3295GV,Poldervaart,'s-Gravendeel
14,3297AA,Arent van Lierstraat,Puttershoek
76,3295CS,Van Groningenstraat,'s-Gravendeel
10,3295CT,Weegje,'s-Gravendeel
29,3273LL,Stougjesdijk,Westmaas
40,3295RA,Anjerstraat,'s-Gravendeel
14,3295CM,Repelstraat,'s-Gravendeel
6,3297XP,Meidoornstraat,Puttershoek
30,3299AG,Hoeksedijk,Maasdam
1,3295WB,Lindehof,'s-Gravendeel
21,3273AM,Margrietlaan,Westmaas
13,3299XR,Noordstraat,Maasdam
13,3295BN,Roodenburg Vermaatstraat,'s-Gravendeel
23,3297EJ,Nieuw Weverseinde,Puttershoek
7,3274CP,Thorbeckehof,Heinenoord
85,3299LX,Oud Bonaventurasedijk,Maasdam
49,3299XK,Vliet,Maasdam
1,3297WB,De Grienden,Puttershoek
28,3295XG,Gorsdijk,'s-Gravendeel
9,3271AG,Lodewijk van Praetstraat,Mijnsheerenland
10,3274LE,Blaaksedijk West,Heinenoord
68,3274BD,Dorpsstraat,Heinenoord
3,3297WB,De Grienden,Puttershoek
12,3295TL,Schrankstraat,'s-Gravendeel
1,3295SL,Irisstraat,'s-Gravendeel
70,3295PD,Atalanta,'s-Gravendeel
13,3274CW,Abraham Kuyperhof,Heinenoord
148,3295KS,Strijenseweg,'s-Gravendeel
23,3295AD,Nestpad,'s-Gravendeel
194,3297BK,Nassaulaan,Puttershoek
40,3297LC,Molendijk,Puttershoek
3,3271BS,Raadhuislaan,Mijnsheerenland
71,3273LM,Stougjesdijk,Westmaas
28,3295GR,Wetering,'s-Gravendeel
7,3295RJ,Jasmijnstraat,'s-Gravendeel
37,3295CD,Constantijnstraat,'s-Gravendeel
67,3297AS,Schouteneinde,Puttershoek
8,3297AP,Ring,Puttershoek
127,3295CH,Hendrik Hamerstraat,'s-Gravendeel
35,3295AH,Groene Kruisstraat,'s-Gravendeel
58,3297WJ,Haagwinde,Puttershoek
4,3295LC,Maasdamseweg,'s-Gravendeel
10,3271BM,Molenvlietlaan,Mijnsheerenland
33,3271XM,Grasgors,Mijnsheerenland
4,3295BH,Kortestraat,'s-Gravendeel
15,3271TB,Frederik van Eedenstraat,Mijnsheerenland
23,3299WE,Poelwijk,Maasdam
7,3299XR,Noordstraat,Maasdam
27,3271XM,Grasgors,Mijnsheerenland
10,3274KE,Reedijk,Heinenoord
51,3297WJ,Haagwinde,Puttershoek
56,3273XK,Cabbeweide,Westmaas
105,3295VL,Spinnerijstraat,'s-Gravendeel
5,3271VC,Hoofdland,Mijnsheerenland
51,3274CG,John F. Kennedystraat,Heinenoord
21,3295GZ,Plaszoom,'s-Gravendeel
36,3295LL,Onder de molen,'s-Gravendeel
26,3299XB,Kilstraat,Maasdam
17,3274CG,John F. Kennedystraat,Heinenoord
55,3274LB,Blaaksedijk Oost,Heinenoord
10,3297EN,Paulus Potterstraat,Puttershoek
14,3271VB,Cijnsland,Mijnsheerenland
249,3271LP,Blaaksedijk,Mijnsheerenland
2,3295XD,Boven Havendijk,'s-Gravendeel
10,3297GG,Biezensnijder,Puttershoek
220,3271LR,Blaaksedijk,Mijnsheerenland
105,3295AS,Oranjestraat,'s-Gravendeel
59,3297TD,Bovenkruier,Puttershoek
4,3299AK,Julianastraat,Maasdam
9,3295KT,Viltweg,'s-Gravendeel
100,3299AH,Hoeksedijk,Maasdam
33,3271BX,Wilhelminastraat,Mijnsheerenland
