12,5231PP,Schaarhuispad,'s-Hertogenbosch
57,5231GK,Vijfde Buitenpepers,'s-Hertogenbosch
61,5233BK,Vijfde Haren,'s-Hertogenbosch
9,5233EJ,Vijfde Rompert,'s-Hertogenbosch
54,5211NM,Schilderstraat,'s-Hertogenbosch
28,5231XS,Orthen,'s-Hertogenbosch
96,5231XS,Orthen,'s-Hertogenbosch
12,5212EK,Paulus Potterstraat,'s-Hertogenbosch
14,5216XP,P.C. Hooftstraat,'s-Hertogenbosch
95,5213AV,Van Grobbendoncklaan,'s-Hertogenbosch
6,5236AG,Schoutstraat,'s-Hertogenbosch
112,5231XT,Orthen,'s-Hertogenbosch
33,5231VD,Orthensedonk,'s-Hertogenbosch
42,5216XP,P.C. Hooftstraat,'s-Hertogenbosch
65,5223RG,Pedro Cabralstraat,'s-Hertogenbosch
23,5216EZ,Schumannstraat,'s-Hertogenbosch
29,5223JG,Schutskampstraat,'s-Hertogenbosch
69,5223JG,Schutskampstraat,'s-Hertogenbosch
49,5212EB,Orthenseweg,'s-Hertogenbosch
13,5211VP,Peellandstraat,'s-Hertogenbosch
5,5212PA,Pelssingel,'s-Hertogenbosch
549,5212PE,Pelssingel,'s-Hertogenbosch
54,5211XK,Bloemenkamp,'s-Hertogenbosch
104,5211XK,Bloemenkamp,'s-Hertogenbosch
170,5211XK,Bloemenkamp,'s-Hertogenbosch
58,5216VK,Rodenbachstraat,'s-Hertogenbosch
23,5233RG,Rompertcentrum,'s-Hertogenbosch
18,5223TT,Robert Scottstraat,'s-Hertogenbosch
5,5211JS,Pensmarkt,'s-Hertogenbosch
19,5224XC,'s-Gravenhagestraat,'s-Hertogenbosch
16,5223BS,'s-Gravesandestraat,'s-Hertogenbosch
4,5216CH,Senecalaan,'s-Hertogenbosch
91,5216CH,Senecalaan,'s-Hertogenbosch
32,5211LT,Windmolenbergstraat,'s-Hertogenbosch
74,5211LT,Windmolenbergstraat,'s-Hertogenbosch
37,5231RK,Tweede Hambaken,'s-Hertogenbosch
93,5231RL,Tweede Hambaken,'s-Hertogenbosch
33,5233TE,Tweede Slagen,'s-Hertogenbosch
100,5233TJ,Tweede Slagen,'s-Hertogenbosch
24,5224BR,Parmentierstraat,'s-Hertogenbosch
5,5213TJ,Plataanstraat,'s-Hertogenbosch
3,5216JW,Tesselschadestraat,'s-Hertogenbosch
20,5224XK,Tilburglaan,'s-Hertogenbosch
2,5215AT,Timorstraat,'s-Hertogenbosch
25,5224JP,Titus Brandsmastraat,'s-Hertogenbosch
37,5215GW,Vechtstraat,'s-Hertogenbosch
64,5233VR,Vijfde Slagen,'s-Hertogenbosch
69,5211HV,Verwersstraat,'s-Hertogenbosch
13,5224VW,Viandenstraat,'s-Hertogenbosch
4,5233HB,Ploossche Hof,'s-Hertogenbosch
39,5233HA,Ploossche Hof,'s-Hertogenbosch
36,5223JL,Rijzertlaan,'s-Hertogenbosch
38,5211CM,Vughterweg,'s-Hertogenbosch
44,5215CK,Waalstraat,'s-Hertogenbosch
5,5231NL,Weteringpad,'s-Hertogenbosch
12,5216CA,Tacitusstraat,'s-Hertogenbosch
7,5221JG,Zuster Hilkerstraat,'s-Hertogenbosch
302,5213AS,Graafseweg,'s-Hertogenbosch
36,5215CZ,Rivierenplein,'s-Hertogenbosch
40,5236WT,Tarweakker,'s-Hertogenbosch
3,5236WK,Veldpad,'s-Hertogenbosch
69,5223DE,Onderwijsboulevard,'s-Hertogenbosch
44,5236VE,Roggeakker,'s-Hertogenbosch
39,5223ZW,Dertien Loten,'s-Hertogenbosch
25,5232BC,Europalaan,'s-Hertogenbosch
227,5237WS,Maasboulevard,'s-Hertogenbosch
26,5212NX,Jan de la Barlaan,'s-Hertogenbosch
611,5216BN,Pettelaarseweg,'s-Hertogenbosch
4,5236WP,Haverakker,'s-Hertogenbosch
141,5223DE,Onderwijsboulevard,'s-Hertogenbosch
18,5246XM,Tweeberg,Rosmalen
13,5241HA,Den-Uylborch,Rosmalen
26,5224EE,Commissaris van der Hartenlaan,'s-Hertogenbosch
2,5248NN,Vinkelsestraat,Rosmalen
11,5241AJ,Violenstraat,Rosmalen
10,5237WE,Schout Bigotlaan,'s-Hertogenbosch
9,5237WB,Schout van Wijngaertlaan,'s-Hertogenbosch
3,5241JL,Wildstraat,Rosmalen
4,5243XS,Wethouder Tiboschplein,Rosmalen
22,5242KB,Tielekeshoeven,Rosmalen
57,5242KC,Tielekeshoeven,Rosmalen
39,5245BH,Tertsweg,Rosmalen
46,5246BV,Bosboompad,Rosmalen
1,5221CJ,Titaniumlaan,'s-Hertogenbosch
72,5211XS,Redemptoristenpad,'s-Hertogenbosch
109,5235GH,Burchtenlaan,'s-Hertogenbosch
134,5235GM,Burchtenlaan,'s-Hertogenbosch
4,5224DB,Philip van Almondestraat,'s-Hertogenbosch
83,5235CM,Hofstedenlaan,'s-Hertogenbosch
27,5231DX,Steve Bikostraat,'s-Hertogenbosch
11,5241TS,Schutterstraat,Rosmalen
45,5215XS,Wethouder Kuijpersstraat,'s-Hertogenbosch
33,5232JG,Vierde Herven,'s-Hertogenbosch
125,5237CN,Groen van Prinstererlaan,'s-Hertogenbosch
39,5211SN,Mathildastraat,'s-Hertogenbosch
13,5237HM,Zilverdistel,'s-Hertogenbosch
7,5232JV,Zesde Herven,'s-Hertogenbosch
7,5235BM,Soeterbeeck,'s-Hertogenbosch
4,5235BP,Agnetendal,'s-Hertogenbosch
29,5237DH,Thorbeckeplantsoen,'s-Hertogenbosch
21,5237BN,Vorrinklaan,'s-Hertogenbosch
4,5233JH,Negende Reit,'s-Hertogenbosch
265,5211SJ,Zuid Willemsvaart,'s-Hertogenbosch
8,5242HP,Bartholdylaan,Rosmalen
75,5247KB,Indigoweg,Rosmalen
51,5223LD,Verlengde Statenlaan,'s-Hertogenbosch
42,5237HG,Zilverlinde,'s-Hertogenbosch
29,5235GA,Bouvigne,'s-Hertogenbosch
6,5235JP,Overkwartier,'s-Hertogenbosch
32,5233JJ,Negende Reit,'s-Hertogenbosch
11,5233JN,Tweede Reit,'s-Hertogenbosch
31,5235CR,Gageldonk,'s-Hertogenbosch
53,5233JL,Eerste Reitse Dreef,'s-Hertogenbosch
66,5233JE,Tweede Reitse Dreef,'s-Hertogenbosch
5,5237KL,Meester van Merwicklaan,'s-Hertogenbosch
9,5234GL,Zilverenberg,'s-Hertogenbosch
50,5237DC,Troelstradreef,'s-Hertogenbosch
112,5237DD,Troelstradreef,'s-Hertogenbosch
123,5235CT,Gageldonk,'s-Hertogenbosch
28,5235CH,Genhoes,'s-Hertogenbosch
22,5235NA,Kennemerland,'s-Hertogenbosch
56,5235DG,Lokeren,'s-Hertogenbosch
122,5235DH,Lokeren,'s-Hertogenbosch
59,5237HE,Zilverlinde,'s-Hertogenbosch
137,5237HZ,Zilverpark,'s-Hertogenbosch
4,5237JZ,Meester Spoermekerlaan,'s-Hertogenbosch
28,5211RT,Nieuwe Hofstad,'s-Hertogenbosch
36,5221AS,Engeler Schans,'s-Hertogenbosch
44,5235LA,Landstrekenlaan,'s-Hertogenbosch
23,5237CD,Gerbrandyhof,'s-Hertogenbosch
137,5235DC,Lokeren,'s-Hertogenbosch
190,5235KN,Statenkwartier,'s-Hertogenbosch
37,5237JX,Meester Spoermekerlaan,'s-Hertogenbosch
78,5237JZ,Meester Spoermekerlaan,'s-Hertogenbosch
14,5237KH,Meester Stappartlaan,'s-Hertogenbosch
3,5248AL,Esdoornlaan,Rosmalen
58,5246BG,Hoogveld,Rosmalen
22,5223DK,Westerparklaan,'s-Hertogenbosch
47,5245AK,Nocturneweg,Rosmalen
37,5245AA,Crescendoweg,Rosmalen
29,5246BT,Bosboompad,Rosmalen
260,5211GR,Vughterstraat,'s-Hertogenbosch
9,5237NJ,Braspenninglaan,'s-Hertogenbosch
95,5224BT,Churchilllaan,'s-Hertogenbosch
411,5245AW,Groote Wielenlaan,Rosmalen
1,5216GA,Mozartsingel,'s-Hertogenbosch
8,5216GL,Palestrinastraat,'s-Hertogenbosch
103,5216TG,Guido Gezellelaan,'s-Hertogenbosch
26,5245BA,Coupletweg,Rosmalen
8,5221AK,De Terp,'s-Hertogenbosch
8,5213SV,Willem Hubertstraat,'s-Hertogenbosch
37,5212PB,Pelssingel,'s-Hertogenbosch
58,5212RR,Gheert van Calcarplein,'s-Hertogenbosch
38,5245BA,Coupletweg,Rosmalen
108,5216AW,Hertogin Johannastraat,'s-Hertogenbosch
29,5232JL,Hervensebaan,'s-Hertogenbosch
4,5216TT,Jacq Perkstraat,'s-Hertogenbosch
17,5212NJ,Jan de la Barlaan,'s-Hertogenbosch
14,5211TD,Jan Heinsstraat,'s-Hertogenbosch
6,5216HM,Erasmusstraat,'s-Hertogenbosch
18,5223RW,Erik de Rodestraat,'s-Hertogenbosch
179,5213AE,Graafseweg,'s-Hertogenbosch
261,5213AJ,Graafseweg,'s-Hertogenbosch
61,5213XB,Hesselsstraat,'s-Hertogenbosch
2,5221AT,Het Hoenderland,'s-Hertogenbosch
53,5233CA,Derde Haren,'s-Hertogenbosch
109,5233CB,Derde Haren,'s-Hertogenbosch
173,5233CC,Derde Haren,'s-Hertogenbosch
280,5213AS,Graafseweg,'s-Hertogenbosch
109,5213TA,Hinthamerbolwerk,'s-Hertogenbosch
124,5233AL,Derde Rompert,'s-Hertogenbosch
170,5231BX,Het Wielsem,'s-Hertogenbosch
48,5216VR,Hildebrandstraat,'s-Hertogenbosch
26,5215GZ,Grebbestraat,'s-Hertogenbosch
13,5216GK,Gregoriussingel,'s-Hertogenbosch
14,5243VT,Sint Catharinastraat,Rosmalen
12,5243XP,Cerberusstraat,Rosmalen
3,5246EM,Hendrik Chabotstraat,Rosmalen
58,5241ED,Dorpsstraat,Rosmalen
60,5241ED,Dorpsstraat,Rosmalen
10,5242KJ,Eikakkerhoeven,Rosmalen
39,5246VH,Jan van Delftstraat,Rosmalen
19,5244JN,Gastenberg,Rosmalen
71,5244JS,Gastenberg,Rosmalen
100,5244JT,Gastenberg,Rosmalen
16,5243SN,Geenbergenstraat,Rosmalen
14,5241HK,Gerbrandyborch,Rosmalen
33,5241LA,Diamantborch,Rosmalen
45,5243VM,Deken Fritsenstraat,Rosmalen
60,5243VR,Deken Fritsenstraat,Rosmalen
71,5243VM,Deken Fritsenstraat,Rosmalen
2,5246CE,Lucas Gasselstraat,Rosmalen
16,5244JN,Gastenberg,Rosmalen
60,5247SG,Dommelborch,Rosmalen
114,5247SH,Dommelborch,Rosmalen
23,5244JD,Heiweg,Rosmalen
15,5242GG,Hildebrandstraat,Rosmalen
24,5244GH,Heihoeven,Rosmalen
5,5247XD,Christina Enselsingel,Rosmalen
13,5246GK,Karel Ensinckstraat,Rosmalen
39,5246GL,Karel Ensinckstraat,Rosmalen
6,5248AL,Esdoornlaan,Rosmalen
8,5247XM,Max Euwestraat,Rosmalen
8,5247VP,Forelborch,Rosmalen
34,5246VB,Jan Frankenstraat,Rosmalen
62,5246VC,Jan Frankenstraat,Rosmalen
120,5246VE,Jan Frankenstraat,Rosmalen
12,5247XB,Anne Frankstraat,Rosmalen
39,5247XA,Anne Frankstraat,Rosmalen
162,5244NL,Graafsebaan,Rosmalen
5,5243VK,Dokter Hanegraaffstraat,Rosmalen
11,5248JR,Graafsebaan,Rosmalen
30,5243VW,Pastoor Hordijkstraat,Rosmalen
34,5241JW,Jagersingel,Rosmalen
4,5243SP,Pastoor Janssensstraat,Rosmalen
6,5241KW,Jezuïetenborch,Rosmalen
70,5246AH,Hintham,Rosmalen
11,5241JZ,Houtvesterstraat,Rosmalen
23,5242CL,Huygensstraat,Rosmalen
14,5241BH,Hyacintstraat,Rosmalen
7,5241JH,Jachtstraat,Rosmalen
45,5244GJ,Heihoeven,Rosmalen
93,5244GL,Heihoeven,Rosmalen
79,5241TN,Koningstraat,Rosmalen
52,5247VJ,Karperborch,Rosmalen
46,5243SG,Kattenbosch,Rosmalen
76,5243SH,Kattenbosch,Rosmalen
11,5241TL,Keizerstraat,Rosmalen
18,5213CN,Esdoornstraat,'s-Hertogenbosch
269,5213AK,Graafseweg,'s-Hertogenbosch
65,5221BM,Graaf van Solmsweg,'s-Hertogenbosch
26,5224HP,Evertsenstraat,'s-Hertogenbosch
10,5224BJ,Evert van Dijkstraat,'s-Hertogenbosch
36,5224BJ,Evert van Dijkstraat,'s-Hertogenbosch
25,5224TV,Smirnoffstraat,'s-Hertogenbosch
50,5211EN,Snellestraat,'s-Hertogenbosch
67,5216HZ,Van Ruusbroecstraat,'s-Hertogenbosch
122,5231GG,Zesde Buitenpepers,'s-Hertogenbosch
152,5231RS,Tweede Hambaken,'s-Hertogenbosch
7,5231GA,Zevende Buitenpepers,'s-Hertogenbosch
33,5216CS,Socrateslaan,'s-Hertogenbosch
10,5236XE,Pastoor Claassenstraat,'s-Hertogenbosch
9,5223XN,Wolfsdonklaan,'s-Hertogenbosch
20,5233BG,Tweede Haren,'s-Hertogenbosch
22,5211XC,Beurdsepoort,'s-Hertogenbosch
3,5224XS,Utrechtstraat,'s-Hertogenbosch
4,5231XK,Van Batenburgstraat,'s-Hertogenbosch
42,5231AL,Vierde Buitenpepers,'s-Hertogenbosch
49,5233HA,Ploossche Hof,'s-Hertogenbosch
10,5221BL,Postekampke,'s-Hertogenbosch
15,5221BK,Togenaarstraat,'s-Hertogenbosch
67,5215CJ,Waalstraat,'s-Hertogenbosch
22,5231TZ,Vierde Hambaken,'s-Hertogenbosch
79,5231TW,Vierde Hambaken,'s-Hertogenbosch
45,5223BB,Samuel Morsestraat,'s-Hertogenbosch
58,5233BM,Vijfde Haren,'s-Hertogenbosch
17,5222BA,Weerdskampweg,'s-Hertogenbosch
34,5233CP,Zesde Haren,'s-Hertogenbosch
15,5231PD,Slagenweg,'s-Hertogenbosch
51,5231PE,Slagenweg,'s-Hertogenbosch
76,5235AH,Sluisweg,'s-Hertogenbosch
112,5235AJ,Sluisweg,'s-Hertogenbosch
22,5231ND,Schanswetering,'s-Hertogenbosch
11,5223XW,Stadskampstraat,'s-Hertogenbosch
14,5216KS,Van Veldekekade,'s-Hertogenbosch
84,5233CR,Zesde Haren,'s-Hertogenbosch
1,5233EB,Tweede Rompert,'s-Hertogenbosch
2,5211KL,Parade,'s-Hertogenbosch
49,5223AL,Parallelweg,'s-Hertogenbosch
28,5224HK,Pieter Florisstraat,'s-Hertogenbosch
317,5211XJ,Pastoor de Kroonstraat,'s-Hertogenbosch
367,5211XJ,Pastoor de Kroonstraat,'s-Hertogenbosch
24,5215CL,IJsselsingel,'s-Hertogenbosch
18,5212SP,Twaalfmorgenstraat,'s-Hertogenbosch
116,5216CZ,Vergiliuslaan,'s-Hertogenbosch
20,5212RL,Pieter Vreedestraat,'s-Hertogenbosch
47,5212SN,Twaalfmorgenstraat,'s-Hertogenbosch
20,5231HC,Tweede Buitenpepers,'s-Hertogenbosch
9,5235BT,Abdijenlaan,'s-Hertogenbosch
5,5235BS,Mariënkroon,'s-Hertogenbosch
22,5233CE,Derde Haren,'s-Hertogenbosch
9,5235DZ,Deuringen,'s-Hertogenbosch
32,5215HR,Eemweg,'s-Hertogenbosch
86,5215HR,Eemweg,'s-Hertogenbosch
47,5211KE,Kerkstraat,'s-Hertogenbosch
19,5211KR,Putgang,'s-Hertogenbosch
88,5246PN,Pastoor Hoekx-singel,Rosmalen
87,5246XC,Wilhelminastraat,Rosmalen
23,5246BB,Fort Prins Willem,Rosmalen
13,5246AB,Christiaan Kannemansstraat,Rosmalen
118,5231PM,Schaarmeesterstraat,'s-Hertogenbosch
15,5236SB,Berenklauw,'s-Hertogenbosch
99,5246BC,Fort Prins Willem,Rosmalen
20,5246GW,Christoffel Wüststraat,Rosmalen
34,5246GW,Christoffel Wüststraat,Rosmalen
10,5211WT,Achter Het Zwarte Beerke,'s-Hertogenbosch
15,5247WN,Zuster Gertrudosingel,Rosmalen
61,5236VB,Breeakkers,'s-Hertogenbosch
49,5236TA,Moeraskers,'s-Hertogenbosch
9,5236RA,Weegbree,'s-Hertogenbosch
434,5224AR,Helftheuvelpassage,'s-Hertogenbosch
2,5221TN,Engelenseweg,'s-Hertogenbosch
7,5237TB,Schout van Meghenlaan,'s-Hertogenbosch
155,5211GB,Vughterstraat,'s-Hertogenbosch
7,5242JB,Zandbergen,Rosmalen
9,5247TK,Zwaluwborch,Rosmalen
44,5236SE,Berenklauw,'s-Hertogenbosch
34,5223CV,Ampèrestraat,'s-Hertogenbosch
317,5211VK,Boschveldweg,'s-Hertogenbosch
474,5224EB,Commissaris De Quaylaan,'s-Hertogenbosch
204,5223EN,Copernicuslaan,'s-Hertogenbosch
240,5223EN,Copernicuslaan,'s-Hertogenbosch
5,5212ET,Coppensstraat,'s-Hertogenbosch
98,5211RX,Burgemeester Loeffplein,'s-Hertogenbosch
100,5211RX,Burgemeester Loeffplein,'s-Hertogenbosch
104,5211RX,Burgemeester Loeffplein,'s-Hertogenbosch
105,5211RZ,Burgemeester Loeffplein,'s-Hertogenbosch
106,5211RX,Burgemeester Loeffplein,'s-Hertogenbosch
57,5211JW,Markt,'s-Hertogenbosch
4,5224KV,Dammenlaan,'s-Hertogenbosch
155,5212VD,Citadellaan,'s-Hertogenbosch
23,5211LB,Clarastraat,'s-Hertogenbosch
25,5211LB,Clarastraat,'s-Hertogenbosch
5,5211NV,Aastraat,'s-Hertogenbosch
538,5212AG,Anthonius van Alphenstraat,'s-Hertogenbosch
63,5211SM,Achter de Tolbrug,'s-Hertogenbosch
25,5213BC,David Teniersstraat,'s-Hertogenbosch
75,5223CS,Ampèrestraat,'s-Hertogenbosch
9,5224XA,Amsterdamstraat,'s-Hertogenbosch
21,5212AB,Antoon der Kinderenlaan,'s-Hertogenbosch
54,5211VT,Brugstraat,'s-Hertogenbosch
93,5231AC,Buitenpepersdreef,'s-Hertogenbosch
20,5211DH,Berewouthof,'s-Hertogenbosch
87,5212CC,Aartshertogenlaan,'s-Hertogenbosch
8,5231VG,Conraadstraat,'s-Hertogenbosch
37,5223EA,Copernicuslaan,'s-Hertogenbosch
115,5231AC,Buitenpepersdreef,'s-Hertogenbosch
153,5231AE,Buitenpepersdreef,'s-Hertogenbosch
18,5213GH,Crolliusstraat,'s-Hertogenbosch
17,5224HK,Pieter Florisstraat,'s-Hertogenbosch
90,5213VR,Pastoor Mutsaersstraat,'s-Hertogenbosch
37,5213VP,Pastoor Mutsaersstraat,'s-Hertogenbosch
8,5224HC,Jan van Galenstraat,'s-Hertogenbosch
39,5231KC,Zirkoon,'s-Hertogenbosch
101,5216GB,Mozartsingel,'s-Hertogenbosch
408,5224AZ,Kooikersweg,'s-Hertogenbosch
146,5215CN,IJsselsingel,'s-Hertogenbosch
68,5211XS,Redemptoristenpad,'s-Hertogenbosch
126,5235GM,Burchtenlaan,'s-Hertogenbosch
134,5212NH,Kapelaan Koopmansplein,'s-Hertogenbosch
131,5211XV,Arena,'s-Hertogenbosch
134,5216VB,Gestelseweg,'s-Hertogenbosch
4,5224CH,Gouverneur Van Vredenburchstraat,'s-Hertogenbosch
50,5237DJ,Thorbeckeplantsoen,'s-Hertogenbosch
53,5231DX,Steve Bikostraat,'s-Hertogenbosch
14,5241AK,Violenstraat,Rosmalen
181,5213AE,Graafseweg,'s-Hertogenbosch
34,5224HP,Evertsenstraat,'s-Hertogenbosch
38,5235GV,Tongelaer,'s-Hertogenbosch
207,5237WR,Maasboulevard,'s-Hertogenbosch
22,5244GW,Bremhoeven,Rosmalen
52,5211VD,Boschdijkstraat,'s-Hertogenbosch
6,5216TS,Frederik van Eedenstraat,'s-Hertogenbosch
9,5247WX,Engelandstraat,Rosmalen
322,5212CT,Aartshertogenlaan,'s-Hertogenbosch
848,5224EV,Admiraliteitslaan,'s-Hertogenbosch
22,5212EM,Frans Halsstraat,'s-Hertogenbosch
133,5211XH,Carolushof,'s-Hertogenbosch
11,5241KR,Benedictijnenborch,Rosmalen
115,5231TX,Vierde Hambaken,'s-Hertogenbosch
9,5243SM,Geenbergenstraat,Rosmalen
9,5221EA,De Meerheuvel,'s-Hertogenbosch
163,5244HM,Brabanthoeven,Rosmalen
91,5233RH,Rompertcentrum,'s-Hertogenbosch
60,5231BA,Klokkenlaan,'s-Hertogenbosch
152,5235EZ,Fleringen,'s-Hertogenbosch
105,5233CB,Derde Haren,'s-Hertogenbosch
123,5223BH,Christiaan Huygensweg,'s-Hertogenbosch
358,5215GM,Maassingel,'s-Hertogenbosch
7,5231GJ,Vijfde Buitenpepers,'s-Hertogenbosch
5,5246XG,Julianastraat,Rosmalen
24,5241KJ,Kruisherenborch,Rosmalen
75,5221PD,Velderwoude,'s-Hertogenbosch
144,5235JC,Kwartierenlaan,'s-Hertogenbosch
118,5223DX,Newtonlaan,'s-Hertogenbosch
8,5221ED,De Beverspijken,'s-Hertogenbosch
24,5224GH,Schout bij Nachtlaan,'s-Hertogenbosch
55,5237BB,Jan Mosmanslaan,'s-Hertogenbosch
6,5211PN,Hinthamereinde,'s-Hertogenbosch
131,5233AH,Derde Rompert,'s-Hertogenbosch
23,5216VP,Hildebrandstraat,'s-Hertogenbosch
46,5216GJ,Gregoriussingel,'s-Hertogenbosch
52,5233TD,Derde Slagen,'s-Hertogenbosch
30,5233AK,Derde Rompert,'s-Hertogenbosch
89,5233AG,Derde Rompert,'s-Hertogenbosch
7,5223VN,Jan Pieterszoon Coenstraat,'s-Hertogenbosch
74,5223VR,Jan Pieterszoon Coenstraat,'s-Hertogenbosch
6,5223KA,Kooikersweg,'s-Hertogenbosch
12,5211KC,Kolperstraat,'s-Hertogenbosch
17,5211BR,Luijbenstraat,'s-Hertogenbosch
138,5224KR,Kruiskampsingel,'s-Hertogenbosch
2,5223HA,Jan Rijpstraat,'s-Hertogenbosch
713,5231AW,Klokkenlaan,'s-Hertogenbosch
36,5212NR,Muntelplein,'s-Hertogenbosch
32,5211PV,Muntelstraat,'s-Hertogenbosch
23,5211BS,Luijbenstraat,'s-Hertogenbosch
12,5224GE,Maarten Trompstraat,'s-Hertogenbosch
47,5215AL,Neerstraat,'s-Hertogenbosch
209,5224KG,Kruiskampsingel,'s-Hertogenbosch
21,5215HJ,Hunzestraat,'s-Hertogenbosch
8,5224GC,Isaac Sweersstraat,'s-Hertogenbosch
27,5224GX,Michiel de Ruyterstraat,'s-Hertogenbosch
88,5211PV,Muntelstraat,'s-Hertogenbosch
31,5213GT,Johan van de Veldestraat,'s-Hertogenbosch
85,5215AM,Neerstraat,'s-Hertogenbosch
133,5215AN,Neerstraat,'s-Hertogenbosch
30,5223HT,Jacob Cnodestraat,'s-Hertogenbosch
55,5233BA,Eerste Haren,'s-Hertogenbosch
29,5215CW,Lekstraat,'s-Hertogenbosch
16,5212AE,Leonardus van Veghelstraat,'s-Hertogenbosch
127,5213GV,Johan van de Veldestraat,'s-Hertogenbosch
90,5223KJ,Kooikersweg,'s-Hertogenbosch
8,5211EJ,Eerste Korenstraatje,'s-Hertogenbosch
216,5216VG,Gestelseweg,'s-Hertogenbosch
28,5212RE,Jan Schöfferlaan,'s-Hertogenbosch
51,5213XR,Jan Sluytersstraat,'s-Hertogenbosch
14,5212EN,Jan Steenstraat,'s-Hertogenbosch
174,5223KL,Kooikersweg,'s-Hertogenbosch
22,5223EX,Lorentzstraat,'s-Hertogenbosch
23,5211GX,Kruisbroedershof,'s-Hertogenbosch
17,5224XN,Helmondstraat,'s-Hertogenbosch
12,5212NK,Hennequinstraat,'s-Hertogenbosch
63,5212SC,Koedijkstraat,'s-Hertogenbosch
63,5223AH,Koestraat,'s-Hertogenbosch
47,5211NE,Louwschepoort,'s-Hertogenbosch
84,5222AS,Rietveldenweg,'s-Hertogenbosch
21,5242AK,Rector Zwijsenlaan,Rosmalen
61,5215GD,Maassingel,'s-Hertogenbosch
297,5216BM,Pettelaarseweg,'s-Hertogenbosch
48,5246PM,Pastoor Hoekx-singel,Rosmalen
25,5212PK,Munteltuinen,'s-Hertogenbosch
26,5212PL,Munteltuinen,'s-Hertogenbosch
80,5245RE,Vlietdijk,Rosmalen
109,5223LD,Verlengde Statenlaan,'s-Hertogenbosch
7,5247ML,De Poseidonwerf,Rosmalen
161,5231XR,Orthen,'s-Hertogenbosch
130,5215BK,Javastraat,'s-Hertogenbosch
158,5215BK,Javastraat,'s-Hertogenbosch
565,5223LH,Statenlaan,'s-Hertogenbosch
18,5213SP,Von Rheinhabenstraat,'s-Hertogenbosch
37,5232BT,Balkweg,'s-Hertogenbosch
27,5211DJ,Berewoutstraat,'s-Hertogenbosch
79,5211DJ,Berewoutstraat,'s-Hertogenbosch
104,5249JK,Kievitsven,Rosmalen
257,5221LE,Parcivalring,'s-Hertogenbosch
26,5236SE,Berenklauw,'s-Hertogenbosch
10,5247HN,Galigaanstraat,Rosmalen
19,5247HM,Galigaanstraat,Rosmalen
2,5223CN,Voltastraat,'s-Hertogenbosch
4,5211ZN,van Heurnstraat,'s-Hertogenbosch
54,5224EE,Commissaris van der Hartenlaan,'s-Hertogenbosch
27,5212CB,Aartshertogenlaan,'s-Hertogenbosch
18,5215AK,Neerstraat,'s-Hertogenbosch
74,5211GK,Vughterstraat,'s-Hertogenbosch
39,5213HJ,Magnoliahof,'s-Hertogenbosch
42,5224GL,Karel Doormanstraat,'s-Hertogenbosch
92,5211LT,Windmolenbergstraat,'s-Hertogenbosch
89,5216JA,Van Ruusbroecstraat,'s-Hertogenbosch
160,5223ZT,Schaapsveldje,'s-Hertogenbosch
3,5224CS,Commissaris Kortmannlaan,'s-Hertogenbosch
65,5215CJ,Waalstraat,'s-Hertogenbosch
21,5223XW,Stadskampstraat,'s-Hertogenbosch
261,5244ND,Vliertwijksestraat,Rosmalen
46,5233VJ,Zesde Slagen,'s-Hertogenbosch
13,5247WR,Meester Penningsstraat,Rosmalen
2,5231WG,Het Klokkediep,'s-Hertogenbosch
17,5216JT,Jacob Catsstraat,'s-Hertogenbosch
28,5223XP,Wolfsdonklaan,'s-Hertogenbosch
60,5233BM,Vijfde Haren,'s-Hertogenbosch
5,5237BT,Hester van Griensvenhof,'s-Hertogenbosch
3,5231WL,De Trommelslager,'s-Hertogenbosch
48,5246XE,Wilhelminastraat,Rosmalen
119,5211WB,Rouppe van der Voortplein,'s-Hertogenbosch
143,5224BT,Churchilllaan,'s-Hertogenbosch
43,5223RH,Columbusstraat,'s-Hertogenbosch
180,5235EK,Buurschappenlaan,'s-Hertogenbosch
108,5235EZ,Fleringen,'s-Hertogenbosch
5,5235VJ,Huigepolder,'s-Hertogenbosch
3,5213GN,van Beresteynstraat,'s-Hertogenbosch
160,5212CN,Aartshertogenlaan,'s-Hertogenbosch
8,5224VE,Bredastraat,'s-Hertogenbosch
11,5237TB,Schout van Meghenlaan,'s-Hertogenbosch
34,5223RM,Balbaostraat,'s-Hertogenbosch
44,5233XN,Vijfde Donk,'s-Hertogenbosch
18,5233ND,Eerste Morgendreef,'s-Hertogenbosch
25,5224BE,Henri Bakkerstraat,'s-Hertogenbosch
236,5212CP,Aartshertogenlaan,'s-Hertogenbosch
175,5235TJ,Harmoniepolder,'s-Hertogenbosch
26,5231LJ,Achtste Buitenpepers,'s-Hertogenbosch
94,5231NR,Orduynenstraat,'s-Hertogenbosch
31,5224JK,Generaal Rosslaan,'s-Hertogenbosch
163,5235TJ,Harmoniepolder,'s-Hertogenbosch
5,5235VC,Weidepolder,'s-Hertogenbosch
73,5233TL,Eerste Slagen,'s-Hertogenbosch
29,5233VM,Vijfde Slagen,'s-Hertogenbosch
6,5223VW,Dirk Hartogstraat,'s-Hertogenbosch
390,5223JV,Rijzertlaan,'s-Hertogenbosch
679,5224AJ,Helftheuvelpassage,'s-Hertogenbosch
33,5215CZ,Rivierenplein,'s-Hertogenbosch
365,5231MN,Wethouder Schuurmanslaan,'s-Hertogenbosch
173,5246PG,Pastoor Hoekx-singel,Rosmalen
7,5235HD,Natewischstede,'s-Hertogenbosch
77,5245AP,Etudestraat,Rosmalen
77,5245AR,Preludehof,Rosmalen
39,5216HN,van der Nootstraat,'s-Hertogenbosch
33,5247JA,Groote Wielenlaan,Rosmalen
441,5245AW,Groote Wielenlaan,Rosmalen
13,5245BC,Ariastraat,Rosmalen
4,5221AA,Schoolstraat,'s-Hertogenbosch
46,5212RN,Gheert van Calcarplein,'s-Hertogenbosch
46,5212RP,Gheert van Calcarplein,'s-Hertogenbosch
63,5245BC,Ariastraat,Rosmalen
42,5223CV,Ampèrestraat,'s-Hertogenbosch
506,5224EC,Commissaris De Quaylaan,'s-Hertogenbosch
406,5212CX,Aartshertogenlaan,'s-Hertogenbosch
221,5223EE,Copernicuslaan,'s-Hertogenbosch
20,5213TK,Dageraadsweg,'s-Hertogenbosch
47,5213TM,Dageraadsweg,'s-Hertogenbosch
159,5212VD,Citadellaan,'s-Hertogenbosch
447,5213JA,Aartshertogenlaan,'s-Hertogenbosch
13,5212AG,Anthonius van Alphenstraat,'s-Hertogenbosch
101,5211SM,Achter de Tolbrug,'s-Hertogenbosch
18,5224VA,Assenstraat,'s-Hertogenbosch
61,5231VC,Adelheidstraat,'s-Hertogenbosch
218,5224EJ,Admiraliteitslaan,'s-Hertogenbosch
33,5211TV,Stationsweg,'s-Hertogenbosch
27,5211VS,Brugstraat,'s-Hertogenbosch
109,5231AC,Buitenpepersdreef,'s-Hertogenbosch
296,5224EL,Admiraliteitslaan,'s-Hertogenbosch
2,5223SR,Beringstraat,'s-Hertogenbosch
55,5212CB,Aartshertogenlaan,'s-Hertogenbosch
154,5212CN,Aartshertogenlaan,'s-Hertogenbosch
238,5232AD,Bruistensingel,'s-Hertogenbosch
17,5216HX,Coornhertstraat,'s-Hertogenbosch
29,5223EA,Copernicuslaan,'s-Hertogenbosch
140,5231HH,Buitenpepersdreef,'s-Hertogenbosch
1,5223HN,Cornelis de Houtmanstraat,'s-Hertogenbosch
6,5213VL,Berkenstraat,'s-Hertogenbosch
26,5236AE,Burgemeester Meijsstraat,'s-Hertogenbosch
59,5213HS,Boterweg,'s-Hertogenbosch
31,5213XG,Bowierstraat,'s-Hertogenbosch
49,5223EB,Copernicuslaan,'s-Hertogenbosch
28,5213AX,Abeelenstraat,'s-Hertogenbosch
35,5213EN,Cypresstraat,'s-Hertogenbosch
23,5231HT,De Baken,'s-Hertogenbosch
72,5231HS,De Baken,'s-Hertogenbosch
37,5223RH,Columbusstraat,'s-Hertogenbosch
25,5224CK,Commissaris Bosch van Drakesteinlaan,'s-Hertogenbosch
345,5231ML,Wethouder Schuurmanslaan,'s-Hertogenbosch
16,5241BH,Hyacintstraat,Rosmalen
45,5213GZ,van Reysstraat,'s-Hertogenbosch
9,5245NB,Lunerkampweg,Rosmalen
14,5246XS,Prinses Margrietstraat,Rosmalen
34,5221PL,Beeckendael,'s-Hertogenbosch
17,5211SK,Barbaraplaats,'s-Hertogenbosch
6,5215AZ,Sumatrastraat,'s-Hertogenbosch
288,5216BZ,Pettelaarseweg,'s-Hertogenbosch
3,5241XC,Irisstraat,Rosmalen
13,5237LA,Anjervallei,'s-Hertogenbosch
42,5231KJ,Smaragd,'s-Hertogenbosch
11,5247MB,De Rietdam,Rosmalen
29,5236BJ,Empelsedijk,'s-Hertogenbosch
38,5236BM,Meerwijkweg,'s-Hertogenbosch
1,5237HJ,Zilverspar,'s-Hertogenbosch
50,5213BJ,Rubensstraat,'s-Hertogenbosch
142,5233HP,Eerste Donk,'s-Hertogenbosch
105,5235EC,Buurschappenlaan,'s-Hertogenbosch
149,5216JE,Jacob van Maerlantstraat,'s-Hertogenbosch
5,5221JG,Zuster Hilkerstraat,'s-Hertogenbosch
48,5212PM,Munteltuinen,'s-Hertogenbosch
206,5211SZ,Orthenstraat,'s-Hertogenbosch
63,5216GW,Philippus de Montestraat,'s-Hertogenbosch
1,5216XM,P.C. Hooftstraat,'s-Hertogenbosch
29,5223ZP,Vijverberg,'s-Hertogenbosch
29,5221PB,Velderwoude,'s-Hertogenbosch
56,5223ZM,Concordialaan,'s-Hertogenbosch
116,5213SN,Von Hobestraat,'s-Hertogenbosch
3,5222BA,Weerdskampweg,'s-Hertogenbosch
83,5221PD,Velderwoude,'s-Hertogenbosch
130,5223MS,Bordeslaan,'s-Hertogenbosch
110,5237WX,Schout van Hanswijkplein,'s-Hertogenbosch
12,5246AL,Henri Bayensstraat,Rosmalen
2,5231PL,Schaarmeesterstraat,'s-Hertogenbosch
405,5223MN,Bordeslaan,'s-Hertogenbosch
13,5247KJ,Erebiastraat,Rosmalen
10,5247KX,Roomvlekpad,Rosmalen
33,5247MD,De Wieldam,Rosmalen
27,5221PE,Leliënhuyze,'s-Hertogenbosch
522,5223DN,Onderwijsboulevard,'s-Hertogenbosch
612,5223DN,Onderwijsboulevard,'s-Hertogenbosch
411,5223LH,Statenlaan,'s-Hertogenbosch
427,5223MP,Bordeslaan,'s-Hertogenbosch
101,5221KG,Daliënwaerd,'s-Hertogenbosch
59,5236SC,Berenklauw,'s-Hertogenbosch
40,5233NP,Tweede Morgendreef,'s-Hertogenbosch
26,5233NB,Eerste Morgen,'s-Hertogenbosch
161,5235EV,Fleringen,'s-Hertogenbosch
1000,5224EZ,Admiraliteitslaan,'s-Hertogenbosch
17,5215VB,Borneostraat,'s-Hertogenbosch
42,5221KK,Holterveste,'s-Hertogenbosch
343,5212CJ,Aartshertogenlaan,'s-Hertogenbosch
8,5216HS,Brugmanstraat,'s-Hertogenbosch
30,5212NX,Jan de la Barlaan,'s-Hertogenbosch
307,5231HE,Buitenpepersdreef,'s-Hertogenbosch
16,5213BD,David Teniersstraat,'s-Hertogenbosch
2,5235EM,Espalen,'s-Hertogenbosch
3,5232BE,Amerikastraat,'s-Hertogenbosch
49,5247JL,Cascadeweg,Rosmalen
18,5236XT,Vonkenwaard,'s-Hertogenbosch
4,5216AT,Hertogin Johannastraat,'s-Hertogenbosch
81,5237HS,Zilverpark,'s-Hertogenbosch
14,5211LN,Mgr. Prinsenstraat,'s-Hertogenbosch
19,5233PH,Zevende Donk,'s-Hertogenbosch
5,5233NE,Tweede Morgen,'s-Hertogenbosch
49,5212ER,Jacob van Ruysdaelstraat,'s-Hertogenbosch
54,5233BH,Tweede Haren,'s-Hertogenbosch
103,5212BC,Frederik Hendriklaan,'s-Hertogenbosch
13,5246BB,Fort Prins Willem,Rosmalen
154,5231PM,Schaarmeesterstraat,'s-Hertogenbosch
17,5221BG,Zonneweide,'s-Hertogenbosch
14,5221JA,Wouterus van der Doelenstraat,'s-Hertogenbosch
80,5235HV,Doornburgstede,'s-Hertogenbosch
39,5233XA,Zesde Donk,'s-Hertogenbosch
114,5233XC,Zesde Donk,'s-Hertogenbosch
112,5224BX,Churchilllaan,'s-Hertogenbosch
68,5233EG,Vijfde Rompert,'s-Hertogenbosch
31,5223EA,Copernicuslaan,'s-Hertogenbosch
417,5224KL,Kruiskampsingel,'s-Hertogenbosch
9,5213VK,Berkenstraat,'s-Hertogenbosch
26,5231BH,De Bokkelaren,'s-Hertogenbosch
9,5211JB,Beurdsestraat,'s-Hertogenbosch
7,5211DP,Lepelstraat,'s-Hertogenbosch
7,5233NL,Derde Morgen,'s-Hertogenbosch
69,5235DP,Bijsteren,'s-Hertogenbosch
8,5233VG,Eekbrouwersweg,'s-Hertogenbosch
121,5213XC,Hesselsstraat,'s-Hertogenbosch
6,5212TV,Frederik van Egmontstraat,'s-Hertogenbosch
13,5212EW,Dr. Hermansstraat,'s-Hertogenbosch
365,5216HB,Zuiderparkweg,'s-Hertogenbosch
3,5235DR,Eimeren,'s-Hertogenbosch
8,5235HM,Harteveldstede,'s-Hertogenbosch
1,5235HR,Hazenburgstede,'s-Hertogenbosch
80,5233TJ,Tweede Slagen,'s-Hertogenbosch
51,5211VH,Boschveldweg,'s-Hertogenbosch
210,5235EL,Buurschappenlaan,'s-Hertogenbosch
100,5235EZ,Fleringen,'s-Hertogenbosch
34,5235VG,Goedenaardspolder,'s-Hertogenbosch
1,5211WZ,Het Bont Paardje,'s-Hertogenbosch
18,5213GR,van Beresteynstraat,'s-Hertogenbosch
33,5213XG,Bowierstraat,'s-Hertogenbosch
73,5212AL,Ophoviuslaan,'s-Hertogenbosch
3,5221BB,Sint Lambertusstraat,'s-Hertogenbosch
5,5231DS,Piccolo,'s-Hertogenbosch
108,5213SN,Von Hobestraat,'s-Hertogenbosch
2,5211KN,Lange Putstraat,'s-Hertogenbosch
411,5231AT,Klokkenlaan,'s-Hertogenbosch
115,5237LC,Anjervallei,'s-Hertogenbosch
47,5237BB,Jan Mosmanslaan,'s-Hertogenbosch
50,5246JR,De Grote Elst,Rosmalen
37,5236TD,Waterranonkel,'s-Hertogenbosch
24,5212NR,Muntelplein,'s-Hertogenbosch
16,5237EM,Florencestraat,'s-Hertogenbosch
5,5237HJ,Zilverspar,'s-Hertogenbosch
22,5212SL,Korte Tuinstraat,'s-Hertogenbosch
2,5221HA,Karekiet,'s-Hertogenbosch
14,5224DA,Willem Crulstraat,'s-Hertogenbosch
3,5236WR,Boekweitveld,'s-Hertogenbosch
24,5246XM,Tweeberg,Rosmalen
22,5224HJ,Egbert Kortenaerstraat,'s-Hertogenbosch
131,5235DC,Lokeren,'s-Hertogenbosch
21,5213HJ,Magnoliahof,'s-Hertogenbosch
264,5213AR,Graafseweg,'s-Hertogenbosch
182,5235KB,Maaspoortweg,'s-Hertogenbosch
50,5241CC,Weidestraat,Rosmalen
13,5224TR,Albert Plesmansingel,'s-Hertogenbosch
15,5213VK,Berkenstraat,'s-Hertogenbosch
18,5212TG,Busschietersstraat,'s-Hertogenbosch
9,5223GG,Buys Ballotweg,'s-Hertogenbosch
1,5221AZ,Weislag,'s-Hertogenbosch
47,5213XG,Bowierstraat,'s-Hertogenbosch
38,5223EJ,Copernicuslaan,'s-Hertogenbosch
13,5213AW,Abeelenstraat,'s-Hertogenbosch
37,5223VX,Abel Tasmanstraat,'s-Hertogenbosch
45,5213GH,Crolliusstraat,'s-Hertogenbosch
34,5213ER,Cypresstraat,'s-Hertogenbosch
8,5211HL,Achter het Verguld Harnas,'s-Hertogenbosch
19,5231HT,De Baken,'s-Hertogenbosch
6,5231BH,De Bokkelaren,'s-Hertogenbosch
13,5224CK,Commissaris Bosch van Drakesteinlaan,'s-Hertogenbosch
5,5213BE,Abraham Bloemaertstraat,'s-Hertogenbosch
48,5224TE,Antwerpenstraat,'s-Hertogenbosch
34,5216GN,Arezzostraat,'s-Hertogenbosch
20,5211HK,Achter het Wild Varken,'s-Hertogenbosch
5,5215AV,Bankastraat,'s-Hertogenbosch
806,5224ET,Admiraliteitslaan,'s-Hertogenbosch
82,5224XR,Amsterdamstraat,'s-Hertogenbosch
35,5224VD,Bredastraat,'s-Hertogenbosch
48,5224VN,Arlonstraat,'s-Hertogenbosch
17,5211TP,Buitenhaven,'s-Hertogenbosch
39,5211TR,Buitenhaven,'s-Hertogenbosch
8,5211LR,Baselaarsstraat,'s-Hertogenbosch
5,5215XN,Bazeldonkstraat,'s-Hertogenbosch
28,5213VL,Berkenstraat,'s-Hertogenbosch
176,5212CN,Aartshertogenlaan,'s-Hertogenbosch
205,5212CE,Aartshertogenlaan,'s-Hertogenbosch
120,5223EL,Copernicuslaan,'s-Hertogenbosch
267,5231HD,Buitenpepersdreef,'s-Hertogenbosch
54,5213ER,Cypresstraat,'s-Hertogenbosch
102,5213ET,Cypresstraat,'s-Hertogenbosch
26,5237PE,Jonkhof,'s-Hertogenbosch
34,5211TM,Brede Haven,'s-Hertogenbosch
4,5224CT,Commissaris De Quaylaan,'s-Hertogenbosch
16,5213VA,Acaciasingel,'s-Hertogenbosch
48,5213VB,Acaciasingel,'s-Hertogenbosch
27,5216TC,Da Costastraat,'s-Hertogenbosch
32,5212GL,Ackersdijckstraat,'s-Hertogenbosch
27,5235HJ,Geerke,'s-Hertogenbosch
95,5235HJ,Geerke,'s-Hertogenbosch
31,5224CR,Commissaris De Quaylaan,'s-Hertogenbosch
17,5215BT,Dongestraat,'s-Hertogenbosch
7,5224VT,Doornikstraat,'s-Hertogenbosch
443,5233SR,Hoge Slagen,'s-Hertogenbosch
2,5224TB,Echternachstraat,'s-Hertogenbosch
11,5224XN,Helmondstraat,'s-Hertogenbosch
5,5216VL,Hugo Verriesthof,'s-Hertogenbosch
10,5215HJ,Hunzestraat,'s-Hertogenbosch
43,5242KC,Tielekeshoeven,Rosmalen
5,5221BB,Sint Lambertusstraat,'s-Hertogenbosch
425,5211SJ,Zuid Willemsvaart,'s-Hertogenbosch
447,5223LH,Statenlaan,'s-Hertogenbosch
368,5211NW,Zuid Willemsvaart,'s-Hertogenbosch
7,5232JM,Eerste Herven,'s-Hertogenbosch
2,5232JP,Tweede Herven,'s-Hertogenbosch
22,5216VR,Hildebrandstraat,'s-Hertogenbosch
80,5216GJ,Gregoriussingel,'s-Hertogenbosch
241,5233SK,Hoge Slagen,'s-Hertogenbosch
23,5223CD,Edisonstraat,'s-Hertogenbosch
7,5221HH,Rietgors,'s-Hertogenbosch
171,5215BG,Javastraat,'s-Hertogenbosch
171,5215BK,Javastraat,'s-Hertogenbosch
46,5215GT,Jekerstraat,'s-Hertogenbosch
43,5235BA,Kloosterlaan,'s-Hertogenbosch
69,5235DS,Eimeren,'s-Hertogenbosch
68,5213HE,Loekemanstraat,'s-Hertogenbosch
15,5224BK,van der Hoopstraat,'s-Hertogenbosch
40,5211JE,Zuidwal,'s-Hertogenbosch
19,5236AZ,Pastoor Verhoevenstraat,'s-Hertogenbosch
84,5211PH,van Berckelstraat,'s-Hertogenbosch
1,5236VD,Akkerpad,'s-Hertogenbosch
42,5245BG,Chansonstraat,Rosmalen
41,5237NJ,Braspenninglaan,'s-Hertogenbosch
307,5224AW,Kooikersweg,'s-Hertogenbosch
31,5216EB,Sweelinckplein,'s-Hertogenbosch
9,5246JA,Pastoor de Leijerstraat,Rosmalen
1,5211CN,Willem van Oranjelaan,'s-Hertogenbosch
11,5224VX,Luxemburgsingel,'s-Hertogenbosch
28,5211KP,Korte Putstraat,'s-Hertogenbosch
84,5223CZ,Van Leeuwenhoekstraat,'s-Hertogenbosch
25,5247WT,Walessingel,Rosmalen
66,5212RR,Gheert van Calcarplein,'s-Hertogenbosch
23,5211GZ,Kruisbroedersstraatje,'s-Hertogenbosch
6,5215XP,Nieuw-Ambachtstraat,'s-Hertogenbosch
106,5224KP,Kruiskampsingel,'s-Hertogenbosch
1,5224JP,Titus Brandsmastraat,'s-Hertogenbosch
6,5236VC,Maïsveld,'s-Hertogenbosch
13,5246XL,Tweeberg,Rosmalen
112,5246RG,Meester Broerensingel,Rosmalen
87,5233VN,Vijfde Slagen,'s-Hertogenbosch
24,5212RL,Pieter Vreedestraat,'s-Hertogenbosch
57,5211DX,Postelstraat,'s-Hertogenbosch
364,5213ST,Westenburgerweg,'s-Hertogenbosch
14,5211HG,Keizerstraat,'s-Hertogenbosch
8,5233EC,Tweede Rompert,'s-Hertogenbosch
55,5242HT,Oude Baan,Rosmalen
94,5241BN,Raadhuisstraat,Rosmalen
18,5246AR,De Hoge Schans,Rosmalen
70,5241BB,Nieuwendijk,Rosmalen
64,5233BB,Eerste Haren,'s-Hertogenbosch
32,5231WB,De Tondeldoos,'s-Hertogenbosch
13,5237JD,Meester Coelbornerhof,'s-Hertogenbosch
52,5247HL,Spirealaan,Rosmalen
31,5213RG,Van Hoftenstraat,'s-Hertogenbosch
112,5213SL,Westenburgerweg,'s-Hertogenbosch
192,5245RG,Vlietdijk,Rosmalen
11,5245NJ,De Bleken,Rosmalen
361,5223MN,Bordeslaan,'s-Hertogenbosch
22,5221RB,Wuyvenhaerd,'s-Hertogenbosch
35,5223ZP,Vijverberg,'s-Hertogenbosch
8,5223ZL,Concordialaan,'s-Hertogenbosch
16,5241TG,Verlengde van Meeuwenstraat,Rosmalen
94,5247LA,De Groote Rede,Rosmalen
21,5247KS,Hageheldstraat,Rosmalen
329,5244NJ,Vliertwijksestraat,Rosmalen
10,5236CA,Achter den Brink,'s-Hertogenbosch
82,5237WX,Schout van Hanswijkplein,'s-Hertogenbosch
193,5221LD,Parcivalring,'s-Hertogenbosch
60,5213VR,Pastoor Mutsaersstraat,'s-Hertogenbosch
56,5235CH,Genhoes,'s-Hertogenbosch
35,5236RG,Hondsdraf,'s-Hertogenbosch
119,5236RK,Hondsdraf,'s-Hertogenbosch
46,5222AJ,Rietveldenkade,'s-Hertogenbosch
44,5223CH,Marconistraat,'s-Hertogenbosch
82,5247HL,Spirealaan,Rosmalen
53,5247HJ,Spirealaan,Rosmalen
24,5247LK,De Brigantijn,Rosmalen
56,5213SN,Von Hobestraat,'s-Hertogenbosch
16,5247LB,De Bark,Rosmalen
20,5247LN,De Buis,Rosmalen
46,5247HA,Hooiwagen,Rosmalen
5,5233XA,Zesde Donk,'s-Hertogenbosch
39,5233SC,Hoge Slagen,'s-Hertogenbosch
37,5212NZ,Hennequinstraat,'s-Hertogenbosch
4,5216GG,Wagnerlaan,'s-Hertogenbosch
42,5233VJ,Zesde Slagen,'s-Hertogenbosch
304,5212CT,Aartshertogenlaan,'s-Hertogenbosch
38,5223VZ,Abel Tasmanstraat,'s-Hertogenbosch
209,5223EE,Copernicuslaan,'s-Hertogenbosch
44,5213GM,Otto Copesstraat,'s-Hertogenbosch
29,5211EL,Minderbroedersstraat,'s-Hertogenbosch
10,5237PN,Trawlerstraat,'s-Hertogenbosch
5,5237JG,Meester van Goerlestraat,'s-Hertogenbosch
23,5223TL,Fridtjof Nansenstraat,'s-Hertogenbosch
54,5212RK,Geert van Woustraat,'s-Hertogenbosch
20,5237SC,Schout van Hekerenstraat,'s-Hertogenbosch
55,5242BD,Churchilllaan,Rosmalen
22,5241XP,Papaverstraat,Rosmalen
78,5221LN,Parcivalring,'s-Hertogenbosch
13,5231DH,Mandoline,'s-Hertogenbosch
25,5215XS,Wethouder Kuijpersstraat,'s-Hertogenbosch
3,5235JK,Westerkwartier,'s-Hertogenbosch
15,5216BG,Pettelaarseweg,'s-Hertogenbosch
122,5215DN,Grevelingen,'s-Hertogenbosch
176,5215EN,Rijnstraat,'s-Hertogenbosch
7,5233PH,Zevende Donk,'s-Hertogenbosch
25,5235DR,Eimeren,'s-Hertogenbosch
20,5231PG,Slagenweg,'s-Hertogenbosch
9,5211EM,Snellestraat,'s-Hertogenbosch
6,5211EP,Begijnstraatje,'s-Hertogenbosch
58,5235TV,Combinatiepolder,'s-Hertogenbosch
19,5211VE,Maaslandstraat,'s-Hertogenbosch
35,5223SG,Hudsonlaan,'s-Hertogenbosch
252,5216HD,Zuiderparkweg,'s-Hertogenbosch
57,5244GP,Sluiskeshoeven,Rosmalen
253,5231AG,Buitenpepersdreef,'s-Hertogenbosch
20,5233JP,Eerste Reit,'s-Hertogenbosch
39,5245AA,Crescendoweg,Rosmalen
40,5221GB,Kraanvogellaan,'s-Hertogenbosch
82,5235DH,Lokeren,'s-Hertogenbosch
132,5211SZ,Orthenstraat,'s-Hertogenbosch
5,5247XK,Ko van Dijkstraat,Rosmalen
45,5231VJ,St. Willibrordusstraat,'s-Hertogenbosch
67,5211NB,Schilderstraat,'s-Hertogenbosch
173,5211TK,Smalle Haven,'s-Hertogenbosch
160,5223JP,Rijzertlaan,'s-Hertogenbosch
44,5211RG,Oude Hofstad,'s-Hertogenbosch
222,5216BX,Pettelaarseweg,'s-Hertogenbosch
55,5233HD,Donkse Dreef,'s-Hertogenbosch
65,5221HK,Roerdomp,'s-Hertogenbosch
21,5216CN,Aristoteleslaan,'s-Hertogenbosch
9,5221AN,Achterstraat,'s-Hertogenbosch
10,5215AW,Balistraat,'s-Hertogenbosch
458,5224EN,Admiraliteitslaan,'s-Hertogenbosch
690,5224ES,Admiraliteitslaan,'s-Hertogenbosch
45,5224XB,Amsterdamstraat,'s-Hertogenbosch
132,5224XR,Amsterdamstraat,'s-Hertogenbosch
19,5224VD,Bredastraat,'s-Hertogenbosch
32,5223RL,Bartholomeus Diazstraat,'s-Hertogenbosch
210,5231HK,Buitenpepersdreef,'s-Hertogenbosch
13,5211PK,Bernestraat,'s-Hertogenbosch
37,5211LH,Bethaniestraat,'s-Hertogenbosch
234,5212CP,Aartshertogenlaan,'s-Hertogenbosch
87,5223EB,Copernicuslaan,'s-Hertogenbosch
121,5223EC,Copernicuslaan,'s-Hertogenbosch
145,5223ED,Copernicuslaan,'s-Hertogenbosch
283,5231HD,Buitenpepersdreef,'s-Hertogenbosch
347,5231HE,Buitenpepersdreef,'s-Hertogenbosch
31,5211LP,Sint Jacobstraat,'s-Hertogenbosch
42,5237PE,Jonkhof,'s-Hertogenbosch
35,5211TM,Brede Haven,'s-Hertogenbosch
70,5211TM,Brede Haven,'s-Hertogenbosch
194,5223EM,Copernicuslaan,'s-Hertogenbosch
49,5213VC,Acaciasingel,'s-Hertogenbosch
145,5213EV,Cypresstraat,'s-Hertogenbosch
11,5216TC,Da Costastraat,'s-Hertogenbosch
14,5212GL,Ackersdijckstraat,'s-Hertogenbosch
91,5235HJ,Geerke,'s-Hertogenbosch
169,5235HK,Geerke,'s-Hertogenbosch
58,5224CV,Commissaris De Quaylaan,'s-Hertogenbosch
126,5224CW,Commissaris De Quaylaan,'s-Hertogenbosch
1,5223VC,Hoekkampstraat,'s-Hertogenbosch
50,5233XN,Vijfde Donk,'s-Hertogenbosch
16,5233ND,Eerste Morgendreef,'s-Hertogenbosch
26,5211XR,Redemptoristenpad,'s-Hertogenbosch
332,5245AX,Groote Wielenlaan,Rosmalen
154,5233BV,Manis Krijgsmanhof,'s-Hertogenbosch
19,5245BK,Rapsodieweg,Rosmalen
80,5231NP,Orduynenstraat,'s-Hertogenbosch
6,5235VM,Hooipolder,'s-Hertogenbosch
13,5235VA,Prikpolder,'s-Hertogenbosch
46,5216JM,Jacob van Maerlantstraat,'s-Hertogenbosch
17,5224TN,Zeppelinstraat,'s-Hertogenbosch
12,5223GV,Deutersestraat,'s-Hertogenbosch
43,5236SC,Berenklauw,'s-Hertogenbosch
22,5231RD,Eerste Hambaken,'s-Hertogenbosch
38,5215CZ,Rivierenplein,'s-Hertogenbosch
5,5233NJ,Derde Morgendreef,'s-Hertogenbosch
57,5231RL,Tweede Hambaken,'s-Hertogenbosch
4,5221BP,Bokhovense Maasdijk,'s-Hertogenbosch
266,5231BE,Klokkenlaan,'s-Hertogenbosch
430,5223JV,Rijzertlaan,'s-Hertogenbosch
46,5211TM,Brede Haven,'s-Hertogenbosch
5,5213TG,Anderlijnstraat,'s-Hertogenbosch
87,5224HZ,Beatrixpark,'s-Hertogenbosch
109,5211RZ,Burgemeester Loeffplein,'s-Hertogenbosch
8,5235ER,Haalderen,'s-Hertogenbosch
11,5235EN,Geesteren,'s-Hertogenbosch
42,5235HT,Doornburgstede,'s-Hertogenbosch
50,5223XM,Baksvelstraat,'s-Hertogenbosch
32,5213AL,Graafseweg,'s-Hertogenbosch
14,5213GE,Frater Celestinusstraat,'s-Hertogenbosch
24,5224BC,Jan Olieslagersstraat,'s-Hertogenbosch
121,5231RC,Eerste Hambaken,'s-Hertogenbosch
3,5232JR,Derde Herven,'s-Hertogenbosch
8,5233NG,Tweede Morgen,'s-Hertogenbosch
135,5213AD,Graafseweg,'s-Hertogenbosch
173,5231RN,Tweede Hambaken,'s-Hertogenbosch
50,5215BP,Dommelstraat,'s-Hertogenbosch
53,5246BB,Fort Prins Willem,Rosmalen
55,5224AS,Helftheuvelweg,'s-Hertogenbosch
59,5212NZ,Hennequinstraat,'s-Hertogenbosch
16,5221JC,Wim Richtstraat,'s-Hertogenbosch
92,5235HV,Doornburgstede,'s-Hertogenbosch
71,5233XP,Zesde Donk,'s-Hertogenbosch
5,5211KZ,Choorstraat,'s-Hertogenbosch
57,5247MP,De Zonkade,Rosmalen
13,5247HE,Marskramer,Rosmalen
57,5215BG,Javastraat,'s-Hertogenbosch
13,5222BA,Weerdskampweg,'s-Hertogenbosch
160,5247JG,Groote Wielenlaan,Rosmalen
30,5247HR,Goudveilstraat,Rosmalen
17,5247HD,Narrenschip,Rosmalen
23,5247MV,De Dauwkade,Rosmalen
27,5247MJ,De Eendrachtswerf,Rosmalen
1,5233XH,Vierde Donk,'s-Hertogenbosch
2,5245AB,Fortissimostraat,Rosmalen
150,5213SM,Westenburgerweg,'s-Hertogenbosch
11,5236PK,Gaffel,'s-Hertogenbosch
12,5245BE,Duetstraat,Rosmalen
443,5224KL,Kruiskampsingel,'s-Hertogenbosch
42,5233BS,Manis Krijgsmanhof,'s-Hertogenbosch
98,5233BT,Manis Krijgsmanhof,'s-Hertogenbosch
3,5235AK,Wasweg,'s-Hertogenbosch
5,5231XL,Margarethalaan,'s-Hertogenbosch
109,5223XD,Oeterselaan,'s-Hertogenbosch
128,5221LR,Parcivalring,'s-Hertogenbosch
511,5224KL,Kruiskampsingel,'s-Hertogenbosch
8,5211DV,Kruisstraat,'s-Hertogenbosch
38,5211DV,Kruisstraat,'s-Hertogenbosch
12,5211JX,Markt,'s-Hertogenbosch
29,5211JV,Markt,'s-Hertogenbosch
8,5211RC,Oostwal,'s-Hertogenbosch
61,5211RB,Oostwal,'s-Hertogenbosch
50,5212AN,Ophoviuslaan,'s-Hertogenbosch
30,5231PT,Ketsheuvel,'s-Hertogenbosch
407,5233SR,Hoge Slagen,'s-Hertogenbosch
26,5215ET,Dijlestraat,'s-Hertogenbosch
24,5224TB,Echternachstraat,'s-Hertogenbosch
64,5223SK,Hudsonlaan,'s-Hertogenbosch
132,5223SL,Hudsonlaan,'s-Hertogenbosch
24,5216VL,Hugo Verriesthof,'s-Hertogenbosch
13,5231PC,Van der Griendtstraat,'s-Hertogenbosch
22,5224BL,van der Hoopstraat,'s-Hertogenbosch
1,5211DZ,Vismarkt,'s-Hertogenbosch
87,5216EM,Händelstraat,'s-Hertogenbosch
3,5224VK,Hasseltstraat,'s-Hertogenbosch
45,5223JJ,Hoeflaan,'s-Hertogenbosch
65,5212RC,Geldersedam,'s-Hertogenbosch
72,5233VD,Zevende Slagen,'s-Hertogenbosch
109,5233VB,Zevende Slagen,'s-Hertogenbosch
10,5215HN,Zoomweg,'s-Hertogenbosch
485,5231MS,Wethouder Schuurmanslaan,'s-Hertogenbosch
26,5224VV,Doornikstraat,'s-Hertogenbosch
5,5216TR,Frederik van Eedenstraat,'s-Hertogenbosch
1,5247XG,Heintje Davidsstraat,Rosmalen
28,5241EC,Dorpsstraat,Rosmalen
218,5231BM,De Bokkelaren,'s-Hertogenbosch
13,5223GV,Deutersestraat,'s-Hertogenbosch
263,5233SK,Hoge Slagen,'s-Hertogenbosch
3,5235VJ,Huigepolder,'s-Hertogenbosch
29,5224AA,Helftheuvelpassage,'s-Hertogenbosch
