18,3295BK,Langestraat,'s-Gravendeel
45,3274LD,Blaaksedijk West,Heinenoord
35,3295RA,Anjerstraat,'s-Gravendeel
29,3297WJ,Haagwinde,Puttershoek
15,3297TA,Binnenkruier,Puttershoek
14,3297VG,Polaris,Puttershoek
43,3271LL,Westdijk,Mijnsheerenland
14,3274LH,Boonsweg,Heinenoord
57,3297DA,Schorredijk,Puttershoek
32,3295CP,Roterijstraat,'s-Gravendeel
36,3274LE,Blaaksedijk West,Heinenoord
18,3295GR,Wetering,'s-Gravendeel
9,3297CV,Oranjeplein,Puttershoek
100,3297BH,Nassaulaan,Puttershoek
27,3295TC,Dauwrootstraat,'s-Gravendeel
38,3295XG,Gorsdijk,'s-Gravendeel
39,3295TD,Hekelstraat,'s-Gravendeel
33,3271LL,Westdijk,Mijnsheerenland
20,3295GA,Geuldam,'s-Gravendeel
245,3295CK,Hendrik Hamerstraat,'s-Gravendeel
27,3295PH,Kleine Vos,'s-Gravendeel
26,3271TL,Hertoglaan,Mijnsheerenland
42,3297AD,Eendrachtsweg,Puttershoek
24,3273LC,Grote Riethure,Westmaas
35,3271XE,Zandgors,Mijnsheerenland
20,3273XP,Groteweide,Westmaas
1,3271BS,Raadhuislaan,Mijnsheerenland
34,3295VP,Vezelstraat,'s-Gravendeel
96,3274BE,Dorpsstraat,Heinenoord
52,3273CB,Johannes Kolfstraat,Westmaas
19,3295BL,Noord Voorstraat,'s-Gravendeel
41,3295CN,Roterijstraat,'s-Gravendeel
125,3295CT,Weegje,'s-Gravendeel
18,3297GD,Biezenbleek,Puttershoek
17,3271VC,Hoofdland,Mijnsheerenland
19,3273AM,Margrietlaan,Westmaas
65,3297CP,Wilhelminastraat,Puttershoek
25,3274KB,Oosteinde,Heinenoord
12,3295VP,Vezelstraat,'s-Gravendeel
1,3274BN,Tienvoet,Heinenoord
3,3271LN,Achterweg,Mijnsheerenland
96,3295LE,Molendijk,'s-Gravendeel
20,3299BT,Lijster,Maasdam
38,3273LE,Munnikendijk,Westmaas
1,3297VL,Zuidster,Puttershoek
11,3297DB,De Putter,Puttershoek
34,3295LL,Onder de molen,'s-Gravendeel
44,3295XD,Boven Havendijk,'s-Gravendeel
16,3274CT,Avenhil,Heinenoord
17,3295XW,Van der Merckstraat,'s-Gravendeel
1,3295GK,Singelhof,'s-Gravendeel
46,3274AE,Irenestraat,Heinenoord
5,3274CH,Kalesland,Heinenoord
29,3274AK,Oranjestraat,Heinenoord
81,3297BT,Singel,Puttershoek
29,3297TZ,Wiekenkruis,Puttershoek
41,3273AX,Rootweide,Westmaas
24,3295BG,Kooijstraat,'s-Gravendeel
2,3271BA,Van der Straatenplein,Mijnsheerenland
9,3297WK,Kleefkruid,Puttershoek
10,3271BT,Raadhuislaan,Mijnsheerenland
2,3273AB,Beatrixlaan,Westmaas
3,3297WL,Dauwbraam,Puttershoek
10,3295PJ,Kleine Vos,'s-Gravendeel
13,3295VR,Weverijstraat,'s-Gravendeel
255,3295CT,Weegje,'s-Gravendeel
13,3297VE,Polaris,Puttershoek
20,3295GT,Boezembaan,'s-Gravendeel
30,3299BN,Trambaan,Maasdam
1,3273BB,Beneden Nieuwstraat,Westmaas
40,3271AC,Eendrachtslaan,Mijnsheerenland
2,3273LG,Munnikenweg,Westmaas
18,3295GA,Geuldam,'s-Gravendeel
8,3297DC,De Pelikaan,Puttershoek
5,3297BC,Magnoliastraat,Puttershoek
47,3295TM,Vlasstraat,'s-Gravendeel
49,3274MC,Prof. Teldersstraat,Heinenoord
16,3274AE,Irenestraat,Heinenoord
3,3295AA,Badhuisstraat,'s-Gravendeel
44,3297XK,Hazelaarstraat,Puttershoek
102,3271LK,Reedijk,Mijnsheerenland
19,3295TK,Schelfstraat,'s-Gravendeel
16,3274CB,De Laagjes,Heinenoord
29,3295XS,Nieuweweg,'s-Gravendeel
16,3273LK,Smidsweg,Westmaas
46,3271AC,Eendrachtslaan,Mijnsheerenland
8,3295TB,Bootstraat,'s-Gravendeel
126,3297AW,Zijdewinde,Puttershoek
34,3297WR,Dotter,Puttershoek
20,3274BH,Goidschalxoordsedijk,Heinenoord
14,3274LE,Blaaksedijk West,Heinenoord
50,3271VC,Hoofdland,Mijnsheerenland
3,3297ED,Dwarsstraat,Puttershoek
1,3274LZ,Langeweg,Heinenoord
2,3295CC,Constantijnstraat,'s-Gravendeel
29,3274KJ,Nijverheidsweg,Heinenoord
147,3295AE,Bevershoekstraat,'s-Gravendeel
53,3297CP,Wilhelminastraat,Puttershoek
2,3297EL,Pieter Abelszstraat,Puttershoek
9,3297XC,Elzenstraat,Puttershoek
42,3273XJ,Cabbeweide,Westmaas
21,3271AA,Burg.de Jongplein,Mijnsheerenland
37,3271XC,Rietgors,Mijnsheerenland
9,3274KE,Reedijk,Heinenoord
10,3271VJ,Vrijland,Mijnsheerenland
82,3297BH,Nassaulaan,Puttershoek
118,3297AW,Zijdewinde,Puttershoek
53,3297DA,Schorredijk,Puttershoek
39,3297WE,Penningkruid,Puttershoek
8,3274LP,Mollekade,Heinenoord
38,3295AX,Verbruggestraat,'s-Gravendeel
4,3271TA,Doelenstraat,Mijnsheerenland
12,3295CC,Constantijnstraat,'s-Gravendeel
26,3295VP,Vezelstraat,'s-Gravendeel
1,3295SR,Korenbloemerf,'s-Gravendeel
52,3274CS,Wouter van den Walestr,Heinenoord
26,3297AE,Gerrit de Voslaan,Puttershoek
11,3295KK,Schenkeltje,'s-Gravendeel
7,3295RK,Liserf,'s-Gravendeel
30,3299BZ,Leeuwerik,Maasdam
36,3299BZ,Leeuwerik,Maasdam
3,3295SJ,Hyacinterf,'s-Gravendeel
65,3295WC,Lindehof,'s-Gravendeel
26,3299LZ,Vlasoever,Maasdam
40,3295SC,Crocuserf,'s-Gravendeel
1,3271DA,Vorderban,Mijnsheerenland
24,3274CK,Martin Luther Kingstraat,Heinenoord
17,3271VE,Vlietland,Mijnsheerenland
10,3273AK,Kartuizerveld,Westmaas
134,3295KR,Strijenseweg,'s-Gravendeel
47,3297TK,Standerdmolen,Puttershoek
21,3295KB,De Wacht,'s-Gravendeel
13,3297BW,Wilgenlaan,Puttershoek
50,3297CT,Oranjelaan Westzijde,Puttershoek
9,3297CC,Irenestraat,Puttershoek
15,3295AW,Van Heesenstraat,'s-Gravendeel
47,3271BB,Elisabeth van Loonstraat,Mijnsheerenland
5,3299XE,Rijnstraat,Maasdam
19,3295AN,Marijkestraat,'s-Gravendeel
7,3297GB,Biezenweide,Puttershoek
8,3273LC,Grote Riethure,Westmaas
42,3273AW,Prins Willem Alexanderln,Westmaas
40,3297TE,Bovenkruier,Puttershoek
21,3274AC,Emmastraat,Heinenoord
25,3295TK,Schelfstraat,'s-Gravendeel
6,3295KH,Mijlweg,'s-Gravendeel
11,3297XP,Meidoornstraat,Puttershoek
2,3295AV,Schoolstraat,'s-Gravendeel
30,3297WH,Penningkruid,Puttershoek
5,3295CA,Alexanderstraat,'s-Gravendeel
51,3271BB,Elisabeth van Loonstraat,Mijnsheerenland
11,3295AZ,Wilhelminastraat,'s-Gravendeel
26,3271VB,Cijnsland,Mijnsheerenland
49,3295TH,Lijnzaadstraat,'s-Gravendeel
8,3299XG,Sportlaan,Maasdam
19,3299XC,Merwedestraat,Maasdam
1,3297AH,Kerkstoep,Puttershoek
32,3273CB,Johannes Kolfstraat,Westmaas
16,3297XC,Elzenstraat,Puttershoek
44,3297VG,Polaris,Puttershoek
12,3297EP,Rembrandtstraat,Puttershoek
5,3295PH,Kleine Vos,'s-Gravendeel
37,3297CW,Prinsenhof,Puttershoek
56,3271VC,Hoofdland,Mijnsheerenland
22,3295LG,Eerste Kruisweg,'s-Gravendeel
4,3271BC,Elisabeth van Loonstraat,Mijnsheerenland
27,3297WK,Kleefkruid,Puttershoek
12,3297TP,Sterrenlaan,Puttershoek
8,3297CG,Margrietstraat,Puttershoek
11,3271BV,ter Kuilestraat,Mijnsheerenland
81,3295WC,Lindehof,'s-Gravendeel
9,3299AT,van der Duyn v Maasdamln,Maasdam
27,3299BS,Fazant,Maasdam
8,3297WR,Dotter,Puttershoek
61,3295CN,Roterijstraat,'s-Gravendeel
67,3274BC,Dorpsstraat,Heinenoord
60,3273XK,Cabbeweide,Westmaas
26,3295TN,Vlasstraat,'s-Gravendeel
47,3297XG,Hazelaarstraat,Puttershoek
27,3274KE,Reedijk,Heinenoord
23,3271AA,Burg.de Jongplein,Mijnsheerenland
18,3299XJ,Spuistraat,Maasdam
74,3271BN,Molenvlietlaan,Mijnsheerenland
55,3295CD,Constantijnstraat,'s-Gravendeel
41,3297VE,Polaris,Puttershoek
4,3274AG,Julianastraat,Heinenoord
11,3271XC,Rietgors,Mijnsheerenland
33,3295RN,Seringenstraat,'s-Gravendeel
41,3295VL,Spinnerijstraat,'s-Gravendeel
10,3295VH,Lokkenstraat,'s-Gravendeel
85,3295ED,Schenkeldijk,'s-Gravendeel
2,3274BN,Tienvoet,Heinenoord
18,3299BN,Trambaan,Maasdam
31,3295VG,Lokkenstraat,'s-Gravendeel
205,3271LP,Blaaksedijk,Mijnsheerenland
6,3295RN,Seringenstraat,'s-Gravendeel
49,3295AH,Groene Kruisstraat,'s-Gravendeel
28,3297WD,Speenkruid,Puttershoek
80,3297CT,Oranjelaan Westzijde,Puttershoek
18,3271TP,Koningspark,Mijnsheerenland
76,3274CS,Wouter van den Walestr,Heinenoord
21,3295GJ,Singel,'s-Gravendeel
12,3271TA,Doelenstraat,Mijnsheerenland
44,3297WC,Gele lis,Puttershoek
46,3299XD,Merwedestraat,Maasdam
11,3297WR,Dotter,Puttershoek
20,3274CT,Avenhil,Heinenoord
39,3295KG,Mijlweg,'s-Gravendeel
2,3297BA,Jasmijnstraat,Puttershoek
10,3274CK,Martin Luther Kingstraat,Heinenoord
46,3271BZ,Wilhelminastraat,Mijnsheerenland
2,3295GB,Lek,'s-Gravendeel
5,3297AG,Hammerfestlaan,Puttershoek
15,3295TK,Schelfstraat,'s-Gravendeel
17,3273AA,Beatrixlaan,Westmaas
17,3295AW,Van Heesenstraat,'s-Gravendeel
95,3295BP,Roodenburg Vermaatstraat,'s-Gravendeel
171,3295CT,Weegje,'s-Gravendeel
16,3297AP,Ring,Puttershoek
10,3295GV,Poldervaart,'s-Gravendeel
10,3274KD,Oud-Heinenoordseweg,Heinenoord
6,3299BK,Molenlaan,Maasdam
2,3297WP,Barbarakruid,Puttershoek
38,3274BH,Goidschalxoordsedijk,Heinenoord
54,3295BS,Rijkestraat,'s-Gravendeel
10,3271BR,Nieuwegeer,Mijnsheerenland
46,3274BA,Buitendijk,Heinenoord
1,3273LB,Blauwesteenweg,Westmaas
1,3273LJ,Smidsweg,Westmaas
24,3295KM,Strijensedijk,'s-Gravendeel
14,3295AT,Oranjestraat,'s-Gravendeel
16,3295HB,Graaflandweg,'s-Gravendeel
59,3295KV,Griendweg,'s-Gravendeel
5,3273LL,Stougjesdijk,Westmaas
5,3295VJ,Schevenstraat,'s-Gravendeel
29,3273AX,Rootweide,Westmaas
51,3297VL,Zuidster,Puttershoek
2,3297TV,Wipmolen,Puttershoek
23,3274AJ,Marijkestraat,Heinenoord
23,3295GE,Kreekpad,'s-Gravendeel
91,3274CG,John F. Kennedystraat,Heinenoord
25,3271TB,Frederik van Eedenstraat,Mijnsheerenland
10,3273AR,Nieuwstraat,Westmaas
16,3295GH,Kreekstraat,'s-Gravendeel
9,3295XL,Hiesveltstraat,'s-Gravendeel
29,3271VH,Vrijland,Mijnsheerenland
66,3297AV,Schouteneinde,Puttershoek
31,3295EB,Ronduitstraat,'s-Gravendeel
1,3295VA,Batiststraat,'s-Gravendeel
11,3297WN,Valeriaan,Puttershoek
7,3295RC,Gladioolerf,'s-Gravendeel
46,3299LZ,Vlasoever,Maasdam
5,3271TH,Schoutlaan,Mijnsheerenland
36,3274BD,Dorpsstraat,Heinenoord
3,3295LG,Eerste Kruisweg,'s-Gravendeel
71,3295VL,Spinnerijstraat,'s-Gravendeel
10,3273XG,Vlasakkers,Westmaas
1,3297CC,Irenestraat,Puttershoek
55,3271AJ,Laan van Moerkerken,Mijnsheerenland
20,3273AM,Margrietlaan,Westmaas
39,3274BG,Goidschalxoordsedijk,Heinenoord
26,3297GJ,Biezenvlechter,Puttershoek
7,3271VH,Vrijland,Mijnsheerenland
6,3273XD,Leeuwendaal,Westmaas
5,3273AM,Margrietlaan,Westmaas
109,3271BJ,Laan van Westmolen,Mijnsheerenland
21,3297GJ,Biezenvlechter,Puttershoek
36,3299BL,Molenlaan,Maasdam
2,3274LJ,de Ruyterstraat,Heinenoord
2,3299AS,van Limburg Stirumlaan,Maasdam
88,3299AH,Hoeksedijk,Maasdam
35,3271BJ,Laan van Westmolen,Mijnsheerenland
33,3271AB,Eendrachtslaan,Mijnsheerenland
28,3295VP,Vezelstraat,'s-Gravendeel
2,3295BA,Achterdijk,'s-Gravendeel
85,3295TH,Lijnzaadstraat,'s-Gravendeel
38,3295XR,Leerambachtstraat,'s-Gravendeel
11,3299BH,Molenlaan,Maasdam
5,3295AJ,In 't Veldstraat,'s-Gravendeel
61,3295TD,Hekelstraat,'s-Gravendeel
13,3295BE,Kooijstraat,'s-Gravendeel
18,3295AB,Beatrixstraat,'s-Gravendeel
34,3297EE,Dwarsstraat,Puttershoek
19,3295GT,Boezembaan,'s-Gravendeel
31,3295BD,Kerkstraat,'s-Gravendeel
15,3297WN,Valeriaan,Puttershoek
6,3274BL,Kerkplein,Heinenoord
14,3271AK,Laan van Moerkerken,Mijnsheerenland
3,3295GJ,Singel,'s-Gravendeel
36,3295PC,Atalanta,'s-Gravendeel
4,3274LV,van Galenstraat,Heinenoord
15,3273AM,Margrietlaan,Westmaas
23,3295BB,Hoefpad,'s-Gravendeel
18,3295RE,Leliestraat,'s-Gravendeel
3,3295LL,Onder de molen,'s-Gravendeel
77,3273AX,Rootweide,Westmaas
33,3295PH,Kleine Vos,'s-Gravendeel
8,3297CB,Prins Bernhardlaan,Puttershoek
3,3295KJ,Platte Schenkel,'s-Gravendeel
35,3297WK,Kleefkruid,Puttershoek
23,3271XE,Zandgors,Mijnsheerenland
38,3297GD,Biezenbleek,Puttershoek
89,3297XA,Eikenlaan,Puttershoek
2,3295GK,Singelhof,'s-Gravendeel
12,3295VE,Linnenstraat,'s-Gravendeel
23,3274LN,Mollekade,Heinenoord
61,3271LL,Westdijk,Mijnsheerenland
7,3271TJ,Gravinnenlaan,Mijnsheerenland
29,3274KH,Kuipersveer,Heinenoord
26,3295BV,Smidsweg,'s-Gravendeel
19,3295EK,Zweedsestraat,'s-Gravendeel
2,3295XJ,Havenstraat,'s-Gravendeel
21,3297TA,Binnenkruier,Puttershoek
7,3295SR,Korenbloemerf,'s-Gravendeel
54,3271XL,Zeggegors,Mijnsheerenland
5,3295AW,Van Heesenstraat,'s-Gravendeel
26,3295GN,Vlietstraat,'s-Gravendeel
11,3295XL,Hiesveltstraat,'s-Gravendeel
9,3297CX,M치ximaplein,Puttershoek
24,3297GJ,Biezenvlechter,Puttershoek
16,3295GN,Vlietstraat,'s-Gravendeel
2,3297AN,Osloplein,Puttershoek
20,3299BN,Trambaan,Maasdam
30,3299BS,Fazant,Maasdam
53,3299BP,van der Doeslaan,Maasdam
7,3295BD,Kerkstraat,'s-Gravendeel
9,3295SN,Klaprooslaan,'s-Gravendeel
5,3295BH,Kortestraat,'s-Gravendeel
16,3299AB,Burg G de Katerstraat,Maasdam
36,3295VP,Vezelstraat,'s-Gravendeel
36,3271TM,Ambachtsherenlaan,Mijnsheerenland
11,3297BZ,Te Hoecke,Puttershoek
121,3297XH,Hazelaarstraat,Puttershoek
20,3274LE,Blaaksedijk West,Heinenoord
60,3297CT,Oranjelaan Westzijde,Puttershoek
1,3295VN,Vezelstraat,'s-Gravendeel
28,3271XB,Lisgors,Mijnsheerenland
10,3295GZ,Plaszoom,'s-Gravendeel
9,3273LB,Blauwesteenweg,Westmaas
3,3273AJ,Kartuizerveld,Westmaas
24,3273AV,Prins Willem Alexanderln,Westmaas
2,3295TN,Vlasstraat,'s-Gravendeel
73,3297XG,Hazelaarstraat,Puttershoek
45,3274LK,Doormanstraat,Heinenoord
5,3274CV,Boerengorzen,Heinenoord
66,3295TN,Vlasstraat,'s-Gravendeel
9,3273AM,Margrietlaan,Westmaas
81,3297BE,Nassaulaan,Puttershoek
87,3299LX,Oud Bonaventurasedijk,Maasdam
26,3297WR,Dotter,Puttershoek
13,3273CA,Johannes Kolfstraat,Westmaas
52,3274KG,Westdijk,Heinenoord
6,3295KB,De Wacht,'s-Gravendeel
51,3295SR,Korenbloemerf,'s-Gravendeel
21,3295GV,Poldervaart,'s-Gravendeel
26,3299BK,Molenlaan,Maasdam
26,3274BJ,Hofplein,Heinenoord
5,3271BB,Elisabeth van Loonstraat,Mijnsheerenland
10,3274CG,John F. Kennedystraat,Heinenoord
100,3295TG,Hekelstraat,'s-Gravendeel
53,3295RA,Anjerstraat,'s-Gravendeel
5,3297LE,Rustenburgstraat,Puttershoek
90,3295WG,Lindehof,'s-Gravendeel
17,3295AH,Groene Kruisstraat,'s-Gravendeel
26,3271VG,Vlietland,Mijnsheerenland
24,3295PG,Dagpauwoog,'s-Gravendeel
49,3295TM,Vlasstraat,'s-Gravendeel
2,3274MA,Rietwaard,Heinenoord
53,3297XR,Plataanstraat,Puttershoek
58,3297AJ,Laan van Heemstede,Puttershoek
21,3295BB,Hoefpad,'s-Gravendeel
57,3299BP,van der Doeslaan,Maasdam
24,3297AL,Maasdamsedijk,Puttershoek
22,3295VM,Spinnerijstraat,'s-Gravendeel
12,3274BP,Willem Alexanderplein,Heinenoord
4,3295KD,Lagedijk,'s-Gravendeel
84,3271AL,Laan van Moerkerken,Mijnsheerenland
54,3299BS,Fazant,Maasdam
4,3271XH,Zandgors,Mijnsheerenland
18,3295RA,Anjerstraat,'s-Gravendeel
8,3295VD,Damaststraat,'s-Gravendeel
82,3297CT,Oranjelaan Westzijde,Puttershoek
47,3271AB,Eendrachtslaan,Mijnsheerenland
6,3295XV,Vaarzon Morelstraat,'s-Gravendeel
52,3299XD,Merwedestraat,Maasdam
23,3274KH,Kuipersveer,Heinenoord
77,3273LD,Munnikendijk,Westmaas
15,3271TE,Binnenbans,Mijnsheerenland
3,3295RN,Seringenstraat,'s-Gravendeel
65,3297BL,Pieter Repelaerstraat,Puttershoek
20,3297XB,Eikenlaan,Puttershoek
3,3295TC,Dauwrootstraat,'s-Gravendeel
8,3297WC,Gele lis,Puttershoek
8,3295CT,Weegje,'s-Gravendeel
75,3299WC,de Heul,Maasdam
15,3297ED,Dwarsstraat,Puttershoek
13,3299AA,Burg G de Katerstraat,Maasdam
3,3274CW,Abraham Kuyperhof,Heinenoord
36,3299XG,Sportlaan,Maasdam
27,3295PE,Dagpauwoog,'s-Gravendeel
90,3271BK,Laan van Westmolen,Mijnsheerenland
20,3295AB,Beatrixstraat,'s-Gravendeel
4,3271BE,Julianastraat,Mijnsheerenland
13,3274BP,Willem Alexanderplein,Heinenoord
83,3297TD,Bovenkruier,Puttershoek
33,3299LT,Zwanegatsedijk,Maasdam
3,3295CA,Alexanderstraat,'s-Gravendeel
12,3271TM,Ambachtsherenlaan,Mijnsheerenland
83,3297WG,Penningkruid,Puttershoek
20,3299LV,Binnenmaasoever,Maasdam
72,3295TN,Vlasstraat,'s-Gravendeel
11,3295SR,Korenbloemerf,'s-Gravendeel
23,3271LL,Westdijk,Mijnsheerenland
17,3271XA,Lisgors,Mijnsheerenland
9,3274KG,Westdijk,Heinenoord
17,3295BD,Kerkstraat,'s-Gravendeel
1,3295EA,Breedveldstraat,'s-Gravendeel
16,3299BW,Roodborst,Maasdam
73,3295CG,Hendrik Hamerstraat,'s-Gravendeel
6,3297XD,Goudenregenstraat,Puttershoek
5,3271LD,Brabersweg,Mijnsheerenland
188,3297BK,Nassaulaan,Puttershoek
8,3295GR,Wetering,'s-Gravendeel
33,3274BM,Sluisendijk,Heinenoord
7,3274AD,Irenestraat,Heinenoord
19,3271XM,Grasgors,Mijnsheerenland
5,3295VA,Batiststraat,'s-Gravendeel
2,3297DC,De Pelikaan,Puttershoek
11,3299XC,Merwedestraat,Maasdam
49,3295WC,Lindehof,'s-Gravendeel
4,3271LW,Provincialeweg,Mijnsheerenland
26,3273CB,Johannes Kolfstraat,Westmaas
114,3297AW,Zijdewinde,Puttershoek
22,3297LC,Molendijk,Puttershoek
3,3297EL,Pieter Abelszstraat,Puttershoek
20,3295LL,Onder de molen,'s-Gravendeel
13,3297TT,Wipmolen,Puttershoek
13,3295CC,Constantijnstraat,'s-Gravendeel
39,3297BA,Jasmijnstraat,Puttershoek
36,3297WC,Gele lis,Puttershoek
35,3271VE,Vlietland,Mijnsheerenland
120,3271KG,Stougjesdijk,Mijnsheerenland
3,3295AC,Bernhardstraat,'s-Gravendeel
71,3271XG,Zandgors,Mijnsheerenland
54,3299LC,Gatsedijk,Maasdam
4,3297VB,Hamal,Puttershoek
8,3295SP,Klaprooslaan,'s-Gravendeel
22,3297WB,De Grienden,Puttershoek
15,3271AG,Lodewijk van Praetstraat,Mijnsheerenland
48,3273LE,Munnikendijk,Westmaas
30,3297AE,Gerrit de Voslaan,Puttershoek
14,3297EE,Dwarsstraat,Puttershoek
32,3297EC,Arie van Drielstraat,Puttershoek
2,3297WC,Gele lis,Puttershoek
57,3273AX,Rootweide,Westmaas
45,3295EC,Schenkeldijk,'s-Gravendeel
21,3297BS,Singel,Puttershoek
46,3299BD,Dorpsstraat,Maasdam
7,3273AE,Haagje,Westmaas
6,3297CX,M치ximaplein,Puttershoek
25,3295RJ,Jasmijnstraat,'s-Gravendeel
16,3297BZ,Te Hoecke,Puttershoek
151,3271KB,Stougjesdijk,Mijnsheerenland
52,3271TA,Doelenstraat,Mijnsheerenland
4,3297AP,Ring,Puttershoek
51,3297CW,Prinsenhof,Puttershoek
17,3295GG,Kreekstraat,'s-Gravendeel
6,3274MC,Prof. Teldersstraat,Heinenoord
10,3274CH,Kalesland,Heinenoord
2,3273LA,Zinkweg of 1e Kruisweg,Westmaas
53,3297EB,Arie van Drielstraat,Puttershoek
23,3299XN,Boezemvliet,Maasdam
6,3274LL,Gorzenweg,Heinenoord
26,3297VG,Polaris,Puttershoek
6,3274CT,Avenhil,Heinenoord
26,3297AB,Arent van Lierstraat,Puttershoek
43,3297AS,Schouteneinde,Puttershoek
16,3297TH,Standerdmolen,Puttershoek
74,3297GA,Biezengors,Puttershoek
8,3299BE,Kastanjelaan,Maasdam
61,3271BS,Raadhuislaan,Mijnsheerenland
1,3274KE,Reedijk,Heinenoord
16,3295AB,Beatrixstraat,'s-Gravendeel
18,3273XN,Boomweide,Westmaas
16,3295XS,Nieuweweg,'s-Gravendeel
9,3271AA,Burg.de Jongplein,Mijnsheerenland
17,3295TH,Lijnzaadstraat,'s-Gravendeel
13,3295BC,Korte Smidsweg,'s-Gravendeel
107,3295CH,Hendrik Hamerstraat,'s-Gravendeel
14,3295BR,Roodenburg Vermaatstraat,'s-Gravendeel
29,3295VG,Lokkenstraat,'s-Gravendeel
8,3295XX,Van der Merckstraat,'s-Gravendeel
87,3299WC,de Heul,Maasdam
13,3271BW,van der Waalstraat,Mijnsheerenland
17,3295SZ,Zonnebloemlaan,'s-Gravendeel
13,3299CA,Grutto,Maasdam
6,3297BW,Wilgenlaan,Puttershoek
28,3299WH,de Heul,Maasdam
263,3295CT,Weegje,'s-Gravendeel
11,3271LC,Boomgaardstraat,Mijnsheerenland
48,3274BA,Buitendijk,Heinenoord
8,3273XG,Vlasakkers,Westmaas
19,3271BJ,Laan van Westmolen,Mijnsheerenland
14,3295LB,Boendersweg,'s-Gravendeel
27,3297XA,Eikenlaan,Puttershoek
48,3271VC,Hoofdland,Mijnsheerenland
16,3273LG,Munnikenweg,Westmaas
99,3273LM,Stougjesdijk,Westmaas
21,3273AJ,Kartuizerveld,Westmaas
8,3295TK,Schelfstraat,'s-Gravendeel
22,3297AE,Gerrit de Voslaan,Puttershoek
6,3295AX,Verbruggestraat,'s-Gravendeel
19,3297ER,Pieter v Slingelandtstr,Puttershoek
20,3295LG,Eerste Kruisweg,'s-Gravendeel
28,3274CG,John F. Kennedystraat,Heinenoord
28,3297GL,Biezenbloker,Puttershoek
37,3273LL,Stougjesdijk,Westmaas
66,3295CS,Van Groningenstraat,'s-Gravendeel
2,3299AN,Parallelweg,Maasdam
4,3295BR,Roodenburg Vermaatstraat,'s-Gravendeel
12,3295AX,Verbruggestraat,'s-Gravendeel
2,3295RH,Vioolerf,'s-Gravendeel
35,3295VJ,Schevenstraat,'s-Gravendeel
9,3295TA,Bolkafstraat,'s-Gravendeel
20,3295RG,Narcisstraat,'s-Gravendeel
12,3295LB,Boendersweg,'s-Gravendeel
25,3295GM,Vlietstraat,'s-Gravendeel
28,3271XN,Grasgors,Mijnsheerenland
15,3295AN,Marijkestraat,'s-Gravendeel
69,3295CN,Roterijstraat,'s-Gravendeel
10,3299BN,Trambaan,Maasdam
17,3297AP,Ring,Puttershoek
85,3297TL,Standerdmolen,Puttershoek
26,3274CH,Kalesland,Heinenoord
26,3295CC,Constantijnstraat,'s-Gravendeel
164,3295KS,Strijenseweg,'s-Gravendeel
5,3297EN,Paulus Potterstraat,Puttershoek
18,3295RB,Dahliastraat,'s-Gravendeel
19,3295BN,Roodenburg Vermaatstraat,'s-Gravendeel
77,3297XA,Eikenlaan,Puttershoek
255,3295CK,Hendrik Hamerstraat,'s-Gravendeel
20,3273LE,Munnikendijk,Westmaas
22,3299XE,Rijnstraat,Maasdam
7,3295RA,Anjerstraat,'s-Gravendeel
47,3271AH,Laan van Moerkerken,Mijnsheerenland
217,3295CT,Weegje,'s-Gravendeel
16,3295TJ,Lijnzaadstraat,'s-Gravendeel
53,3271LL,Westdijk,Mijnsheerenland
61,3295ED,Schenkeldijk,'s-Gravendeel
14,3273LK,Smidsweg,Westmaas
24,3271CA,Maasdijk,Mijnsheerenland
5,3299LA,Gatsedijk,Maasdam
21,3297AK,Maasdamsedijk,Puttershoek
55,3271BL,Molenvlietlaan,Mijnsheerenland
34,3295HB,Graaflandweg,'s-Gravendeel
45,3271XG,Zandgors,Mijnsheerenland
179,3295CT,Weegje,'s-Gravendeel
10,3274MC,Prof. Teldersstraat,Heinenoord
45,3273CA,Johannes Kolfstraat,Westmaas
8,3299LS,Zuiddijk,Maasdam
10,3271DB,Stelleveld,Mijnsheerenland
17,3299BP,van der Doeslaan,Maasdam
1,3295KJ,Platte Schenkel,'s-Gravendeel
57,3295TH,Lijnzaadstraat,'s-Gravendeel
16,3299WH,de Heul,Maasdam
263,3295CK,Hendrik Hamerstraat,'s-Gravendeel
11,3297CD,Julianastraat,Puttershoek
192,3297BK,Nassaulaan,Puttershoek
54,3271BR,Nieuwegeer,Mijnsheerenland
8,3274KE,Reedijk,Heinenoord
42,3295VD,Damaststraat,'s-Gravendeel
53,3297WE,Penningkruid,Puttershoek
7,3274KJ,Nijverheidsweg,Heinenoord
7,3274CB,De Laagjes,Heinenoord
24,3271VJ,Vrijland,Mijnsheerenland
14,3295SW,Tuinstraat,'s-Gravendeel
10,3297VK,Wega,Puttershoek
6,3273AE,Haagje,Westmaas
24,3295AB,Beatrixstraat,'s-Gravendeel
10,3274CE,Hermannushof,Heinenoord
2,3295KT,Viltweg,'s-Gravendeel
24,3295RD,Lavendelpad,'s-Gravendeel
1,3271LJ,Papeweg,Mijnsheerenland
90,3271AL,Laan van Moerkerken,Mijnsheerenland
37,3274LA,Blaaksedijk Oost,Heinenoord
48,3297CT,Oranjelaan Westzijde,Puttershoek
10,3271LV,Polderweg,Mijnsheerenland
5,3295LJ,Molenvliet,'s-Gravendeel
1,3299BW,Roodborst,Maasdam
28,3299BT,Lijster,Maasdam
16,3295BV,Smidsweg,'s-Gravendeel
2,3299BE,Kastanjelaan,Maasdam
10,3295SV,Rozenerf,'s-Gravendeel
50,3297GB,Biezenweide,Puttershoek
1,3295BA,Achterdijk,'s-Gravendeel
32,3271VC,Hoofdland,Mijnsheerenland
62,3271XL,Zeggegors,Mijnsheerenland
8,3299LB,Gatsedijk,Maasdam
25,3273XP,Groteweide,Westmaas
30,3271TL,Hertoglaan,Mijnsheerenland
10,3299LS,Zuiddijk,Maasdam
5,3299BV,Merel,Maasdam
95,3299AE,Hoeksedijk,Maasdam
227,3295CT,Weegje,'s-Gravendeel
4,3295LH,Meeuwenoordseweg,'s-Gravendeel
12,3297XC,Elzenstraat,Puttershoek
2,3299BN,Trambaan,Maasdam
39,3299AP,Raadhuisstraat,Maasdam
47,3299LL,Polderdijk,Maasdam
27,3295SX,Tulpstraat,'s-Gravendeel
9,3295VL,Spinnerijstraat,'s-Gravendeel
7,3297XD,Goudenregenstraat,Puttershoek
22,3295GA,Geuldam,'s-Gravendeel
18,3274CA,Andries Wouterszhof,Heinenoord
29,3295TK,Schelfstraat,'s-Gravendeel
6,3295BC,Korte Smidsweg,'s-Gravendeel
129,3295KP,Strijenseweg,'s-Gravendeel
16,3299XM,Waalstraat,Maasdam
5,3271LW,Provincialeweg,Mijnsheerenland
8,3295BC,Korte Smidsweg,'s-Gravendeel
79,3297XG,Hazelaarstraat,Puttershoek
32,3295EL,Zweedsestraat,'s-Gravendeel
27,3273LJ,Smidsweg,Westmaas
26,3297TS,Tjasker,Puttershoek
51,3271AB,Eendrachtslaan,Mijnsheerenland
4,3299BE,Kastanjelaan,Maasdam
13,3271AM,Molenweg,Mijnsheerenland
14,3295GW,Welhof,'s-Gravendeel
9,3297EN,Paulus Potterstraat,Puttershoek
18,3297VA,Andromeda,Puttershoek
4,3295ST,Korenbloemerf,'s-Gravendeel
3,3295LZ,Boomdijk,'s-Gravendeel
26,3295PC,Atalanta,'s-Gravendeel
30,3274CR,Wouter van den Walestr,Heinenoord
35,3273XC,Leeuwendaal,Westmaas
47,3297WN,Valeriaan,Puttershoek
5,3297CG,Margrietstraat,Puttershoek
34,3297BB,Kastanjelaan,Puttershoek
20,3297WC,Gele lis,Puttershoek
30,3295GA,Geuldam,'s-Gravendeel
152,3295WH,Lindehof,'s-Gravendeel
40,3274CD,Heyne van Althenastraat,Heinenoord
26,3274KG,Westdijk,Heinenoord
10,3297WD,Speenkruid,Puttershoek
14,3295GT,Boezembaan,'s-Gravendeel
12,3299WG,Poelwijk,Maasdam
46,3299XB,Kilstraat,Maasdam
8,3271TR,Edelman,Mijnsheerenland
2,3297CV,Oranjeplein,Puttershoek
3,3295AR,Oranjestraat,'s-Gravendeel
9,3274LL,Gorzenweg,Heinenoord
34,3274LC,Blaaksedijk Oost,Heinenoord
20,3295RE,Leliestraat,'s-Gravendeel
1,3295XP,Leerambachtstraat,'s-Gravendeel
12,3295TC,Dauwrootstraat,'s-Gravendeel
33,3295VL,Spinnerijstraat,'s-Gravendeel
5,3295GW,Welhof,'s-Gravendeel
12,3274AE,Irenestraat,Heinenoord
42,3295BV,Smidsweg,'s-Gravendeel
10,3273AZ,van Gaesbeekstraat,Westmaas
12,3297CC,Irenestraat,Puttershoek
49,3299WB,de Heul,Maasdam
4,3299BW,Roodborst,Maasdam
70,3274CL,Martin Luther Kingstraat,Heinenoord
7,3295AA,Badhuisstraat,'s-Gravendeel
12,3274AG,Julianastraat,Heinenoord
18,3297BZ,Te Hoecke,Puttershoek
47,3295RA,Anjerstraat,'s-Gravendeel
46,3297GB,Biezenweide,Puttershoek
7,3297GE,Biezenklamp,Puttershoek
22,3295ST,Korenbloemerf,'s-Gravendeel
16,3271AA,Burg.de Jongplein,Mijnsheerenland
27,3297TR,Tjasker,Puttershoek
29,3295EK,Zweedsestraat,'s-Gravendeel
249,3295CT,Weegje,'s-Gravendeel
38,3295PC,Atalanta,'s-Gravendeel
72,3274BD,Dorpsstraat,Heinenoord
21,3295BN,Roodenburg Vermaatstraat,'s-Gravendeel
18,3297WC,Gele lis,Puttershoek
12,3297EC,Arie van Drielstraat,Puttershoek
52,3271BZ,Wilhelminastraat,Mijnsheerenland
83,3295VL,Spinnerijstraat,'s-Gravendeel
25,3295SR,Korenbloemerf,'s-Gravendeel
21,3295TR,Akkerwinde,'s-Gravendeel
29,3295TH,Lijnzaadstraat,'s-Gravendeel
21,3297EJ,Nieuw Weverseinde,Puttershoek
31,3295BE,Kooijstraat,'s-Gravendeel
81,3295XB,Beneden Havendijk,'s-Gravendeel
46,3295GH,Kreekstraat,'s-Gravendeel
28,3297AT,Schouteneinde,Puttershoek
169,3295CT,Weegje,'s-Gravendeel
9,3274LN,Mollekade,Heinenoord
57,3295WC,Lindehof,'s-Gravendeel
11,3295TB,Bootstraat,'s-Gravendeel
11,3299BP,van der Doeslaan,Maasdam
7,3295HB,Graaflandweg,'s-Gravendeel
73,3299AD,Hoeksedijk,Maasdam
7,3295TA,Bolkafstraat,'s-Gravendeel
45,3297BE,Nassaulaan,Puttershoek
15,3297BS,Singel,Puttershoek
35,3299LT,Zwanegatsedijk,Maasdam
6,3297XC,Elzenstraat,Puttershoek
28,3297VA,Andromeda,Puttershoek
21,3274CG,John F. Kennedystraat,Heinenoord
34,3295SM,Irisstraat,'s-Gravendeel
3,3273LC,Grote Riethure,Westmaas
14,3295GH,Kreekstraat,'s-Gravendeel
19,3271VA,Aveling,Mijnsheerenland
12,3295PJ,Kleine Vos,'s-Gravendeel
13,3295VC,Damaststraat,'s-Gravendeel
20,3274MC,Prof. Teldersstraat,Heinenoord
33,3297WK,Kleefkruid,Puttershoek
25,3273AJ,Kartuizerveld,Westmaas
9,3273XP,Groteweide,Westmaas
8,3273AC,Breestraat,Westmaas
17,3295BB,Hoefpad,'s-Gravendeel
19,3295RN,Seringenstraat,'s-Gravendeel
10,3297XC,Elzenstraat,Puttershoek
16,3271BC,Elisabeth van Loonstraat,Mijnsheerenland
261,3295CT,Weegje,'s-Gravendeel
14,3274LJ,de Ruyterstraat,Heinenoord
81,3295TH,Lijnzaadstraat,'s-Gravendeel
138,3295WH,Lindehof,'s-Gravendeel
23,3273AM,Margrietlaan,Westmaas
11,3295TR,Akkerwinde,'s-Gravendeel
18,3295VH,Lokkenstraat,'s-Gravendeel
30,3295RB,Dahliastraat,'s-Gravendeel
9,3299BP,van der Doeslaan,Maasdam
37,3271BS,Raadhuislaan,Mijnsheerenland
25,3295RG,Narcisstraat,'s-Gravendeel
14,3297CA,Beatrixstraat,Puttershoek
3,3295PA,Atalanta,'s-Gravendeel
33,3271VA,Aveling,Mijnsheerenland
34,3273XN,Boomweide,Westmaas
17,3297BA,Jasmijnstraat,Puttershoek
18,3273AV,Prins Willem Alexanderln,Westmaas
8,3297EN,Paulus Potterstraat,Puttershoek
5,3297DC,De Pelikaan,Puttershoek
116,3299BS,Fazant,Maasdam
8,3271LD,Brabersweg,Mijnsheerenland
75,3295WC,Lindehof,'s-Gravendeel
52,3274AA,Beatrixstraat,Heinenoord
10,3295VM,Spinnerijstraat,'s-Gravendeel
22,3271TE,Binnenbans,Mijnsheerenland
63,3295VL,Spinnerijstraat,'s-Gravendeel
9,3295EA,Breedveldstraat,'s-Gravendeel
3,3299LT,Zwanegatsedijk,Maasdam
2,3297LC,Molendijk,Puttershoek
25,3295GJ,Singel,'s-Gravendeel
13,3295HB,Graaflandweg,'s-Gravendeel
33,3297TK,Standerdmolen,Puttershoek
6,3274KC,Oosteinde,Heinenoord
15,3297GH,Biezenveld,Puttershoek
11,3271DB,Stelleveld,Mijnsheerenland
12,3274BA,Buitendijk,Heinenoord
41,3297LE,Rustenburgstraat,Puttershoek
16,3273XG,Vlasakkers,Westmaas
13,3274BG,Goidschalxoordsedijk,Heinenoord
17,3297GA,Biezengors,Puttershoek
109,3299WC,de Heul,Maasdam
4,3299BA,Acacialaan,Maasdam
29,3297CS,Oranjelaan Oostzijde,Puttershoek
17,3299AT,van der Duyn v Maasdamln,Maasdam
3,3295VL,Spinnerijstraat,'s-Gravendeel
25,3297CD,Julianastraat,Puttershoek
43,3295TM,Vlasstraat,'s-Gravendeel
7,3297EN,Paulus Potterstraat,Puttershoek
4,3295RM,Azaleastraat,'s-Gravendeel
27,3273AJ,Kartuizerveld,Westmaas
74,3295EH,Schenkeldijk,'s-Gravendeel
34,3295EG,Schenkeldijk,'s-Gravendeel
12,3295CP,Roterijstraat,'s-Gravendeel
67,3297XG,Hazelaarstraat,Puttershoek
12,3274CJ,Kooimansland,Heinenoord
4,3295GT,Boezembaan,'s-Gravendeel
286,3271LR,Blaaksedijk,Mijnsheerenland
9,3299XE,Rijnstraat,Maasdam
21,3297TX,Grondzeiler,Puttershoek
4,3299BT,Lijster,Maasdam
14,3295CT,Weegje,'s-Gravendeel
8,3271BR,Nieuwegeer,Mijnsheerenland
87,3297XA,Eikenlaan,Puttershoek
64,3297WJ,Haagwinde,Puttershoek
64,3271BN,Molenvlietlaan,Mijnsheerenland
92,3295KH,Mijlweg,'s-Gravendeel
9,3271BV,ter Kuilestraat,Mijnsheerenland
101,3299LX,Oud Bonaventurasedijk,Maasdam
6,3295PC,Atalanta,'s-Gravendeel
69,3274LH,Boonsweg,Heinenoord
9,3299AL,Lageweg,Maasdam
9,3274LX,Zomerlandseweg,Heinenoord
57,3273CA,Johannes Kolfstraat,Westmaas
3,3273AE,Haagje,Westmaas
22,3271TA,Doelenstraat,Mijnsheerenland
19,3297GH,Biezenveld,Puttershoek
55,3299BJ,Molenlaan,Maasdam
10,3295BG,Kooijstraat,'s-Gravendeel
6,3273AV,Prins Willem Alexanderln,Westmaas
19,3295BC,Korte Smidsweg,'s-Gravendeel
20,3295SP,Klaprooslaan,'s-Gravendeel
14,3295RA,Anjerstraat,'s-Gravendeel
16,3295TE,Hekelstraat,'s-Gravendeel
5,3295GE,Kreekpad,'s-Gravendeel
50,3297AS,Schouteneinde,Puttershoek
50,3297AV,Schouteneinde,Puttershoek
51,3297BL,Pieter Repelaerstraat,Puttershoek
31,3295TR,Akkerwinde,'s-Gravendeel
10,3299XD,Merwedestraat,Maasdam
7,3297EJ,Nieuw Weverseinde,Puttershoek
55,3297DA,Schorredijk,Puttershoek
15,3297EP,Rembrandtstraat,Puttershoek
1,3297GG,Biezensnijder,Puttershoek
23,3271AH,Laan van Moerkerken,Mijnsheerenland
2,3295SC,Crocuserf,'s-Gravendeel
110,3295WG,Lindehof,'s-Gravendeel
199,3295CJ,Hendrik Hamerstraat,'s-Gravendeel
8,3273XP,Groteweide,Westmaas
1,3299LP,'s-Gravendeelseweg,Maasdam
1,3299XE,Rijnstraat,Maasdam
50,3295TN,Vlasstraat,'s-Gravendeel
72,3299LC,Gatsedijk,Maasdam
10,3271VB,Cijnsland,Mijnsheerenland
40,3295AH,Groene Kruisstraat,'s-Gravendeel
36,3274AA,Beatrixstraat,Heinenoord
15,3295KK,Schenkeltje,'s-Gravendeel
26,3274LH,Boonsweg,Heinenoord
10,3271LM,Westdijk,Mijnsheerenland
10,3271TR,Edelman,Mijnsheerenland
23,3297XA,Eikenlaan,Puttershoek
37,3299XC,Merwedestraat,Maasdam
12,3295AM,Margrietstraat,'s-Gravendeel
61,3295SR,Korenbloemerf,'s-Gravendeel
63,3299BJ,Molenlaan,Maasdam
4,3274LE,Blaaksedijk West,Heinenoord
2,3297CX,M치ximaplein,Puttershoek
36,3299LZ,Vlasoever,Maasdam
3,3271AG,Lodewijk van Praetstraat,Mijnsheerenland
24,3297XB,Eikenlaan,Puttershoek
10,3297GB,Biezenweide,Puttershoek
87,3295ED,Schenkeldijk,'s-Gravendeel
5,3295GT,Boezembaan,'s-Gravendeel
20,3295BG,Kooijstraat,'s-Gravendeel
4,3297VK,Wega,Puttershoek
7,3295VR,Weverijstraat,'s-Gravendeel
162,3295WH,Lindehof,'s-Gravendeel
61,3297WE,Penningkruid,Puttershoek
20,3295TA,Bolkafstraat,'s-Gravendeel
3,3274AK,Oranjestraat,Heinenoord
11,3274CT,Avenhil,Heinenoord
49,3297LE,Rustenburgstraat,Puttershoek
69,3297CP,Wilhelminastraat,Puttershoek
94,3299BD,Dorpsstraat,Maasdam
18,3299AR,van Hogendorplaan,Maasdam
14,3271AA,Burg.de Jongplein,Mijnsheerenland
24,3295GV,Poldervaart,'s-Gravendeel
19,3273AC,Breestraat,Westmaas
60,3271VC,Hoofdland,Mijnsheerenland
17,3274CB,De Laagjes,Heinenoord
5,3271LH,Maasweg,Mijnsheerenland
87,3295BP,Roodenburg Vermaatstraat,'s-Gravendeel
7,3274AJ,Marijkestraat,Heinenoord
19,3297TK,Standerdmolen,Puttershoek
25,3299LL,Polderdijk,Maasdam
152,3295KS,Strijenseweg,'s-Gravendeel
1,3273LH,Ritselaarsdijk,Westmaas
20,3295BK,Langestraat,'s-Gravendeel
28,3274BH,Goidschalxoordsedijk,Heinenoord
5,3271BX,Wilhelminastraat,Mijnsheerenland
41,3297CT,Oranjelaan Westzijde,Puttershoek
27,3273AN,Mastland,Westmaas
1,3297BX,Maerten Bollesteeg,Puttershoek
39,3299WB,de Heul,Maasdam
41,3299BW,Roodborst,Maasdam
105,3295CH,Hendrik Hamerstraat,'s-Gravendeel
96,3295EJ,Schenkeldijk,'s-Gravendeel
41,3297EB,Arie van Drielstraat,Puttershoek
34,3274CT,Avenhil,Heinenoord
75,3273AX,Rootweide,Westmaas
41,3299XK,Vliet,Maasdam
36,3297VG,Polaris,Puttershoek
15,3297XP,Meidoornstraat,Puttershoek
2,3299WJ,Striene,Maasdam
43,3274BC,Dorpsstraat,Heinenoord
14,3295AH,Groene Kruisstraat,'s-Gravendeel
19,3295TR,Akkerwinde,'s-Gravendeel
24,3271VD,Vingerling,Mijnsheerenland
62,3271AL,Laan van Moerkerken,Mijnsheerenland
20,3297WB,De Grienden,Puttershoek
45,3297BT,Singel,Puttershoek
73,3295WC,Lindehof,'s-Gravendeel
30,3297GB,Biezenweide,Puttershoek
63,3299AD,Hoeksedijk,Maasdam
11,3295AW,Van Heesenstraat,'s-Gravendeel
51,3295VB,Batiststraat,'s-Gravendeel
11,3297WK,Kleefkruid,Puttershoek
6,3295CR,Van Groningenstraat,'s-Gravendeel
28,3299LV,Binnenmaasoever,Maasdam
31,3295PH,Kleine Vos,'s-Gravendeel
49,3295PB,Atalanta,'s-Gravendeel
15,3295BS,Rijkestraat,'s-Gravendeel
4,3274AL,Willem de Zwijgerstraat,Heinenoord
27,3297ER,Pieter v Slingelandtstr,Puttershoek
66,3274LH,Boonsweg,Heinenoord
4,3273AX,Rootweide,Westmaas
4,3299WD,Weeda,Maasdam
41,3299XC,Merwedestraat,Maasdam
21,3295GG,Kreekstraat,'s-Gravendeel
16,3297BC,Magnoliastraat,Puttershoek
11,3297EP,Rembrandtstraat,Puttershoek
35,3297DA,Schorredijk,Puttershoek
1,3297XD,Goudenregenstraat,Puttershoek
1,3271LE,Buijensweg,Mijnsheerenland
3,3295KC,Kilweg,'s-Gravendeel
28,3297AJ,Laan van Heemstede,Puttershoek
3,3295AJ,In 't Veldstraat,'s-Gravendeel
55,3271VD,Vingerling,Mijnsheerenland
46,3271TA,Doelenstraat,Mijnsheerenland
15,3297EM,Pieter Boelenstraat,Puttershoek
53,3274LD,Blaaksedijk West,Heinenoord
7,3299AR,van Hogendorplaan,Maasdam
26,3299WJ,Striene,Maasdam
34,3295SC,Crocuserf,'s-Gravendeel
18,3297CS,Oranjelaan Oostzijde,Puttershoek
31,3295AJ,In 't Veldstraat,'s-Gravendeel
53,3297XG,Hazelaarstraat,Puttershoek
71,3299BJ,Molenlaan,Maasdam
12,3297CW,Prinsenhof,Puttershoek
4,3273XG,Vlasakkers,Westmaas
257,3295CK,Hendrik Hamerstraat,'s-Gravendeel
6,3297AN,Osloplein,Puttershoek
20,3271TA,Doelenstraat,Mijnsheerenland
14,3274CJ,Kooimansland,Heinenoord
52,3297BG,Nassaulaan,Puttershoek
17,3297GC,Biezendroger,Puttershoek
13,3274AD,Irenestraat,Heinenoord
35,3273AS,Prins Willem Alexanderln,Westmaas
10,3295BM,Nieuwstraat,'s-Gravendeel
215,3295CT,Weegje,'s-Gravendeel
68,3274CL,Martin Luther Kingstraat,Heinenoord
6,3299XL,Vliet,Maasdam
57,3297WN,Valeriaan,Puttershoek
25,3273XG,Vlasakkers,Westmaas
1,3297LC,Molendijk,Puttershoek
28,3273XP,Groteweide,Westmaas
29,3297LE,Rustenburgstraat,Puttershoek
20,3297CE,Julianastraat,Puttershoek
27,3299XN,Boezemvliet,Maasdam
4,3295BD,Kerkstraat,'s-Gravendeel
4,3297GJ,Biezenvlechter,Puttershoek
73,3273LM,Stougjesdijk,Westmaas
32,3297WD,Speenkruid,Puttershoek
4,3295CR,Van Groningenstraat,'s-Gravendeel
10,3295RD,Lavendelpad,'s-Gravendeel
11,3274BM,Sluisendijk,Heinenoord
1,3271BG,Kerkplein,Mijnsheerenland
13,3274CZ,Prof. Teldersstraat,Heinenoord
3,3271LV,Polderweg,Mijnsheerenland
4,3274LX,Zomerlandseweg,Heinenoord
95,3297TL,Standerdmolen,Puttershoek
31,3274BG,Goidschalxoordsedijk,Heinenoord
24,3299XD,Merwedestraat,Maasdam
1,3271TM,Ambachtsherenlaan,Mijnsheerenland
55,3297CP,Wilhelminastraat,Puttershoek
20,3295GL,Schuilingenweg,'s-Gravendeel
65,3274LH,Boonsweg,Heinenoord
42,3297GB,Biezenweide,Puttershoek
38,3273CB,Johannes Kolfstraat,Westmaas
24,3274CA,Andries Wouterszhof,Heinenoord
8,3273XJ,Cabbeweide,Westmaas
19,3274CB,De Laagjes,Heinenoord
150,3295KS,Strijenseweg,'s-Gravendeel
29,3299LR,Zuiddijk,Maasdam
20,3295BR,Roodenburg Vermaatstraat,'s-Gravendeel
18,3297CX,M치ximaplein,Puttershoek
38,3274CH,Kalesland,Heinenoord
61,3295LL,Onder de molen,'s-Gravendeel
30,3273XN,Boomweide,Westmaas
6,3274BP,Willem Alexanderplein,Heinenoord
2,3299WH,de Heul,Maasdam
3,3297AX,Kerkplein,Puttershoek
29,3273XG,Vlasakkers,Westmaas
22,3295AC,Bernhardstraat,'s-Gravendeel
80,3271LM,Westdijk,Mijnsheerenland
20,3271BT,Raadhuislaan,Mijnsheerenland
27,3297XR,Plataanstraat,Puttershoek
9,3271VD,Vingerling,Mijnsheerenland
45,3271XC,Rietgors,Mijnsheerenland
13,3299WE,Poelwijk,Maasdam
21,3274AJ,Marijkestraat,Heinenoord
11,3297BD,Nassaulaan,Puttershoek
30,3299XB,Kilstraat,Maasdam
14,3274LT,Trompstraat,Heinenoord
1,3271TR,Edelman,Mijnsheerenland
11,3299AS,van Limburg Stirumlaan,Maasdam
32,3271XK,Zeggegors,Mijnsheerenland
1,3295EK,Zweedsestraat,'s-Gravendeel
45,3297TD,Bovenkruier,Puttershoek
99,3271AJ,Laan van Moerkerken,Mijnsheerenland
4,3295BB,Hoefpad,'s-Gravendeel
83,3295ED,Schenkeldijk,'s-Gravendeel
