51,3258AJ,Johan Frisolaan,Den Bommel
54,3258AJ,Johan Frisolaan,Den Bommel
55,3258AJ,Johan Frisolaan,Den Bommel
57,3258AJ,Johan Frisolaan,Den Bommel
59,3258AJ,Johan Frisolaan,Den Bommel
56,3258AJ,Johan Frisolaan,Den Bommel
67,3258AJ,Johan Frisolaan,Den Bommel
69,3258AJ,Johan Frisolaan,Den Bommel
58,3258AJ,Johan Frisolaan,Den Bommel
73,3258AJ,Johan Frisolaan,Den Bommel
75,3258AJ,Johan Frisolaan,Den Bommel
77,3258AJ,Johan Frisolaan,Den Bommel
79,3258AJ,Johan Frisolaan,Den Bommel
81,3258AJ,Johan Frisolaan,Den Bommel
62,3258AJ,Johan Frisolaan,Den Bommel
85,3258AJ,Johan Frisolaan,Den Bommel
66,3258AJ,Johan Frisolaan,Den Bommel
22,3258AK,Julianastraat,Den Bommel
30,3258AK,Julianastraat,Den Bommel
20,3258AK,Julianastraat,Den Bommel
16,3258AK,Julianastraat,Den Bommel
6,3258AK,Julianastraat,Den Bommel
4,3258AK,Julianastraat,Den Bommel
12,3258AK,Julianastraat,Den Bommel
28,3258AK,Julianastraat,Den Bommel
24,3258AK,Julianastraat,Den Bommel
26,3258AK,Julianastraat,Den Bommel
14,3258AK,Julianastraat,Den Bommel
1,3258AK,Julianastraat,Den Bommel
7,3258AK,Julianastraat,Den Bommel
9,3258AK,Julianastraat,Den Bommel
13,3258AL,Kade,Den Bommel
11,3258AL,Kade,Den Bommel
9,3258AL,Kade,Den Bommel
3,3258AL,Kade,Den Bommel
1,3258AL,Kade,Den Bommel
2,3258AL,Kade,Den Bommel
4,3258AL,Kade,Den Bommel
19,3258AM,Kerklaan,Den Bommel
15,3258AM,Kerklaan,Den Bommel
9,3258AM,Kerklaan,Den Bommel
5,3258AM,Kerklaan,Den Bommel
3,3258AM,Kerklaan,Den Bommel
13,3258AM,Kerklaan,Den Bommel
2,3258AN,Koningin Emmaplein,Den Bommel
1,3258AN,Koningin Emmaplein,Den Bommel
3,3258AN,Koningin Emmaplein,Den Bommel
5,3258AN,Koningin Emmaplein,Den Bommel
9,3258AN,Koningin Emmaplein,Den Bommel
8,3258AN,Koningin Emmaplein,Den Bommel
13,3258AN,Koningin Emmaplein,Den Bommel
44,3256AR,Achthuizensedijk,Achthuizen
40,3256AR,Achthuizensedijk,Achthuizen
36,3256AR,Achthuizensedijk,Achthuizen
34,3256AR,Achthuizensedijk,Achthuizen
33,3256AP,Achthuizensedijk,Achthuizen
32,3256AR,Achthuizensedijk,Achthuizen
28,3256AR,Achthuizensedijk,Achthuizen
24,3256AR,Achthuizensedijk,Achthuizen
22,3256AR,Achthuizensedijk,Achthuizen
5,3256AP,Achthuizensedijk,Achthuizen
3,3256AP,Achthuizensedijk,Achthuizen
1,3256AP,Achthuizensedijk,Achthuizen
16,3256AR,Achthuizensedijk,Achthuizen
18,3256AR,Achthuizensedijk,Achthuizen
14,3256AR,Achthuizensedijk,Achthuizen
12,3256AR,Achthuizensedijk,Achthuizen
10,3256AR,Achthuizensedijk,Achthuizen
8,3256AR,Achthuizensedijk,Achthuizen
16,3256AW,Polderstraat,Achthuizen
14,3256AW,Polderstraat,Achthuizen
12,3256AW,Polderstraat,Achthuizen
10,3256AW,Polderstraat,Achthuizen
8,3256AW,Polderstraat,Achthuizen
6,3256AW,Polderstraat,Achthuizen
4,3256AW,Polderstraat,Achthuizen
2,3256AW,Polderstraat,Achthuizen
25,3256KA,Schaapsweg,Achthuizen
4,3256AX,Schoolstraat,Achthuizen
6,3256AX,Schoolstraat,Achthuizen
1,3256AX,Schoolstraat,Achthuizen
8,3256AX,Schoolstraat,Achthuizen
5,3256AX,Schoolstraat,Achthuizen
7,3256AX,Schoolstraat,Achthuizen
11,3256AX,Schoolstraat,Achthuizen
13,3256AX,Schoolstraat,Achthuizen
15,3256AX,Schoolstraat,Achthuizen
19,3256AX,Schoolstraat,Achthuizen
21,3256AX,Schoolstraat,Achthuizen
23,3256AX,Schoolstraat,Achthuizen
27,3256AX,Schoolstraat,Achthuizen
29,3256AX,Schoolstraat,Achthuizen
31,3256AX,Schoolstraat,Achthuizen
5,3256LK,Tramdijk,Achthuizen
3,3256LK,Tramdijk,Achthuizen
1,3256LK,Tramdijk,Achthuizen
75,3256AK,Veldzicht,Achthuizen
77,3256AK,Veldzicht,Achthuizen
69,3256AK,Veldzicht,Achthuizen
65,3256AK,Veldzicht,Achthuizen
61,3256AK,Veldzicht,Achthuizen
59,3256AK,Veldzicht,Achthuizen
57,3256AK,Veldzicht,Achthuizen
51,3256AK,Veldzicht,Achthuizen
49,3256AK,Veldzicht,Achthuizen
47,3256AK,Veldzicht,Achthuizen
43,3256AK,Veldzicht,Achthuizen
39,3256AK,Veldzicht,Achthuizen
37,3256AK,Veldzicht,Achthuizen
33,3256AK,Veldzicht,Achthuizen
25,3256AK,Veldzicht,Achthuizen
29,3256AK,Veldzicht,Achthuizen
27,3256AK,Veldzicht,Achthuizen
10,3256AZ,Veldzicht,Achthuizen
21,3256AK,Veldzicht,Achthuizen
17,3256AK,Veldzicht,Achthuizen
8,3256AZ,Veldzicht,Achthuizen
44,3255LD,Handelsterrein,Oude-Tonge
34,3255LD,Handelsterrein,Oude-Tonge
17,3255LE,Heerendijk,Oude-Tonge
9,3255LE,Heerendijk,Oude-Tonge
25,3255LE,Heerendijk,Oude-Tonge
6,3255LE,Heerendijk,Oude-Tonge
10,3255XC,Henry Dunantstraat,Oude-Tonge
58,3257KD,Langeweg,Ooltgensplaat
48,3257KD,Langeweg,Ooltgensplaat
29,3257KC,Langeweg,Ooltgensplaat
24,3257KD,Langeweg,Ooltgensplaat
16,3257KD,Langeweg,Ooltgensplaat
1,3257KC,Langeweg,Ooltgensplaat
9,3257XG,Lijsterbesstraat,Ooltgensplaat
23,3257XH,Magnoliastraat,Ooltgensplaat
1,3257XH,Magnoliastraat,Ooltgensplaat
9,3257XH,Magnoliastraat,Ooltgensplaat
10,3257XH,Magnoliastraat,Ooltgensplaat
12,3257AJ,Margrietstraat,Ooltgensplaat
23,3257AJ,Margrietstraat,Ooltgensplaat
2,3257LK,Mariadijk,Ooltgensplaat
13,3255XD,Johnsonstraat,Oude-Tonge
7,3257XK,Prunuslaan,Ooltgensplaat
12,3257KG,Roode Kruislaan,Ooltgensplaat
8,3257KG,Roode Kruislaan,Ooltgensplaat
4,3257KG,Roode Kruislaan,Ooltgensplaat
17,3257AX,Slikdijk,Ooltgensplaat
18,3257AX,Slikdijk,Ooltgensplaat
28,3257AX,Slikdijk,Ooltgensplaat
18,3256BA,Pastoriestraat,Achthuizen
14,3256BA,Pastoriestraat,Achthuizen
12,3256BA,Pastoriestraat,Achthuizen
6,3256BA,Pastoriestraat,Achthuizen
5,3256BA,Pastoriestraat,Achthuizen
3,3256BA,Pastoriestraat,Achthuizen
1,3256BA,Pastoriestraat,Achthuizen
15,3256AV,Patronaatstraat,Achthuizen
13,3256AV,Patronaatstraat,Achthuizen
9,3256AV,Patronaatstraat,Achthuizen
7,3256AV,Patronaatstraat,Achthuizen
5,3256AV,Patronaatstraat,Achthuizen
1,3256AV,Patronaatstraat,Achthuizen
26,3256AW,Polderstraat,Achthuizen
24,3256AW,Polderstraat,Achthuizen
20,3256AW,Polderstraat,Achthuizen
18,3256AW,Polderstraat,Achthuizen
56,3257KK,Weespad,Ooltgensplaat
31,3257KJ,Weespad,Ooltgensplaat
34,3257KK,Weespad,Ooltgensplaat
28,3257KK,Weespad,Ooltgensplaat
13,3257KJ,Weespad,Ooltgensplaat
3,3257KJ,Weespad,Ooltgensplaat
70,3255LB,Capelleweg,Oude-Tonge
1,3255NB,Crispijn,Oude-Tonge
16,3255NB,Crispijn,Oude-Tonge
24,3255NB,Crispijn,Oude-Tonge
47,3255NB,Crispijn,Oude-Tonge
13,3255NB,Crispijn,Oude-Tonge
31,3255NB,Crispijn,Oude-Tonge
29,3255XB,Dabbestraat,Oude-Tonge
22,3255XB,Dabbestraat,Oude-Tonge
30,3255XB,Dabbestraat,Oude-Tonge
39,3255XB,Dabbestraat,Oude-Tonge
49,3255XB,Dabbestraat,Oude-Tonge
59,3255XB,Dabbestraat,Oude-Tonge
54,3255XB,Dabbestraat,Oude-Tonge
2,3255LX,Eerste Groeneweg,Oude-Tonge
8,3255VB,Eisenhowerlaan,Oude-Tonge
20,3255VB,Eisenhowerlaan,Oude-Tonge
30,3255VB,Eisenhowerlaan,Oude-Tonge
40,3255VB,Eisenhowerlaan,Oude-Tonge
54,3255VB,Eisenhowerlaan,Oude-Tonge
25,3255VA,Eisenhowerlaan,Oude-Tonge
17,3255VA,Eisenhowerlaan,Oude-Tonge
48,3255BE,Emmastraat,Oude-Tonge
52,3255BE,Emmastraat,Oude-Tonge
58,3255BE,Emmastraat,Oude-Tonge
4,3255SB,Energiebaan,Oude-Tonge
18,3255VK,Fordstraat,Oude-Tonge
2,3255VK,Fordstraat,Oude-Tonge
5,3255VK,Fordstraat,Oude-Tonge
49,3255BB,Bernhardstraat,Oude-Tonge
59,3255BB,Bernhardstraat,Oude-Tonge
21,3258AV,Prinsessenstraat,Den Bommel
20,3258AV,Prinsessenstraat,Den Bommel
26,3258AV,Prinsessenstraat,Den Bommel
6,3258CA,Schaapsdreef,Den Bommel
66,3258AX,Schoolstraat,Den Bommel
50,3258AX,Schoolstraat,Den Bommel
3,3258AX,Schoolstraat,Den Bommel
9,3256AL,Langstraat,Achthuizen
39,3256AL,Langstraat,Achthuizen
5,3256AL,Langstraat,Achthuizen
12,3256AT,Pastoor van Luenenstraat,Achthuizen
29,3256AS,Pastoor van Luenenstraat,Achthuizen
2,3256AT,Pastoor van Luenenstraat,Achthuizen
2,3256BA,Pastoriestraat,Achthuizen
10,3256BA,Pastoriestraat,Achthuizen
33,3258BB,Willem-Alexanderstraat,Den Bommel
3,3255AR,Nieuwstraat,Oude-Tonge
4,3255LL,Noordlandsedijk,Oude-Tonge
4,3255AS,Oost Achterweg,Oude-Tonge
11,3255AT,Oostdijk,Oude-Tonge
4,3255LM,Oostendesedijk,Oude-Tonge
13,3255LN,Oudelandsedijk,Oude-Tonge
24,3255TL,Plutolaan,Oude-Tonge
19,3255TK,Plutolaan,Oude-Tonge
29,3255TK,Plutolaan,Oude-Tonge
19,3255VH,President Wilsonstraat,Oude-Tonge
13,3255VH,President Wilsonstraat,Oude-Tonge
25,3255TE,Melkweg,Oude-Tonge
26,3255TH,Melkweg,Oude-Tonge
33,3255TE,Melkweg,Oude-Tonge
39,3255TE,Melkweg,Oude-Tonge
44,3255TH,Melkweg,Oude-Tonge
51,3255TE,Melkweg,Oude-Tonge
65,3255TE,Melkweg,Oude-Tonge
10,3255TV,Mercuriuslaan,Oude-Tonge
107,3255AM,Molendijk,Oude-Tonge
93,3255AM,Molendijk,Oude-Tonge
83,3255AM,Molendijk,Oude-Tonge
69,3255AM,Molendijk,Oude-Tonge
45,3255AL,Molendijk,Oude-Tonge
33,3255AL,Molendijk,Oude-Tonge
10,3255AP,Molenweg,Oude-Tonge
44,3255AP,Molenweg,Oude-Tonge
1,3255TP,Neptunuslaan,Oude-Tonge
13,3255TP,Neptunuslaan,Oude-Tonge
10,3255TP,Neptunuslaan,Oude-Tonge
10,3255LS,Suisendijk,Oude-Tonge
40,3255TR,Saturnuslaan,Oude-Tonge
52,3255TR,Saturnuslaan,Oude-Tonge
49,3255TR,Saturnuslaan,Oude-Tonge
55,3255TR,Saturnuslaan,Oude-Tonge
66,3255TR,Saturnuslaan,Oude-Tonge
76,3255TR,Saturnuslaan,Oude-Tonge
64,3255AV,Schoolstraat,Oude-Tonge
19,3255BL,Stationsweg,Oude-Tonge
13,3255BL,Stationsweg,Oude-Tonge
4,3255BL,Stationsweg,Oude-Tonge
4,3256LG,Grote Bloksedijk,Achthuizen
37,3256AE,Kerkstraat,Achthuizen
25,3256AE,Kerkstraat,Achthuizen
15,3256AE,Kerkstraat,Achthuizen
25,3256AG,Klimopstraat,Achthuizen
13,3256AG,Klimopstraat,Achthuizen
2,3256AJ,Kruisweg,Achthuizen
4,3256AM,Langstraat,Achthuizen
10,3256AM,Langstraat,Achthuizen
36,3256AM,Langstraat,Achthuizen
44,3256AM,Langstraat,Achthuizen
38,3255VG,Mariniersweg,Oude-Tonge
42,3255VG,Mariniersweg,Oude-Tonge
56,3255VG,Mariniersweg,Oude-Tonge
47,3255VE,Mariniersweg,Oude-Tonge
55,3255VE,Mariniersweg,Oude-Tonge
36,3255TD,Marshof,Oude-Tonge
23,3255TC,Marshof,Oude-Tonge
17,3255TC,Marshof,Oude-Tonge
12,3255TD,Marshof,Oude-Tonge
37,3255TC,Marshof,Oude-Tonge
2,3255TD,Marshof,Oude-Tonge
1,3255TE,Melkweg,Oude-Tonge
19,3255TE,Melkweg,Oude-Tonge
34,3256AC,Bloemstraat,Achthuizen
25,3256AB,Bloemstraat,Achthuizen
22,3256AC,Bloemstraat,Achthuizen
15,3256AB,Bloemstraat,Achthuizen
12,3256AC,Bloemstraat,Achthuizen
3,3256AB,Bloemstraat,Achthuizen
8,3256LA,Bloksedijk,Achthuizen
18,3255XK,Rooseveltstraat,Oude-Tonge
6,3255XK,Rooseveltstraat,Oude-Tonge
1,3255XL,Ruychrockstraat,Oude-Tonge
11,3255XL,Ruychrockstraat,Oude-Tonge
23,3255XL,Ruychrockstraat,Oude-Tonge
31,3255XL,Ruychrockstraat,Oude-Tonge
43,3255XL,Ruychrockstraat,Oude-Tonge
30,3257AD,Irenestraat,Ooltgensplaat
22,3257AD,Irenestraat,Ooltgensplaat
14,3257AD,Irenestraat,Ooltgensplaat
20,3257AE,Julianastraat,Ooltgensplaat
19,3257AE,Julianastraat,Ooltgensplaat
11,3257AE,Julianastraat,Ooltgensplaat
8,3257BH,Kerkdreef,Ooltgensplaat
60,3257AH,Kerksingel,Ooltgensplaat
68,3257AH,Kerksingel,Ooltgensplaat
26,3257AH,Kerksingel,Ooltgensplaat
16,3257AH,Kerksingel,Ooltgensplaat
18,3257BK,Kleine Vest,Ooltgensplaat
96,3256AR,Achthuizensedijk,Achthuizen
88,3256AR,Achthuizensedijk,Achthuizen
84,3256AR,Achthuizensedijk,Achthuizen
48,3256AR,Achthuizensedijk,Achthuizen
12,3257XA,Berkenlaan,Ooltgensplaat
6,3257KL,Bosweg,Ooltgensplaat
9,3257AB,Brandewijnstraat,Ooltgensplaat
2,3257AB,Brandewijnstraat,Ooltgensplaat
4,3257LA,Dorpsdijk,Ooltgensplaat
20,3257LB,Dorpsweg,Ooltgensplaat
12,3257LB,Dorpsweg,Ooltgensplaat
12,3257XB,Esdoornstraat,Ooltgensplaat
6,3257XB,Esdoornstraat,Ooltgensplaat
9,3257XB,Esdoornstraat,Ooltgensplaat
7,3257LD,Fittersweg,Ooltgensplaat
22,3257LE,Galathesedijk,Ooltgensplaat
10,3257LE,Galathesedijk,Ooltgensplaat
3,3257LG,Grote Adriana Theodorapolder,Ooltgensplaat
24,3258AB,Beneden Oostdijk,Den Bommel
34,3258AB,Beneden Oostdijk,Den Bommel
44,3258AB,Beneden Oostdijk,Den Bommel
66,3258AB,Beneden Oostdijk,Den Bommel
17,3258AC,Bosland,Den Bommel
11,3258AD,Boven Oostdijk,Den Bommel
27,3258AD,Boven Oostdijk,Den Bommel
8,3258AE,Ds. C.W. van de Poelstraat,Den Bommel
21,3258BL,Mastplein,Den Bommel
3,3258BL,Mastplein,Den Bommel
2,3258AP,Mauritshof,Den Bommel
24,3258AP,Mauritshof,Den Bommel
32,3258AP,Mauritshof,Den Bommel
15,3258LM,Molendijk,Den Bommel
9,3258AR,Nassaustraat,Den Bommel
15,3258AR,Nassaustraat,Den Bommel
23,3258AR,Nassaustraat,Den Bommel
45,3258AR,Nassaustraat,Den Bommel
55,3258AR,Nassaustraat,Den Bommel
27,3258LT,Tilsedijk,Den Bommel
13,3258LT,Tilsedijk,Den Bommel
6,3258BA,Voorstraat,Den Bommel
18,3258BA,Voorstraat,Den Bommel
7,3258BA,Voorstraat,Den Bommel
7,3258AG,Emmastraat,Den Bommel
72,3258AH,Emmastraat,Den Bommel
2,3258LG,Groeneweg,Den Bommel
22,3258AJ,Johan Frisolaan,Den Bommel
8,3258AJ,Johan Frisolaan,Den Bommel
19,3258AJ,Johan Frisolaan,Den Bommel
25,3258AJ,Johan Frisolaan,Den Bommel
5,3258AK,Julianastraat,Den Bommel
15,3258AL,Kade,Den Bommel
5,3258AL,Kade,Den Bommel
7,3258AM,Kerklaan,Den Bommel
4,3258AN,Koningin Emmaplein,Den Bommel
7,3258AN,Koningin Emmaplein,Den Bommel
10,3258AN,Koningin Emmaplein,Den Bommel
7,3256LK,Tramdijk,Achthuizen
73,3256AK,Veldzicht,Achthuizen
63,3256AK,Veldzicht,Achthuizen
53,3256AK,Veldzicht,Achthuizen
41,3256AK,Veldzicht,Achthuizen
31,3256AK,Veldzicht,Achthuizen
23,3256AK,Veldzicht,Achthuizen
15,3256AK,Veldzicht,Achthuizen
2,3258AV,Prinsessenstraat,Den Bommel
11,3258AV,Prinsessenstraat,Den Bommel
17,3258AV,Prinsessenstraat,Den Bommel
6,3255MC,Boezemweg,Oude-Tonge
6,3255LB,Capelleweg,Oude-Tonge
14,3255LB,Capelleweg,Oude-Tonge
22,3255LB,Capelleweg,Oude-Tonge
60,3255LB,Capelleweg,Oude-Tonge
6,3255NB,Crispijn,Oude-Tonge
12,3255NB,Crispijn,Oude-Tonge
20,3255NB,Crispijn,Oude-Tonge
26,3255NB,Crispijn,Oude-Tonge
38,3255XN,Dabbehof,Oude-Tonge
1,3255XB,Dabbestraat,Oude-Tonge
11,3255XB,Dabbestraat,Oude-Tonge
21,3255XB,Dabbestraat,Oude-Tonge
14,3255XB,Dabbestraat,Oude-Tonge
20,3255XB,Dabbestraat,Oude-Tonge
31,3255XB,Dabbestraat,Oude-Tonge
32,3255XB,Dabbestraat,Oude-Tonge
88,3255XB,Dabbestraat,Oude-Tonge
17,3255AB,Doelenstraat,Oude-Tonge
22,3255AB,Doelenstraat,Oude-Tonge
9,3255AB,Doelenstraat,Oude-Tonge
14,3255AB,Doelenstraat,Oude-Tonge
8,3255AB,Doelenstraat,Oude-Tonge
1,3255LC,Donkereweg,Oude-Tonge
2,3255VB,Eisenhowerlaan,Oude-Tonge
12,3255VB,Eisenhowerlaan,Oude-Tonge
4,3255BE,Emmastraat,Oude-Tonge
12,3255BE,Emmastraat,Oude-Tonge
11,3255BD,Emmastraat,Oude-Tonge
13,3255BD,Emmastraat,Oude-Tonge
29,3255BD,Emmastraat,Oude-Tonge
28,3255BE,Emmastraat,Oude-Tonge
23,3258AS,Oranjestraat,Den Bommel
21,3258AS,Oranjestraat,Den Bommel
19,3258AS,Oranjestraat,Den Bommel
17,3258AS,Oranjestraat,Den Bommel
15,3258AS,Oranjestraat,Den Bommel
13,3258AS,Oranjestraat,Den Bommel
11,3258AS,Oranjestraat,Den Bommel
4,3258LR,Oudelandsedijk,Den Bommel
2,3258LM,Oudelandseweg,Den Bommel
10,3258LM,Oudelandseweg,Den Bommel
2,3258AT,Prins Bernhardstraat,Den Bommel
4,3258AT,Prins Bernhardstraat,Den Bommel
8,3258AT,Prins Bernhardstraat,Den Bommel
6,3258AT,Prins Bernhardstraat,Den Bommel
10,3258AT,Prins Bernhardstraat,Den Bommel
14,3258AT,Prins Bernhardstraat,Den Bommel
12,3258AT,Prins Bernhardstraat,Den Bommel
16,3258AT,Prins Bernhardstraat,Den Bommel
1,3258AT,Prins Bernhardstraat,Den Bommel
3,3258AT,Prins Bernhardstraat,Den Bommel
5,3258AT,Prins Bernhardstraat,Den Bommel
7,3258AT,Prins Bernhardstraat,Den Bommel
9,3258AT,Prins Bernhardstraat,Den Bommel
11,3258AT,Prins Bernhardstraat,Den Bommel
13,3258AT,Prins Bernhardstraat,Den Bommel
15,3258AT,Prins Bernhardstraat,Den Bommel
17,3258AT,Prins Bernhardstraat,Den Bommel
19,3258AT,Prins Bernhardstraat,Den Bommel
18,3258AT,Prins Bernhardstraat,Den Bommel
20,3258AT,Prins Bernhardstraat,Den Bommel
22,3258AT,Prins Bernhardstraat,Den Bommel
26,3258AT,Prins Bernhardstraat,Den Bommel
1,3258AV,Prinsessenstraat,Den Bommel
3,3258AV,Prinsessenstraat,Den Bommel
5,3258AV,Prinsessenstraat,Den Bommel
7,3258AV,Prinsessenstraat,Den Bommel
6,3258AV,Prinsessenstraat,Den Bommel
9,3258AV,Prinsessenstraat,Den Bommel
8,3258AV,Prinsessenstraat,Den Bommel
10,3258AV,Prinsessenstraat,Den Bommel
15,3258AV,Prinsessenstraat,Den Bommel
19,3258AV,Prinsessenstraat,Den Bommel
14,3258AV,Prinsessenstraat,Den Bommel
16,3258AV,Prinsessenstraat,Den Bommel
25,3258AV,Prinsessenstraat,Den Bommel
27,3258AV,Prinsessenstraat,Den Bommel
18,3258AV,Prinsessenstraat,Den Bommel
22,3258AV,Prinsessenstraat,Den Bommel
31,3258AV,Prinsessenstraat,Den Bommel
24,3258AV,Prinsessenstraat,Den Bommel
35,3258AV,Prinsessenstraat,Den Bommel
37,3258AV,Prinsessenstraat,Den Bommel
39,3258AV,Prinsessenstraat,Den Bommel
4,3258CA,Schaapsdreef,Den Bommel
2,3258CA,Schaapsdreef,Den Bommel
24,3258AW,Schaapsweg,Den Bommel
2,3258AW,Schaapsweg,Den Bommel
16,3258AW,Schaapsweg,Den Bommel
12,3258AW,Schaapsweg,Den Bommel
8,3258AW,Schaapsweg,Den Bommel
6,3258AW,Schaapsweg,Den Bommel
20,3258AW,Schaapsweg,Den Bommel
22,3258AW,Schaapsweg,Den Bommel
28,3258AW,Schaapsweg,Den Bommel
26,3258AW,Schaapsweg,Den Bommel
30,3258AW,Schaapsweg,Den Bommel
32,3258AW,Schaapsweg,Den Bommel
38,3258AW,Schaapsweg,Den Bommel
36,3258AW,Schaapsweg,Den Bommel
40,3258AW,Schaapsweg,Den Bommel
42,3258AW,Schaapsweg,Den Bommel
120,3258AW,Schaapsweg,Den Bommel
122,3258AW,Schaapsweg,Den Bommel
124,3258AW,Schaapsweg,Den Bommel
17,3258AW,Schaapsweg,Den Bommel
2,3258AX,Schoolstraat,Den Bommel
74,3258AX,Schoolstraat,Den Bommel
38,3258AX,Schoolstraat,Den Bommel
36,3258AX,Schoolstraat,Den Bommel
72,3258AX,Schoolstraat,Den Bommel
40,3258AX,Schoolstraat,Den Bommel
70,3258AX,Schoolstraat,Den Bommel
42,3258AX,Schoolstraat,Den Bommel
68,3258AX,Schoolstraat,Den Bommel
44,3258AX,Schoolstraat,Den Bommel
46,3258AX,Schoolstraat,Den Bommel
58,3258AX,Schoolstraat,Den Bommel
56,3258AX,Schoolstraat,Den Bommel
12,3258AX,Schoolstraat,Den Bommel
8,3258AX,Schoolstraat,Den Bommel
6,3258AX,Schoolstraat,Den Bommel
4,3258AX,Schoolstraat,Den Bommel
14,3258AX,Schoolstraat,Den Bommel
10,3258AX,Schoolstraat,Den Bommel
54,3258AX,Schoolstraat,Den Bommel
32,3258AX,Schoolstraat,Den Bommel
30,3258AX,Schoolstraat,Den Bommel
28,3258AX,Schoolstraat,Den Bommel
24,3258AX,Schoolstraat,Den Bommel
22,3258AX,Schoolstraat,Den Bommel
20,3258AX,Schoolstraat,Den Bommel
16,3258AX,Schoolstraat,Den Bommel
60,3258AX,Schoolstraat,Den Bommel
48,3258AX,Schoolstraat,Den Bommel
52,3258AX,Schoolstraat,Den Bommel
62,3258AX,Schoolstraat,Den Bommel
13,3258AX,Schoolstraat,Den Bommel
5,3258AX,Schoolstraat,Den Bommel
15,3258AX,Schoolstraat,Den Bommel
17,3258AX,Schoolstraat,Den Bommel
13,3256AL,Langstraat,Achthuizen
7,3256AL,Langstraat,Achthuizen
58,3256AM,Langstraat,Achthuizen
11,3256AL,Langstraat,Achthuizen
54,3256AM,Langstraat,Achthuizen
33,3256AL,Langstraat,Achthuizen
17,3256AL,Langstraat,Achthuizen
15,3256AL,Langstraat,Achthuizen
27,3256AL,Langstraat,Achthuizen
19,3256AL,Langstraat,Achthuizen
25,3256AL,Langstraat,Achthuizen
29,3256AL,Langstraat,Achthuizen
47,3256AL,Langstraat,Achthuizen
45,3256AL,Langstraat,Achthuizen
43,3256AL,Langstraat,Achthuizen
49,3256AL,Langstraat,Achthuizen
11,3256AN,Lesje,Achthuizen
10,3256AN,Lesje,Achthuizen
9,3256AN,Lesje,Achthuizen
8,3256AN,Lesje,Achthuizen
6,3256AN,Lesje,Achthuizen
7,3256AN,Lesje,Achthuizen
5,3256AN,Lesje,Achthuizen
4,3256AN,Lesje,Achthuizen
3,3256AN,Lesje,Achthuizen
2,3256AN,Lesje,Achthuizen
1,3256AN,Lesje,Achthuizen
13,3256LJ,Nieuwe Bloksedijk,Achthuizen
11,3256LJ,Nieuwe Bloksedijk,Achthuizen
2,3256LJ,Nieuwe Bloksedijk,Achthuizen
9,3256LJ,Nieuwe Bloksedijk,Achthuizen
5,3256LJ,Nieuwe Bloksedijk,Achthuizen
1,3256LJ,Nieuwe Bloksedijk,Achthuizen
48,3256AT,Pastoor van Luenenstraat,Achthuizen
34,3256AT,Pastoor van Luenenstraat,Achthuizen
46,3256AT,Pastoor van Luenenstraat,Achthuizen
32,3256AT,Pastoor van Luenenstraat,Achthuizen
44,3256AT,Pastoor van Luenenstraat,Achthuizen
30,3256AT,Pastoor van Luenenstraat,Achthuizen
42,3256AT,Pastoor van Luenenstraat,Achthuizen
28,3256AT,Pastoor van Luenenstraat,Achthuizen
40,3256AT,Pastoor van Luenenstraat,Achthuizen
26,3256AT,Pastoor van Luenenstraat,Achthuizen
57,3256AS,Pastoor van Luenenstraat,Achthuizen
38,3256AT,Pastoor van Luenenstraat,Achthuizen
36,3256AT,Pastoor van Luenenstraat,Achthuizen
22,3256AT,Pastoor van Luenenstraat,Achthuizen
55,3256AS,Pastoor van Luenenstraat,Achthuizen
51,3256AS,Pastoor van Luenenstraat,Achthuizen
20,3256AT,Pastoor van Luenenstraat,Achthuizen
49,3256AS,Pastoor van Luenenstraat,Achthuizen
47,3256AS,Pastoor van Luenenstraat,Achthuizen
18,3256AT,Pastoor van Luenenstraat,Achthuizen
16,3256AT,Pastoor van Luenenstraat,Achthuizen
14,3256AT,Pastoor van Luenenstraat,Achthuizen
43,3256AS,Pastoor van Luenenstraat,Achthuizen
41,3256AS,Pastoor van Luenenstraat,Achthuizen
8,3256AT,Pastoor van Luenenstraat,Achthuizen
6,3256AT,Pastoor van Luenenstraat,Achthuizen
39,3256AS,Pastoor van Luenenstraat,Achthuizen
35,3256AS,Pastoor van Luenenstraat,Achthuizen
33,3256AS,Pastoor van Luenenstraat,Achthuizen
31,3256AS,Pastoor van Luenenstraat,Achthuizen
25,3256AS,Pastoor van Luenenstraat,Achthuizen
23,3256AS,Pastoor van Luenenstraat,Achthuizen
21,3256AS,Pastoor van Luenenstraat,Achthuizen
13,3256AS,Pastoor van Luenenstraat,Achthuizen
17,3256AS,Pastoor van Luenenstraat,Achthuizen
15,3256AS,Pastoor van Luenenstraat,Achthuizen
9,3256AS,Pastoor van Luenenstraat,Achthuizen
7,3256AS,Pastoor van Luenenstraat,Achthuizen
5,3256AS,Pastoor van Luenenstraat,Achthuizen
3,3256AS,Pastoor van Luenenstraat,Achthuizen
1,3256AS,Pastoor van Luenenstraat,Achthuizen
16,3256BA,Pastoriestraat,Achthuizen
59,3255LV,Zuiddijk,Oude-Tonge
48,3255LW,Zuiddijk,Oude-Tonge
49,3255LV,Zuiddijk,Oude-Tonge
41,3255LV,Zuiddijk,Oude-Tonge
39,3255LV,Zuiddijk,Oude-Tonge
24,3255LW,Zuiddijk,Oude-Tonge
27,3255LV,Zuiddijk,Oude-Tonge
4,3255LW,Zuiddijk,Oude-Tonge
5,3255LV,Zuiddijk,Oude-Tonge
3,3255LV,Zuiddijk,Oude-Tonge
26,3255AG,Kaai,Oude-Tonge
24,3255XE,Kennedystraat,Oude-Tonge
66,3255AH,Kerkring,Oude-Tonge
58,3255AH,Kerkring,Oude-Tonge
46,3255TH,Melkweg,Oude-Tonge
55,3255TE,Melkweg,Oude-Tonge
67,3255TE,Melkweg,Oude-Tonge
73,3255TE,Melkweg,Oude-Tonge
54,3255TJ,Melkweg,Oude-Tonge
60,3255TJ,Melkweg,Oude-Tonge
70,3255TJ,Melkweg,Oude-Tonge
45,3255BD,Emmastraat,Oude-Tonge
36,3255BE,Emmastraat,Oude-Tonge
42,3255BE,Emmastraat,Oude-Tonge
7,3255VK,Fordstraat,Oude-Tonge
13,3257XM,Weesmolenstraat,Ooltgensplaat
8,3257XM,Weesmolenstraat,Ooltgensplaat
4,3257XM,Weesmolenstraat,Ooltgensplaat
41,3257KJ,Weespad,Ooltgensplaat
60,3257KK,Weespad,Ooltgensplaat
33,3257KJ,Weespad,Ooltgensplaat
25,3257KJ,Weespad,Ooltgensplaat
44,3257KK,Weespad,Ooltgensplaat
38,3257KK,Weespad,Ooltgensplaat
32,3257KK,Weespad,Ooltgensplaat
26,3257KK,Weespad,Ooltgensplaat
11,3257KJ,Weespad,Ooltgensplaat
14,3257KK,Weespad,Ooltgensplaat
10,3257KK,Weespad,Ooltgensplaat
15,3255XA,Arendsstraat,Oude-Tonge
4,3255XA,Arendsstraat,Oude-Tonge
12,3255XA,Arendsstraat,Oude-Tonge
26,3255XA,Arendsstraat,Oude-Tonge
22,3255XA,Arendsstraat,Oude-Tonge
17,3255AA,Bastingstraat,Oude-Tonge
7,3255AA,Bastingstraat,Oude-Tonge
1,3255BA,Beatrixstraat,Oude-Tonge
11,3255BA,Beatrixstraat,Oude-Tonge
4,3255BA,Beatrixstraat,Oude-Tonge
14,3255BA,Beatrixstraat,Oude-Tonge
9,3255BB,Bernhardstraat,Oude-Tonge
17,3255BB,Bernhardstraat,Oude-Tonge
6,3255BC,Bernhardstraat,Oude-Tonge
10,3255BC,Bernhardstraat,Oude-Tonge
14,3255BC,Bernhardstraat,Oude-Tonge
16,3255BC,Bernhardstraat,Oude-Tonge
18,3255BC,Bernhardstraat,Oude-Tonge
38,3255BC,Bernhardstraat,Oude-Tonge
37,3255BB,Bernhardstraat,Oude-Tonge
52,3255BC,Bernhardstraat,Oude-Tonge
11,3255MC,Boezemweg,Oude-Tonge
1,3255AC,Haarlemmerstraat,Oude-Tonge
9,3255AC,Haarlemmerstraat,Oude-Tonge
15,3255AC,Haarlemmerstraat,Oude-Tonge
19,3255AC,Haarlemmerstraat,Oude-Tonge
12,3255AC,Haarlemmerstraat,Oude-Tonge
27,3255LE,Heerendijk,Oude-Tonge
2,3255XC,Henry Dunantstraat,Oude-Tonge
5,3257XK,Prunuslaan,Ooltgensplaat
5,3257KG,Roode Kruislaan,Ooltgensplaat
18,3257KG,Roode Kruislaan,Ooltgensplaat
21,3257AX,Slikdijk,Ooltgensplaat
11,3257AX,Slikdijk,Ooltgensplaat
13,3257AX,Slikdijk,Ooltgensplaat
26,3257AX,Slikdijk,Ooltgensplaat
4,3257LZ,Sluisweg,Ooltgensplaat
5,3257LN,Spuidijk,Ooltgensplaat
3,3257LP,Steigerdijk,Ooltgensplaat
7,3257LP,Steigerdijk,Ooltgensplaat
14,3257AZ,Stoofstraat,Ooltgensplaat
8,3257AZ,Stoofstraat,Ooltgensplaat
1,3257AZ,Stoofstraat,Ooltgensplaat
1,3257BJ,'t Meulentje,Ooltgensplaat
5,3257BJ,'t Meulentje,Ooltgensplaat
4,3257BA,Tuinstraat,Ooltgensplaat
3,3257BA,Tuinstraat,Ooltgensplaat
6,3257BB,Van Weelstraat,Ooltgensplaat
15,3257BB,Van Weelstraat,Ooltgensplaat
35,3257BC,Voorstraat,Ooltgensplaat
27,3257BC,Voorstraat,Ooltgensplaat
23,3257BC,Voorstraat,Ooltgensplaat
30,3257BD,Voorstraat,Ooltgensplaat
13,3257BC,Voorstraat,Ooltgensplaat
9,3257BC,Voorstraat,Ooltgensplaat
7,3257BC,Voorstraat,Ooltgensplaat
14,3257BD,Voorstraat,Ooltgensplaat
8,3257BD,Voorstraat,Ooltgensplaat
17,3257KC,Langeweg,Ooltgensplaat
11,3257KC,Langeweg,Ooltgensplaat
4,3257KD,Langeweg,Ooltgensplaat
11,3257XG,Lijsterbesstraat,Ooltgensplaat
8,3257XG,Lijsterbesstraat,Ooltgensplaat
54,3257XE,Lindenlaan,Ooltgensplaat
49,3257XE,Lindenlaan,Ooltgensplaat
43,3257XE,Lindenlaan,Ooltgensplaat
37,3257XE,Lindenlaan,Ooltgensplaat
33,3257XE,Lindenlaan,Ooltgensplaat
36,3257XE,Lindenlaan,Ooltgensplaat
20,3257XE,Lindenlaan,Ooltgensplaat
9,3257XE,Lindenlaan,Ooltgensplaat
2,3257XE,Lindenlaan,Ooltgensplaat
21,3257XH,Magnoliastraat,Ooltgensplaat
13,3257XH,Magnoliastraat,Ooltgensplaat
7,3257XH,Magnoliastraat,Ooltgensplaat
8,3257XH,Magnoliastraat,Ooltgensplaat
18,3257XH,Magnoliastraat,Ooltgensplaat
27,3257AJ,Margrietstraat,Ooltgensplaat
4,3257AJ,Margrietstraat,Ooltgensplaat
19,3257AJ,Margrietstraat,Ooltgensplaat
13,3257AJ,Margrietstraat,Ooltgensplaat
28,3257AL,Marijkestraat,Ooltgensplaat
3,3257AK,Marijkestraat,Ooltgensplaat
20,3257XJ,Meidoornstraat,Ooltgensplaat
25,3257XJ,Meidoornstraat,Ooltgensplaat
12,3257XJ,Meidoornstraat,Ooltgensplaat
15,3257XJ,Meidoornstraat,Ooltgensplaat
2,3257XJ,Meidoornstraat,Ooltgensplaat
31,3257AM,Molendijk,Ooltgensplaat
21,3257AM,Molendijk,Ooltgensplaat
15,3257AM,Molendijk,Ooltgensplaat
5,3257AM,Molendijk,Ooltgensplaat
3,3257AP,Nieuwstraat,Ooltgensplaat
9,3257AP,Nieuwstraat,Ooltgensplaat
8,3257AP,Nieuwstraat,Ooltgensplaat
5,3257AN,Noord Achterweg,Ooltgensplaat
1,3257LL,Noordzijdsedreef,Ooltgensplaat
5,3257LM,Oudedijk,Ooltgensplaat
7,3257CA,Pastorietuin,Ooltgensplaat
4,3257CA,Pastorietuin,Ooltgensplaat
45,3257AR,Pieter Biggestraat,Ooltgensplaat
27,3257AR,Pieter Biggestraat,Ooltgensplaat
19,3257AR,Pieter Biggestraat,Ooltgensplaat
32,3257AS,Pieter Biggestraat,Ooltgensplaat
13,3257AR,Pieter Biggestraat,Ooltgensplaat
11,3257AR,Pieter Biggestraat,Ooltgensplaat
16,3257AS,Pieter Biggestraat,Ooltgensplaat
9,3257AT,Prins Bernhardstraat,Ooltgensplaat
7,3257AT,Prins Bernhardstraat,Ooltgensplaat
40,3257AW,Prins Hendrikstraat,Ooltgensplaat
35,3257AV,Prins Hendrikstraat,Ooltgensplaat
32,3257AW,Prins Hendrikstraat,Ooltgensplaat
28,3257AW,Prins Hendrikstraat,Ooltgensplaat
22,3257AW,Prins Hendrikstraat,Ooltgensplaat
18,3257AW,Prins Hendrikstraat,Ooltgensplaat
17,3257AV,Prins Hendrikstraat,Ooltgensplaat
14,3257AW,Prins Hendrikstraat,Ooltgensplaat
7,3257AV,Prins Hendrikstraat,Ooltgensplaat
43,3257XK,Prunuslaan,Ooltgensplaat
48,3257XL,Prunuslaan,Ooltgensplaat
37,3257XK,Prunuslaan,Ooltgensplaat
35,3257XK,Prunuslaan,Ooltgensplaat
24,3257XL,Prunuslaan,Ooltgensplaat
28,3255AE,Jozefdreef,Oude-Tonge
22,3255AE,Jozefdreef,Oude-Tonge
15,3255AE,Jozefdreef,Oude-Tonge
8,3255AE,Jozefdreef,Oude-Tonge
5,3255AE,Jozefdreef,Oude-Tonge
18,3255AE,Jozefdreef,Oude-Tonge
9,3255BG,Julianastraat,Oude-Tonge
2,3255BH,Julianastraat,Oude-Tonge
14,3255BH,Julianastraat,Oude-Tonge
22,3255BH,Julianastraat,Oude-Tonge
40,3255BH,Julianastraat,Oude-Tonge
47,3255BG,Julianastraat,Oude-Tonge
68,3255BJ,Julianastraat,Oude-Tonge
76,3255BJ,Julianastraat,Oude-Tonge
71,3255BG,Julianastraat,Oude-Tonge
100,3255BJ,Julianastraat,Oude-Tonge
106,3255BJ,Julianastraat,Oude-Tonge
77,3255BG,Julianastraat,Oude-Tonge
2,3255TB,Jupiterhof,Oude-Tonge
9,3255TA,Jupiterhof,Oude-Tonge
50,3255TB,Jupiterhof,Oude-Tonge
16,3255AG,Kaai,Oude-Tonge
8,3255AG,Kaai,Oude-Tonge
6,3255AH,Kerkring,Oude-Tonge
12,3255AH,Kerkring,Oude-Tonge
32,3255AH,Kerkring,Oude-Tonge
18,3255AH,Kerkring,Oude-Tonge
24,3255AH,Kerkring,Oude-Tonge
12,3255AJ,Kerkstraat,Oude-Tonge
3,3255VD,Kesperstraat,Oude-Tonge
11,3255VD,Kesperstraat,Oude-Tonge
5,3255BK,Kolfweg,Oude-Tonge
7,3255BK,Kolfweg,Oude-Tonge
15,3255BK,Kolfweg,Oude-Tonge
29,3255BK,Kolfweg,Oude-Tonge
39,3255BK,Kolfweg,Oude-Tonge
1,3255LJ,Langeweg,Oude-Tonge
45,3255LJ,Langeweg,Oude-Tonge
8,3255XH,Lincolnplein,Oude-Tonge
16,3255XH,Lincolnplein,Oude-Tonge
22,3255XH,Lincolnplein,Oude-Tonge
7,3255XG,Lincolnplein,Oude-Tonge
11,3255XG,Lincolnplein,Oude-Tonge
3,3255LK,Magdalenadijk,Oude-Tonge
2,3255VG,Mariniersweg,Oude-Tonge
8,3255VG,Mariniersweg,Oude-Tonge
14,3255VG,Mariniersweg,Oude-Tonge
22,3255VG,Mariniersweg,Oude-Tonge
10,3255MB,Tramweg,Oude-Tonge
24,3255MB,Tramweg,Oude-Tonge
2,3255XM,Trumanstraat,Oude-Tonge
6,3255XM,Trumanstraat,Oude-Tonge
13,3255XM,Trumanstraat,Oude-Tonge
23,3255XM,Trumanstraat,Oude-Tonge
45,3255TS,Uranusweg,Oude-Tonge
37,3255TS,Uranusweg,Oude-Tonge
29,3255TS,Uranusweg,Oude-Tonge
21,3255TS,Uranusweg,Oude-Tonge
15,3255TS,Uranusweg,Oude-Tonge
6,3255BN,Van Halenstraat,Oude-Tonge
28,3255BN,Van Halenstraat,Oude-Tonge
36,3255BN,Van Halenstraat,Oude-Tonge
44,3255BN,Van Halenstraat,Oude-Tonge
54,3255BN,Van Halenstraat,Oude-Tonge
64,3255BN,Van Halenstraat,Oude-Tonge
18,3255AX,Voorstraat,Oude-Tonge
28,3255AX,Voorstraat,Oude-Tonge
36,3255AX,Voorstraat,Oude-Tonge
13,3255VJ,Washingtonstraat,Oude-Tonge
6,3255VJ,Washingtonstraat,Oude-Tonge
8,3255VJ,Washingtonstraat,Oude-Tonge
20,3255VJ,Washingtonstraat,Oude-Tonge
8,3255BR,Wilhelminastraat,Oude-Tonge
16,3255BR,Wilhelminastraat,Oude-Tonge
24,3255BR,Wilhelminastraat,Oude-Tonge
32,3255BR,Wilhelminastraat,Oude-Tonge
23,3255BP,Wilhelminastraat,Oude-Tonge
31,3255BP,Wilhelminastraat,Oude-Tonge
35,3255BP,Wilhelminastraat,Oude-Tonge
46,3255BR,Wilhelminastraat,Oude-Tonge
50,3255BR,Wilhelminastraat,Oude-Tonge
25,3255BS,Willemstraat,Oude-Tonge
22,3255BS,Willemstraat,Oude-Tonge
17,3255BS,Willemstraat,Oude-Tonge
4,3255TN,Zonhof,Oude-Tonge
10,3255TN,Zonhof,Oude-Tonge
18,3255TN,Zonhof,Oude-Tonge
14,3255TN,Zonhof,Oude-Tonge
11,3255TN,Zonhof,Oude-Tonge
15,3255TN,Zonhof,Oude-Tonge
19,3255TN,Zonhof,Oude-Tonge
38,3255TN,Zonhof,Oude-Tonge
65,3255LV,Zuiddijk,Oude-Tonge
60,3255TR,Saturnuslaan,Oude-Tonge
63,3255TR,Saturnuslaan,Oude-Tonge
67,3255TR,Saturnuslaan,Oude-Tonge
72,3255TR,Saturnuslaan,Oude-Tonge
4,3255LR,Schinkelweg,Oude-Tonge
58,3255AV,Schoolstraat,Oude-Tonge
48,3255AV,Schoolstraat,Oude-Tonge
37,3255BL,Stationsweg,Oude-Tonge
29,3255BL,Stationsweg,Oude-Tonge
23,3255BL,Stationsweg,Oude-Tonge
15,3255BL,Stationsweg,Oude-Tonge
3,3255BL,Stationsweg,Oude-Tonge
23,3255VE,Mariniersweg,Oude-Tonge
29,3255VE,Mariniersweg,Oude-Tonge
46,3255VG,Mariniersweg,Oude-Tonge
52,3255VG,Mariniersweg,Oude-Tonge
79,3255VE,Mariniersweg,Oude-Tonge
87,3255VE,Mariniersweg,Oude-Tonge
4,3255XJ,Marshallstraat,Oude-Tonge
8,3255XJ,Marshallstraat,Oude-Tonge
12,3255XJ,Marshallstraat,Oude-Tonge
28,3255TD,Marshof,Oude-Tonge
22,3255TD,Marshof,Oude-Tonge
25,3255TC,Marshof,Oude-Tonge
19,3255TC,Marshof,Oude-Tonge
33,3255TC,Marshof,Oude-Tonge
16,3256AA,Beatrixstraat,Achthuizen
12,3256AA,Beatrixstraat,Achthuizen
30,3256AA,Beatrixstraat,Achthuizen
53,3256AB,Bloemstraat,Achthuizen
45,3256AB,Bloemstraat,Achthuizen
37,3256AB,Bloemstraat,Achthuizen
46,3258AH,Emmastraat,Den Bommel
52,3258AH,Emmastraat,Den Bommel
60,3258AH,Emmastraat,Den Bommel
64,3258AH,Emmastraat,Den Bommel
53,3258AG,Emmastraat,Den Bommel
70,3258AH,Emmastraat,Den Bommel
24,3258AJ,Johan Frisolaan,Den Bommel
34,3258AJ,Johan Frisolaan,Den Bommel
35,3258AJ,Johan Frisolaan,Den Bommel
38,3258AJ,Johan Frisolaan,Den Bommel
47,3258AJ,Johan Frisolaan,Den Bommel
52,3258AJ,Johan Frisolaan,Den Bommel
53,3258AJ,Johan Frisolaan,Den Bommel
61,3258AJ,Johan Frisolaan,Den Bommel
71,3258AJ,Johan Frisolaan,Den Bommel
60,3258AJ,Johan Frisolaan,Den Bommel
83,3258AJ,Johan Frisolaan,Den Bommel
2,3258AK,Julianastraat,Den Bommel
8,3258AK,Julianastraat,Den Bommel
18,3258AK,Julianastraat,Den Bommel
3,3258AK,Julianastraat,Den Bommel
13,3258AK,Julianastraat,Den Bommel
7,3258AL,Kade,Den Bommel
17,3258AM,Kerklaan,Den Bommel
11,3258AM,Kerklaan,Den Bommel
1,3258AM,Kerklaan,Den Bommel
6,3258AN,Koningin Emmaplein,Den Bommel
11,3258AN,Koningin Emmaplein,Den Bommel
6,3258LK,Lageweg,Den Bommel
7,3258LL,Malmöweg,Den Bommel
28,3258BM,Mastplein,Den Bommel
18,3258BM,Mastplein,Den Bommel
35,3258BL,Mastplein,Den Bommel
31,3258BL,Mastplein,Den Bommel
27,3258BL,Mastplein,Den Bommel
6,3258BM,Mastplein,Den Bommel
2,3258BM,Mastplein,Den Bommel
13,3258BL,Mastplein,Den Bommel
7,3258BL,Mastplein,Den Bommel
8,3258AP,Mauritshof,Den Bommel
18,3258AP,Mauritshof,Den Bommel
49,3258LM,Molendijk,Den Bommel
26,3258LN,Molendijk,Den Bommel
56,3258LN,Molendijk,Den Bommel
40,3256AC,Bloemstraat,Achthuizen
30,3256AC,Bloemstraat,Achthuizen
23,3256AB,Bloemstraat,Achthuizen
19,3256AB,Bloemstraat,Achthuizen
13,3256AB,Bloemstraat,Achthuizen
9,3256AB,Bloemstraat,Achthuizen
8,3256AC,Bloemstraat,Achthuizen
2,3256AC,Bloemstraat,Achthuizen
4,3256LB,Blokseweg,Achthuizen
27,3256LD,Bommelsedijk,Achthuizen
26,3256LE,Galatheseweg,Achthuizen
20,3256LE,Galatheseweg,Achthuizen
8,3256LE,Galatheseweg,Achthuizen
2,3256LG,Grote Bloksedijk,Achthuizen
35,3256AE,Kerkstraat,Achthuizen
27,3256AE,Kerkstraat,Achthuizen
21,3256AE,Kerkstraat,Achthuizen
7,3256AE,Kerkstraat,Achthuizen
5,3256AE,Kerkstraat,Achthuizen
27,3256AG,Klimopstraat,Achthuizen
17,3256AG,Klimopstraat,Achthuizen
2,3256AH,Kloosterstraat,Achthuizen
25,3256AH,Kloosterstraat,Achthuizen
14,3256AH,Kloosterstraat,Achthuizen
6,3256LH,Krammerdijk,Achthuizen
4,3256AJ,Kruisweg,Achthuizen
72,3256AM,Langstraat,Achthuizen
14,3256AM,Langstraat,Achthuizen
26,3256AM,Langstraat,Achthuizen
28,3256AM,Langstraat,Achthuizen
34,3256AM,Langstraat,Achthuizen
3,3256AL,Langstraat,Achthuizen
8,3257XA,Berkenlaan,Ooltgensplaat
18,3257XA,Berkenlaan,Ooltgensplaat
61,3257KA,Boomgaardpad,Ooltgensplaat
53,3257KA,Boomgaardpad,Ooltgensplaat
47,3257KA,Boomgaardpad,Ooltgensplaat
30,3257KB,Boomgaardpad,Ooltgensplaat
35,3257KA,Boomgaardpad,Ooltgensplaat
8,3257KL,Bosweg,Ooltgensplaat
7,3257AB,Brandewijnstraat,Ooltgensplaat
3,3257AB,Brandewijnstraat,Ooltgensplaat
6,3257LA,Dorpsdijk,Ooltgensplaat
16,3257LB,Dorpsweg,Ooltgensplaat
28,3257LB,Dorpsweg,Ooltgensplaat
1,3257LB,Dorpsweg,Ooltgensplaat
5,3257LB,Dorpsweg,Ooltgensplaat
25,3257LB,Dorpsweg,Ooltgensplaat
9,3257LC,Dwarsweg,Ooltgensplaat
21,3257XB,Esdoornstraat,Ooltgensplaat
8,3257XB,Esdoornstraat,Ooltgensplaat
2,3257XB,Esdoornstraat,Ooltgensplaat
3,3257XB,Esdoornstraat,Ooltgensplaat
7,3257LE,Galathesedijk,Ooltgensplaat
6,3257LE,Galathesedijk,Ooltgensplaat
3,3257KM,Hofje van Oranje,Ooltgensplaat
3,3257LV,Hooidijk,Ooltgensplaat
11,3257AD,Irenestraat,Ooltgensplaat
4,3257AD,Irenestraat,Ooltgensplaat
15,3257AE,Julianastraat,Ooltgensplaat
7,3257AE,Julianastraat,Ooltgensplaat
2,3257AG,Kaai,Ooltgensplaat
5,3257AG,Kaai,Ooltgensplaat
24,3257XD,Kastanjestraat,Ooltgensplaat
16,3257XD,Kastanjestraat,Ooltgensplaat
12,3257XD,Kastanjestraat,Ooltgensplaat
8,3257XD,Kastanjestraat,Ooltgensplaat
13,3257XD,Kastanjestraat,Ooltgensplaat
7,3257XD,Kastanjestraat,Ooltgensplaat
24,3257BH,Kerkdreef,Ooltgensplaat
5,3257BH,Kerkdreef,Ooltgensplaat
36,3257AH,Kerksingel,Ooltgensplaat
24,3257AH,Kerksingel,Ooltgensplaat
12,3257AH,Kerksingel,Ooltgensplaat
4,3257AH,Kerksingel,Ooltgensplaat
17,3257BK,Kleine Vest,Ooltgensplaat
10,3257BK,Kleine Vest,Ooltgensplaat
8,3257BK,Kleine Vest,Ooltgensplaat
