10,5854CK,Herckenrathstraat,Bergen L
1,5854JD,Eekhoornstraat,Bergen L
2,5855BJ,Sint Barbarastraat,Well L
34,5856BA,Geysselberg,Wellerlooi
24,5854DZ,Van Meerlaerstraat,Bergen L
30,5851DG,Straatakkerweg,Afferden L
2,5853EK,Vrij,Siebengewald
29,5854CV,Murseltseweg,Bergen L
13,5854JJ,Fluwijnstraat,Bergen L
3,5855BR,Sterrenbos,Well L
28,5851EA,Hengeland,Afferden L
14,5853EV,Heidestraat,Siebengewald
19,5854EB,Pieter Breughelstraat,Bergen L
52,5855BX,'t Zand,Well L
1,5856EB,Westerweg,Wellerlooi
15,5851EK,Rimpelt,Afferden L
5,5854AD,Burgemeester Douvenstraat,Bergen L
26,5854PC,Siebengewaldseweg,Bergen L
12,5855CE,Brouwerstraat,Well L
11,5855AS,Elsteren,Well L
15,5851AA,Heukelom,Afferden L
54,5853AD,Gochsedijk,Siebengewald
11,5854PN,Wethouder Kortingstraat,Bergen L
23,5855EA,Bosserheide,Well L
35,5851AH,Dorpsstraat,Afferden L
18,5853AK,Kreeftenheide,Siebengewald
8,5854PW,Bergse Heide,Bergen L
7,5854RG,Oude Bergse Heide,Bergen L
14,5855EK,'t Leuken,Well L
4,5851AP,Veerweg,Afferden L
35,5854BE,Van Straelenstraat,Bergen L
4,5854GG,Fazantstraat,Bergen L
31,5855AG,Hoenderstraat,Well L
15,5855GA,Knikkerdorpweg,Well L
1,5856AC,Kruisstraat,Wellerlooi
33,5853AW,Gaesdoncksestraat,Siebengewald
18,5854BM,Gelderstraat,Bergen L
56,5855AN,Grotestraat,Well L
20,5856AG,Kruisstraat,Wellerlooi
18,5854HA,Bargapark,Bergen L
23,5855AW,Kloosterhof,Well L
14,5856AR,Op de Stalberg,Wellerlooi
1,5854BV,Keulerstraat,Bergen L
7,5851BT,Margrietstraat,Afferden L
7,5854CE,Baron de Liedelstraat,Bergen L
1,5854JA,Wezelstraat,Bergen L
26,5855BD,Papenbeek,Well L
6,5856AX,Droogstal,Wellerlooi
23,5851DA,Staaijerhof,Afferden L
24,5851DA,Staaijerhof,Afferden L
7,5853EE,Kloosterweg,Siebengewald
1,5854CN,Roefsstraat,Bergen L
18,5854JE,Hermelijnsingel,Bergen L
61,5855BL,Sint Vitusstraat,Well L
4,5854BS,Gerardus Mandersstraat,Bergen L
8,5851DK,Leegveldseweg,Afferden L
16,5855BT,Sterrenbos,Well L
18,5856CH,Tuinstraat,Wellerlooi
17,5854HV,Havikstraat,Bergen L
8,5851EE,Bleijenbeek,Afferden L
1,5854EE,George Breitnerstraat,Bergen L
42,5855BZ,Klokkemakerstraat,Well L
5,5855DE,Kuiperstraat,Well L
29,5853AA,Gochsedijk,Siebengewald
23,5854AG,Groenekruissingel,Bergen L
24,5854EL,Frans Halsstraat,Bergen L
7,5855CH,Olieslagerstraat,Well L
67,5854EB,Pieter Breughelstraat,Bergen L
1,5851AD,Gening,Afferden L
118,5853AE,Gochsedijk,Siebengewald
29,5854AS,Rijksweg,Bergen L
17,5854ET,Jacob Marisstraat,Bergen L
36,5854PR,Aijen,Bergen L
15,5855AT,Elsterendijk,Well L
40,5851AK,Dorpsstraat,Afferden L
9,5853AM,Nieuweweg,Siebengewald
19,5854BA,Sint Petrusstraat,Bergen L
14,5854GB,Merelstraat,Bergen L
2,5855AC,Knikkerdorp,Well L
25,5851AS,Kapelstraat,Afferden L
14,5854BJ,Van Straelenstraat,Bergen L
14,5854GJ,Patrijsstraat,Bergen L
41,5856AA,Rijksweg-Zuid,Wellerlooi
10,5853BB,Anjerstraat,Siebengewald
22,5854BR,Boermansstraat,Bergen L
11,5854GS,Vogellaan,Bergen L
15,5855AR,Nicolaasstraat,Well L
24,5851BL,Wilhelminastraat,Afferden L
22,5854BX,Keulerstraat,Bergen L
42,5854HB,Bargapark,Bergen L
5,5855AX,Overbrouck,Well L
5,5851BV,Melingstraat,Afferden L
8,5853BX,Boterdijk,Siebengewald
20,5854CE,Baron de Liedelstraat,Bergen L
21,5854JA,Wezelstraat,Bergen L
6,5856AZ,Vinkenkamp,Wellerlooi
23,5853EE,Kloosterweg,Siebengewald
81,5855BL,Sint Vitusstraat,Well L
8,5856CB,Venweg,Wellerlooi
14,5851DL,Elskampweg,Afferden L
79,5853EP,Nieuweweg,Siebengewald
1205,5854NC,De Flammert,Bergen L
36,5855BV,Sterrenbos,Well L
10,5854HW,Sperwerstraat,Bergen L
11,5854EE,George Breitnerstraat,Bergen L
14,5855DH,Koperslagerstraat,Well L
55,5853AB,Gochsedijk,Siebengewald
14,5854AH,Groenekruissingel,Bergen L
7,5854EM,Rembrandtplein,Bergen L
7,5854PH,Smal,Bergen L
7,5855CJ,Brouwerstraat,Well L
25,5851AD,Gening,Afferden L
138,5853AG,Gochsedijk,Siebengewald
47,5854AS,Rijksweg,Bergen L
6,5854EV,Jacob Ruysdaelstraat,Bergen L
9,5854PS,Aijenseweg,Bergen L
5,5855EE,Vossenheuvel,Well L
60,5851AK,Dorpsstraat,Afferden L
25,5853AM,Nieuweweg,Siebengewald
16,5854BB,Sint Petrusstraat,Bergen L
27,5854GB,Merelstraat,Bergen L
11,5855AD,Kasteellaan,Well L
18,5855EN,Wezerweg,Well L
45,5851AS,Kapelstraat,Afferden L
51,5853AT,Seringenstraat,Siebengewald
46,5854BJ,Van Straelenstraat,Bergen L
34,5854GJ,Patrijsstraat,Bergen L
33,5855AL,Grotestraat,Well L
2,5853BC,Anemoonstraat,Siebengewald
31,5854GS,Vogellaan,Bergen L
5,5856AL,Op de Wis,Wellerlooi
7,5851BM,Beatrixstraat,Afferden L
12,5853BP,Processieweg,Siebengewald
38,5854BZ,Keulerstraat,Bergen L
64,5854HB,Bargapark,Bergen L
25,5855AX,Overbrouck,Well L
19,5856AS,Catharinastraat,Wellerlooi
259,5854DC,Vlammertsehof,Bergen L
11,5855AK,Grotestraat,Well L
31,5851BW,Melingstraat,Afferden L
26,5853BX,Boterdijk,Siebengewald
11,5854CG,Pastoor Erphagenstraat,Bergen L
7,5854JB,Vossenlaan,Bergen L
60,5855BE,Papenbeek,Well L
23,5856AZ,Vinkenkamp,Wellerlooi
213,5854DC,Vlammertsehof,Bergen L
11,5851DD,Wielerveldweg,Afferden L
2,5853EG,Koekoek,Siebengewald
2,5854CR,Gildenstraat,Bergen L
6,5856CC,Van Ophovenstraat,Wellerlooi
3,5851DN,Alverpad,Afferden L
96,5853ER,Nieuweweg,Siebengewald
1403,5854NE,De Flammert,Bergen L
56,5855BV,Sterrenbos,Well L
21,5854EE,George Breitnerstraat,Bergen L
4,5855CB,Moleneind,Well L
40,5854AH,Groenekruissingel,Bergen L
8,5854PJ,Oude Baan,Bergen L
4,5855CK,Zandsehof,Well L
154,5853AG,Gochsedijk,Siebengewald
6,5854EW,Jan Steenstraat,Bergen L
7,5855EG,De Kamp,Well L
12,5854PR,Aijen,Bergen L
78,5851AL,Dorpsstraat,Afferden L
3,5854GC,Meeuwstraat,Bergen L
19,5855AD,Kasteellaan,Well L
5,5855ER,Wolfsven,Well L
71,5853AT,Seringenstraat,Siebengewald
9,5854GK,Patrijsstraat,Bergen L
49,5855AL,Grotestraat,Well L
1,5853BD,Tulpenstraat,Siebengewald
21,5856AL,Op de Wis,Wellerlooi
17,5851BM,Beatrixstraat,Afferden L
58,5854BZ,Keulerstraat,Bergen L
20,5855AZ,Overbrouck,Well L
31,5856AS,Catharinastraat,Wellerlooi
24,5854AE,Burgemeester Douvenstraat,Bergen L
51,5851BW,Melingstraat,Afferden L
8,5854CH,Pastoor Erphagenstraat,Bergen L
19,5854JB,Vossenlaan,Bergen L
32,5856AZ,Vinkenkamp,Wellerlooi
9,5851DE,Leemkuilenweg,Afferden L
28,5853EG,Koekoek,Siebengewald
12,5854CR,Gildenstraat,Bergen L
10,5854JG,Marterstraat,Bergen L
34,5855BM,Sint Vitusstraat,Well L
1,5851EA,Hengeland,Afferden L
2,5853ES,Pannenweg,Siebengewald
46,5854CZ,Jeroen Boschstraat,Bergen L
5,5855BW,'t Zand,Well L
75,5853AJ,Kreeftenheide,Siebengewald
6,5854DD,Vlammertsehof,Bergen L
5,5851EH,Eckeltsedijk,Afferden L
5,5854AB,Oude Kerkstraat,Bergen L
17,5854EG,Jan van Eyckstraat,Bergen L
17,5855CB,Moleneind,Well L
17,5854AJ,Kerkstraat,Bergen L
9,5854EN,Meindert Hobbemastraat,Bergen L
8,5855DB,Mandenmakerstraat,Well L
1,5851AG,Dorpsstraat,Afferden L
15,5853AH,Kreeftenheide,Siebengewald
16,5854EW,Jan Steenstraat,Bergen L
18,5854PT,Aijenseweg,Bergen L
16,5855EG,De Kamp,Well L
1,5851AM,Mgr. Frederixplein,Afferden L
59,5853AN,Nieuweweg,Siebengewald
13,5854BC,Van Baerlestraat,Bergen L
23,5854GC,Meeuwstraat,Bergen L
35,5855AD,Kasteellaan,Well L
13,5854BK,Kleefstraat,Bergen L
4,5851AT,Kapelstraat,Afferden L
16,5853AV,Seringenstraat,Siebengewald
2,5854BL,Kleefstraat,Bergen L
29,5854GK,Patrijsstraat,Bergen L
6,5855AM,Grotestraat,Well L
17,5856AC,Kruisstraat,Wellerlooi
10,5851BE,Langstraat,Afferden L
11,5853BD,Tulpenstraat,Siebengewald
33,5854BS,Gerardus Mandersstraat,Bergen L
13,5854GT,Beukstraat,Bergen L
2,5855AS,Elsteren,Well L
16,5856AM,Op de Wis,Wellerlooi
6,5851BP,Irenestraat,Afferden L
5,5853BR,Mgr. Paredisstraat,Siebengewald
37,5854HC,Bargapark,Bergen L
11,5855BA,Papenbeek,Well L
8,5851BX,Melingstraat,Afferden L
56,5853BZ,Boterdijk,Siebengewald
28,5854CH,Pastoor Erphagenstraat,Bergen L
39,5854JB,Vossenlaan,Bergen L
53,5856AZ,Vinkenkamp,Wellerlooi
5,5853EH,Ottenskamp,Siebengewald
10,5854CS,Bommelroystraat,Bergen L
54,5855BN,Sint Vitusstraat,Well L
3,5854PA,Siebengewaldseweg,Bergen L
29,5855BW,'t Zand,Well L
5,5856CL,Hamert,Wellerlooi
12,5851EJ,Rimpelt,Afferden L
23,5854AB,Oude Kerkstraat,Bergen L
18,5855CC,Mulderstraat,Well L
2,5854AK,Kerkstraat,Bergen L
11,5854AB,Oude Kerkstraat,Bergen L
16,5851AW,Julianastraat,Afferden L
16,5854GN,Reigerstraat,Bergen L
2,5851BK,Bernhardstraat,Afferden L
4,5853BK,Pastoor Reintjesstraat,Siebengewald
23,5854BV,Keulerstraat,Bergen L
10,5854GX,Acaciastraat,Bergen L
13,5856AP,Op de Peperkamp,Wellerlooi
7,5854HS,Valkstraat,Bergen L
6,5851BS,Alexanderstraat,Afferden L
21,5853BV,Boterdijk,Siebengewald
4,5854HZ,Eikstraat,Bergen L
89,5855BC,Papenbeek,Well L
215,5854DC,Vlammertsehof,Bergen L
9,5851CA,Oranje Nassaustraat,Afferden L
12,5853ED,Augustinusweg,Siebengewald
21,5854JD,Eekhoornstraat,Bergen L
21,5855BK,Sint Vitusstraat,Well L
33,5856BB,Geysselberg,Wellerlooi
7,5851DJ,Molenkampweg,Afferden L
1,5853EM,Beltweg,Siebengewald
18,5854CX,Murseltseweg,Bergen L
1022,5854NA,De Flammert,Bergen L
6,5856CH,Tuinstraat,Wellerlooi
2,5855EL,De Vissert,Well L
62,5851EC,Afferdse Heide,Afferden L
8,5853GA,Callunastraat,Siebengewald
89,5854PB,Siebengewaldseweg,Bergen L
18,5855BZ,Klokkemakerstraat,Well L
2,5851DA,Staaijerhof,Afferden L
4,5851GA,Berkenkamp,Afferden L
5,5854EK,Frans Halsstraat,Bergen L
66,5854PD,Siebengewaldseweg,Bergen L
8,5855CG,Weverstraat,Well L
30,5851AB,Heukelom,Afferden L
6,5855BH,Elbert Franssenstraat,Well L
16,5856BA,Geysselberg,Wellerlooi
1201,5854NC,De Flammert,Bergen L
52,5854AH,Groenekruissingel,Bergen L
4,5854DZ,Van Meerlaerstraat,Bergen L
11,5851DG,Straatakkerweg,Afferden L
15,5853EJ,Vrij,Siebengewald
28,5854JH,Fluwijnstraat,Bergen L
2,5855BP,Pastoor Reinéstraat,Well L
5,5856CG,Tuinstraat,Wellerlooi
1,5854AG,Groenekruissingel,Bergen L
217,5854DC,Vlammertsehof,Bergen L
3,5854EA,Pieter Breughelstraat,Bergen L
27,5854PA,Siebengewaldseweg,Bergen L
18,5855BX,'t Zand,Well L
30,5851EJ,Rimpelt,Afferden L
24,5854EH,Jan van Eyckstraat,Bergen L
15,5855CD,Mulderstraat,Well L
37,5854BK,Kleefstraat,Bergen L
16,5853AC,Gochsedijk,Siebengewald
24,5854AK,Kerkstraat,Bergen L
11,5854EP,Schilderslaan,Bergen L
2,5854PL,Aijerdijk,Bergen L
18,5855DD,Rietdekkerstraat,Well L
1,5851AA,Heukelom,Afferden L
36,5853AD,Gochsedijk,Siebengewald
4,5854AM,Lindenlaan,Bergen L
33,5854EP,Schilderslaan,Bergen L
5,5854PM,Holshaeg,Bergen L
7,5855EA,Bosserheide,Well L
25,5851AG,Dorpsstraat,Afferden L
1,5854EZ,Paulus Potterstraat,Bergen L
4,5854PV,Op de Paal,Bergen L
7,5855EK,'t Leuken,Well L
20,5851EC,Afferdse Heide,Afferden L
14,5851AN,Pastoor Berdenstraat,Afferden L
20,5853AP,Nieuweweg,Siebengewald
13,5854BE,Van Straelenstraat,Bergen L
10,5854GE,Kriekstraat,Bergen L
13,5855AG,Hoenderstraat,Well L
3,5855GA,Knikkerdorpweg,Well L
1,5851AV,Julianastraat,Afferden L
8,5854BM,Gelderstraat,Bergen L
5,5854GM,Meerkoetstraat,Bergen L
6,5856AE,Kruisstraat,Wellerlooi
1,5853BJ,Wethouder Breekstraat,Siebengewald
13,5854BT,Arendaelstraat,Bergen L
20,5854GW,Berkstraat,Bergen L
3,5855AV,De Paad,Well L
7,5851BR,Christinastraat,Afferden L
5,5853BT,Verlengde Boterdijk,Siebengewald
6,5854CD,Schilderslaan,Bergen L
2,5854HX,Meidoornstraat,Bergen L
47,5855BB,Papenbeek,Well L
4,5851BZ,Prins Hendrikstraat,Afferden L
12,5854CK,Herckenrathstraat,Bergen L
2,5854JD,Eekhoornstraat,Bergen L
3,5855BJ,Sint Barbarastraat,Well L
1034,5854NA,De Flammert,Bergen L
26,5854DZ,Van Meerlaerstraat,Bergen L
2,5851DH,Molenkampweg,Afferden L
4,5853EK,Vrij,Siebengewald
15,5854JJ,Fluwijnstraat,Bergen L
5,5855BR,Sterrenbos,Well L
15,5853BK,Pastoor Reintjesstraat,Siebengewald
30,5851EA,Hengeland,Afferden L
21,5854EB,Pieter Breughelstraat,Bergen L
53,5854PA,Siebengewaldseweg,Bergen L
54,5855BX,'t Zand,Well L
17,5851EK,Rimpelt,Afferden L
8,5854EJ,Vincent van Goghstraat,Bergen L
28,5854PC,Siebengewaldseweg,Bergen L
14,5855CE,Brouwerstraat,Well L
56,5853AD,Gochsedijk,Siebengewald
13,5854PN,Wethouder Kortingstraat,Bergen L
25,5855EA,Bosserheide,Well L
37,5851AH,Dorpsstraat,Afferden L
36,5853AV,Seringenstraat,Siebengewald
22,5854BL,Kleefstraat,Bergen L
49,5854GK,Patrijsstraat,Bergen L
18,5855AM,Grotestraat,Well L
35,5856AD,Kruisstraat,Wellerlooi
26,5851BG,Langstraat,Afferden L
3,5854BT,Arendaelstraat,Bergen L
7,5854GW,Berkstraat,Bergen L
4,5856AN,Op de Valckxberg,Wellerlooi
54,5851EC,Afferdse Heide,Afferden L
26,5851BP,Irenestraat,Afferden L
18,5853BR,Mgr. Paredisstraat,Siebengewald
96,5854CC,Schilderslaan,Bergen L
61,5854HD,Bargapark,Bergen L
14,5856AT,Catharinastraat,Wellerlooi
28,5851BX,Melingstraat,Afferden L
9,5853EA,Augustinusweg,Siebengewald
15,5854CJ,Herckenrathstraat,Bergen L
8,5854JC,Dassenstraat,Bergen L
7,5855BH,Elbert Franssenstraat,Well L
18,5856BA,Geysselberg,Wellerlooi
30,5855AH,Hoenderstraat,Well L
6,5854DZ,Van Meerlaerstraat,Bergen L
12,5851DG,Straatakkerweg,Afferden L
17,5853EJ,Vrij,Siebengewald
11,5854CV,Murseltseweg,Bergen L
30,5854JH,Fluwijnstraat,Bergen L
3,5855BP,Pastoor Reinéstraat,Well L
13,5851EA,Hengeland,Afferden L
1,5853EV,Heidestraat,Siebengewald
29,5854PA,Siebengewaldseweg,Bergen L
26,5855BX,'t Zand,Well L
1,5856CM,Walbeckerweg,Wellerlooi
1,5851EK,Rimpelt,Afferden L
24,5854AC,Oude Kerkstraat,Bergen L
26,5854EH,Jan van Eyckstraat,Bergen L
17,5855CD,Mulderstraat,Well L
39,5854BK,Kleefstraat,Bergen L
18,5853AC,Gochsedijk,Siebengewald
26,5854AK,Kerkstraat,Bergen L
13,5854EP,Schilderslaan,Bergen L
3,5854PL,Aijerdijk,Bergen L
20,5855DD,Rietdekkerstraat,Well L
3,5851AA,Heukelom,Afferden L
38,5853AD,Gochsedijk,Siebengewald
6,5854PM,Holshaeg,Bergen L
9,5855EA,Bosserheide,Well L
27,5851AG,Dorpsstraat,Afferden L
65,5853AJ,Kreeftenheide,Siebengewald
2,5854EZ,Paulus Potterstraat,Bergen L
16,5851AN,Pastoor Berdenstraat,Afferden L
22,5853AP,Nieuweweg,Siebengewald
11,5854GE,Kriekstraat,Bergen L
15,5855AG,Hoenderstraat,Well L
4,5855GA,Knikkerdorpweg,Well L
3,5851AV,Julianastraat,Afferden L
10,5854BM,Gelderstraat,Bergen L
7,5854GM,Meerkoetstraat,Bergen L
44,5851BG,Langstraat,Afferden L
14,5854BT,Arendaelstraat,Bergen L
21,5854GW,Berkstraat,Bergen L
4,5855AV,De Paad,Well L
15,5856AN,Op de Valckxberg,Wellerlooi
6,5853BT,Verlengde Boterdijk,Siebengewald
8,5854CD,Schilderslaan,Bergen L
3,5854HX,Meidoornstraat,Bergen L
49,5855BB,Papenbeek,Well L
14,5854CK,Herckenrathstraat,Bergen L
38,5856BA,Geysselberg,Wellerlooi
4,5854ES,Pieter de Hooghstraat,Bergen L
4,5851DH,Molenkampweg,Afferden L
33,5854CV,Murseltseweg,Bergen L
20,5853AK,Kreeftenheide,Siebengewald
11,5854EZ,Paulus Potterstraat,Bergen L
15,5855EK,'t Leuken,Well L
1,5853EE,Kloosterweg,Siebengewald
6,5851AP,Veerweg,Afferden L
40,5853AR,Nieuweweg,Siebengewald
37,5854BE,Van Straelenstraat,Bergen L
6,5854GG,Fazantstraat,Bergen L
33,5855AG,Hoenderstraat,Well L
1,5855GB,Bergweg,Well L
23,5851AV,Julianastraat,Afferden L
11,5854BM,Gelderstraat,Bergen L
7,5854GN,Reigerstraat,Bergen L
58,5855AN,Grotestraat,Well L
22,5856AG,Kruisstraat,Wellerlooi
1,5851BJ,Schenck van Nijdeggenstraat,Afferden L
5,5854BV,Keulerstraat,Bergen L
32,5854GW,Berkstraat,Bergen L
16,5855AV,De Paad,Well L
4,5856AP,Op de Peperkamp,Wellerlooi
4,5854HV,Havikstraat,Bergen L
23,5851BR,Christinastraat,Afferden L
5,5853BV,Boterdijk,Siebengewald
26,5854CD,Schilderslaan,Bergen L
11,5854HX,Meidoornstraat,Bergen L
67,5855BB,Papenbeek,Well L
52,5856AV,Catharinastraat,Wellerlooi
16,5851BZ,Prins Hendrikstraat,Afferden L
32,5854CK,Herckenrathstraat,Bergen L
12,5854JD,Eekhoornstraat,Bergen L
3,5855BK,Sint Vitusstraat,Well L
15,5856BB,Geysselberg,Wellerlooi
50,5854DD,Vlammertsehof,Bergen L
17,5854DZ,Van Meerlaerstraat,Bergen L
20,5851DH,Molenkampweg,Afferden L
2,5854CW,Murseltseweg,Bergen L
1008,5854NA,De Flammert,Bergen L
23,5855BR,Sterrenbos,Well L
46,5851EC,Afferdse Heide,Afferden L
3,5853EZ,Flieraijseweg,Siebengewald
41,5854EB,Pieter Breughelstraat,Bergen L
73,5854PA,Siebengewaldseweg,Bergen L
9,5855BZ,Klokkemakerstraat,Well L
21,5856ED,Looierweg,Wellerlooi
33,5851EK,Rimpelt,Afferden L
4,5854AE,Burgemeester Douvenstraat,Bergen L
18,5854EJ,Vincent van Goghstraat,Bergen L
48,5854PC,Siebengewaldseweg,Bergen L
34,5855CE,Brouwerstraat,Well L
10,5851AB,Heukelom,Afferden L
2,5854AN,Daem van Kekenstraat,Bergen L
15,5854ER,Jozef Israëlstraat,Bergen L
59,5851AH,Dorpsstraat,Afferden L
40,5853AK,Kreeftenheide,Siebengewald
26,5854EZ,Paulus Potterstraat,Bergen L
19,5855EK,'t Leuken,Well L
16,5854PT,Aijenseweg,Bergen L
22,5851AP,Veerweg,Afferden L
26,5854GG,Fazantstraat,Bergen L
12,5855AH,Hoenderstraat,Well L
18,5851AW,Julianastraat,Afferden L
4,5853AX,Gaesdoncksestraat,Siebengewald
17,5854GN,Reigerstraat,Bergen L
30,5856AG,Kruisstraat,Wellerlooi
3,5851BK,Bernhardstraat,Afferden L
5,5853BK,Pastoor Reintjesstraat,Siebengewald
12,5854GX,Acaciastraat,Bergen L
14,5856AP,Op de Peperkamp,Wellerlooi
23,5853BV,Boterdijk,Siebengewald
46,5854CD,Schilderslaan,Bergen L
91,5855BC,Papenbeek,Well L
8,5856AW,Looierweg,Wellerlooi
24,5854DD,Vlammertsehof,Bergen L
10,5851CA,Oranje Nassaustraat,Afferden L
16,5853ED,Augustinusweg,Siebengewald
10,5854CL,Von Flodorffstraat,Bergen L
23,5855BK,Sint Vitusstraat,Well L
35,5856BB,Geysselberg,Wellerlooi
59,5854BW,Keulerstraat,Bergen L
11,5851DJ,Molenkampweg,Afferden L
15,5853EN,Grensweg,Siebengewald
20,5854CX,Murseltseweg,Bergen L
1026,5854NA,De Flammert,Bergen L
64,5851EC,Afferdse Heide,Afferden L
9,5853GA,Callunastraat,Siebengewald
18,5854EC,Pieter Breughelstraat,Bergen L
19,5855BZ,Klokkemakerstraat,Well L
12,5854PN,Wethouder Kortingstraat,Bergen L
5,5851GA,Berkenkamp,Afferden L
22,5854AE,Burgemeester Douvenstraat,Bergen L
7,5854EK,Frans Halsstraat,Bergen L
68,5854PD,Siebengewaldseweg,Bergen L
9,5855CG,Weverstraat,Well L
7,5854ES,Pieter de Hooghstraat,Bergen L
1,5854PV,Op de Paal,Bergen L
49,5855EB,Bosserheide,Well L
2,5851AJ,Dorpsstraat,Afferden L
66,5853AL,Kreeftenheide,Siebengewald
8,5854GA,Pieter Mondriaanstraat,Bergen L
11,5854RA,Parallelweg,Bergen L
8,5855EL,De Vissert,Well L
80,5853AR,Nieuweweg,Siebengewald
77,5854BG,Van Straelenstraat,Bergen L
19,5854GH,Fazantstraat,Bergen L
44,5851AW,Julianastraat,Afferden L
18,5853AZ,Rozenstraat,Siebengewald
26,5854BN,Van Bergenstraat,Bergen L
18,5854GP,Lijsterstraat,Bergen L
88,5855AP,Grotestraat,Well L
6,5856AH,Schaak,Wellerlooi
3,5851BL,Wilhelminastraat,Afferden L
16,5853BK,Pastoor Reintjesstraat,Siebengewald
45,5854BW,Keulerstraat,Bergen L
13,5855AW,Kloosterhof,Well L
26,5851BS,Alexanderstraat,Afferden L
39,5853BV,Boterdijk,Siebengewald
15,5854HZ,Eikstraat,Bergen L
8,5855BD,Papenbeek,Well L
15,5856AW,Looierweg,Wellerlooi
8,5854JE,Hermelijnsingel,Bergen L
41,5855BL,Sint Vitusstraat,Well L
21,5854BN,Van Bergenstraat,Bergen L
31,5851DJ,Molenkampweg,Afferden L
15,5853EM,Beltweg,Siebengewald
63,5855BS,Sterrenbos,Well L
10,5856CH,Tuinstraat,Wellerlooi
4,5853GC,Kleine Horsterweg,Siebengewald
38,5854ED,Pieter Breughelstraat,Bergen L
29,5855BZ,Klokkemakerstraat,Well L
11,5853AA,Gochsedijk,Siebengewald
7,5854AG,Groenekruissingel,Bergen L
4,5854EL,Frans Halsstraat,Bergen L
22,5855CG,Weverstraat,Well L
5,5851AC,Spitsbrug,Afferden L
7,5854ET,Jacob Marisstraat,Bergen L
6,5855EC,Bosserheide,Well L
20,5851AK,Dorpsstraat,Afferden L
7,5851AS,Kapelstraat,Afferden L
11,5853AS,Seringenstraat,Siebengewald
97,5854BH,Van Straelenstraat,Bergen L
43,5854GH,Fazantstraat,Bergen L
21,5856AA,Rijksweg-Zuid,Wellerlooi
9,5851BA,Langstraat,Afferden L
13,5854GR,Lijsterstraat,Bergen L
13,5851BL,Wilhelminastraat,Afferden L
5,5853BL,Pater van Stiphoutstraat,Siebengewald
24,5853AK,Kreeftenheide,Siebengewald
13,5854EZ,Paulus Potterstraat,Bergen L
11,5854PW,Bergse Heide,Bergen L
7,5854RE,Heidepad,Bergen L
16,5855EK,'t Leuken,Well L
10,5854GG,Fazantstraat,Bergen L
4,5855GB,Bergweg,Well L
41,5853AW,Gaesdoncksestraat,Siebengewald
13,5854BM,Gelderstraat,Bergen L
9,5854GN,Reigerstraat,Bergen L
62,5855AN,Grotestraat,Well L
3,5851BJ,Schenck van Nijdeggenstraat,Afferden L
14,5853BJ,Wethouder Breekstraat,Siebengewald
9,5854BV,Keulerstraat,Bergen L
36,5854GW,Berkstraat,Bergen L
6,5856AP,Op de Peperkamp,Wellerlooi
10,5854HV,Havikstraat,Bergen L
27,5851BR,Christinastraat,Afferden L
9,5853BV,Boterdijk,Siebengewald
71,5855BC,Papenbeek,Well L
2,5851CA,Oranje Nassaustraat,Afferden L
2,5854CL,Von Flodorffstraat,Bergen L
14,5854JD,Eekhoornstraat,Bergen L
17,5854JJ,Fluwijnstraat,Bergen L
13,5856CG,Tuinstraat,Wellerlooi
17,5853EN,Grensweg,Siebengewald
3,5853EW,Ericaweg,Siebengewald
23,5854EB,Pieter Breughelstraat,Bergen L
55,5854PA,Siebengewaldseweg,Bergen L
2,5856EB,Westerweg,Wellerlooi
19,5851EK,Rimpelt,Afferden L
11,5854AD,Burgemeester Douvenstraat,Bergen L
9,5854EJ,Vincent van Goghstraat,Bergen L
30,5854PC,Siebengewaldseweg,Bergen L
16,5855CE,Brouwerstraat,Well L
12,5851DA,Staaijerhof,Afferden L
19,5851AA,Heukelom,Afferden L
58,5853AD,Gochsedijk,Siebengewald
21,5854AM,Lindenlaan,Bergen L
6,5854ER,Jozef Israëlstraat,Bergen L
14,5854PN,Wethouder Kortingstraat,Bergen L
27,5855EA,Bosserheide,Well L
39,5851AH,Dorpsstraat,Afferden L
22,5853AK,Kreeftenheide,Siebengewald
12,5854EZ,Paulus Potterstraat,Bergen L
8,5851AP,Veerweg,Afferden L
42,5853AR,Nieuweweg,Siebengewald
8,5854GG,Fazantstraat,Bergen L
35,5855AG,Hoenderstraat,Well L
2,5855GB,Bergweg,Well L
25,5851AV,Julianastraat,Afferden L
39,5853AW,Gaesdoncksestraat,Siebengewald
20,5854BM,Gelderstraat,Bergen L
24,5856AG,Kruisstraat,Wellerlooi
2,5851BJ,Schenck van Nijdeggenstraat,Afferden L
12,5853BJ,Wethouder Breekstraat,Siebengewald
7,5854BV,Keulerstraat,Bergen L
34,5854GW,Berkstraat,Bergen L
5,5856AP,Op de Peperkamp,Wellerlooi
6,5854HV,Havikstraat,Bergen L
25,5851BR,Christinastraat,Afferden L
28,5854CD,Schilderslaan,Bergen L
12,5854HX,Meidoornstraat,Bergen L
69,5855BB,Papenbeek,Well L
1,5856AW,Looierweg,Wellerlooi
1,5851CA,Oranje Nassaustraat,Afferden L
13,5854JD,Eekhoornstraat,Bergen L
5,5855BK,Sint Vitusstraat,Well L
17,5856BB,Geysselberg,Wellerlooi
19,5854DZ,Van Meerlaerstraat,Bergen L
22,5851DH,Molenkampweg,Afferden L
1011,5854NA,De Flammert,Bergen L
25,5855BR,Sterrenbos,Well L
23,5856CG,Tuinstraat,Wellerlooi
50,5851EC,Afferdse Heide,Afferden L
43,5854EB,Pieter Breughelstraat,Bergen L
75,5854PA,Siebengewaldseweg,Bergen L
10,5855BZ,Klokkemakerstraat,Well L
71,5853AJ,Kreeftenheide,Siebengewald
35,5851EK,Rimpelt,Afferden L
6,5854AE,Burgemeester Douvenstraat,Bergen L
19,5854EJ,Vincent van Goghstraat,Bergen L
76,5853AD,Gochsedijk,Siebengewald
3,5854AN,Daem van Kekenstraat,Bergen L
16,5854ER,Jozef Israëlstraat,Bergen L
7,5854PP,Aijen,Bergen L
61,5851AH,Dorpsstraat,Afferden L
42,5853AK,Kreeftenheide,Siebengewald
28,5854EZ,Paulus Potterstraat,Bergen L
1,5854RA,Parallelweg,Bergen L
64,5853AR,Nieuweweg,Siebengewald
1,5854GH,Fazantstraat,Bergen L
20,5853AX,Gaesdoncksestraat,Siebengewald
8,5854BN,Van Bergenstraat,Bergen L
19,5854GN,Reigerstraat,Bergen L
76,5855AP,Grotestraat,Well L
32,5856AG,Kruisstraat,Wellerlooi
4,5851BK,Bernhardstraat,Afferden L
6,5853BK,Pastoor Reintjesstraat,Siebengewald
27,5854BV,Keulerstraat,Bergen L
2,5854GZ,Vogellaan,Bergen L
4,5855AW,Kloosterhof,Well L
15,5856AP,Op de Peperkamp,Wellerlooi
8,5854HV,Havikstraat,Bergen L
10,5851BS,Alexanderstraat,Afferden L
48,5854CD,Schilderslaan,Bergen L
6,5854HZ,Eikstraat,Bergen L
93,5855BC,Papenbeek,Well L
9,5856AW,Looierweg,Wellerlooi
11,5851CA,Oranje Nassaustraat,Afferden L
18,5853ED,Augustinusweg,Siebengewald
11,5854CL,Von Flodorffstraat,Bergen L
25,5854JD,Eekhoornstraat,Bergen L
25,5855BK,Sint Vitusstraat,Well L
13,5851DJ,Molenkampweg,Afferden L
2,5853EM,Beltweg,Siebengewald
22,5854CX,Murseltseweg,Bergen L
10,5853GA,Callunastraat,Siebengewald
20,5854EC,Pieter Breughelstraat,Bergen L
93,5854PB,Siebengewaldseweg,Bergen L
20,5855BZ,Klokkemakerstraat,Well L
9,5854EK,Frans Halsstraat,Bergen L
70,5854PD,Siebengewaldseweg,Bergen L
10,5855CG,Weverstraat,Well L
1,5851AC,Spitsbrug,Afferden L
11,5854AR,Rijksweg,Bergen L
9,5854ES,Pieter de Hooghstraat,Bergen L
2,5854PR,Aijen,Bergen L
51,5855EB,Bosserheide,Well L
2,5853ET,Beekheuvel,Siebengewald
68,5853AL,Kreeftenheide,Siebengewald
9,5854GA,Pieter Mondriaanstraat,Bergen L
9,5855EL,De Vissert,Well L
7,5851AR,Notarisstraat,Afferden L
82,5853AR,Nieuweweg,Siebengewald
79,5854BG,Van Straelenstraat,Bergen L
32,5855AH,Hoenderstraat,Well L
3,5856AA,Rijksweg-Zuid,Wellerlooi
20,5853AZ,Rozenstraat,Siebengewald
20,5854GP,Lijsterstraat,Bergen L
90,5855AP,Grotestraat,Well L
8,5856AH,Schaak,Wellerlooi
4,5851BL,Wilhelminastraat,Afferden L
22,5854GZ,Vogellaan,Bergen L
14,5855AW,Kloosterhof,Well L
5,5856AR,Op de Stalberg,Wellerlooi
4,5854PR,Aijen,Bergen L
41,5853BW,Boterdijk,Siebengewald
68,5854CD,Schilderslaan,Bergen L
17,5854HZ,Eikstraat,Bergen L
10,5855BD,Papenbeek,Well L
17,5856AW,Looierweg,Wellerlooi
34,5853ED,Augustinusweg,Siebengewald
9,5854JE,Hermelijnsingel,Bergen L
43,5855BL,Sint Vitusstraat,Well L
23,5854BN,Van Bergenstraat,Bergen L
23,5853EM,Beltweg,Siebengewald
42,5854CX,Murseltseweg,Bergen L
1042,5854NA,De Flammert,Bergen L
65,5855BS,Sterrenbos,Well L
5,5853GC,Kleine Horsterweg,Siebengewald
40,5854ED,Pieter Breughelstraat,Bergen L
135,5854PB,Siebengewaldseweg,Bergen L
13,5853AA,Gochsedijk,Siebengewald
9,5854AG,Groenekruissingel,Bergen L
6,5854EL,Frans Halsstraat,Bergen L
90,5854PD,Siebengewaldseweg,Bergen L
24,5855CG,Weverstraat,Well L
45,5854EB,Pieter Breughelstraat,Bergen L
6,5851AC,Spitsbrug,Afferden L
25,5854AR,Rijksweg,Bergen L
18,5854PR,Aijen,Bergen L
8,5855EC,Bosserheide,Well L
80,5853AL,Kreeftenheide,Siebengewald
1,5854BA,Sint Petrusstraat,Bergen L
5,5854GB,Merelstraat,Bergen L
9,5855EM,Wezerweg,Well L
11,5851AS,Kapelstraat,Afferden L
13,5853AS,Seringenstraat,Siebengewald
99,5854BH,Van Straelenstraat,Bergen L
45,5854GH,Fazantstraat,Bergen L
3,5855AK,Grotestraat,Well L
23,5856AA,Rijksweg-Zuid,Wellerlooi
8,5854BR,Boermansstraat,Bergen L
15,5854GR,Lijsterstraat,Bergen L
6,5855AR,Nicolaasstraat,Well L
15,5856AJ,Beekstraat,Wellerlooi
14,5851BL,Wilhelminastraat,Afferden L
7,5853BL,Pater van Stiphoutstraat,Siebengewald
22,5854HA,Bargapark,Bergen L
24,5855AW,Kloosterhof,Well L
15,5856AR,Op de Stalberg,Wellerlooi
8,5851BT,Margrietstraat,Afferden L
57,5853BW,Boterdijk,Siebengewald
8,5854CE,Baron de Liedelstraat,Bergen L
3,5854JA,Wezelstraat,Bergen L
28,5855BD,Papenbeek,Well L
7,5856AX,Droogstal,Wellerlooi
8,5856CC,Van Ophovenstraat,Wellerlooi
27,5851DA,Staaijerhof,Afferden L
8,5853EE,Kloosterweg,Siebengewald
3,5854CN,Roefsstraat,Bergen L
19,5854JE,Hermelijnsingel,Bergen L
63,5855BL,Sint Vitusstraat,Well L
6,5854BS,Gerardus Mandersstraat,Bergen L
10,5851DK,Leegveldseweg,Afferden L
9,5853EN,Grensweg,Siebengewald
1102,5854NB,De Flammert,Bergen L
18,5855BT,Sterrenbos,Well L
20,5856CH,Tuinstraat,Wellerlooi
1,5854HV,Havikstraat,Bergen L
2,5854EE,George Breitnerstraat,Bergen L
123,5854PB,Siebengewaldseweg,Bergen L
44,5855BZ,Klokkemakerstraat,Well L
9,5855DG,Koperslagerstraat,Well L
25,5854AG,Groenekruissingel,Bergen L
26,5854EL,Frans Halsstraat,Bergen L
8,5855CH,Olieslagerstraat,Well L
69,5854EB,Pieter Breughelstraat,Bergen L
120,5853AG,Gochsedijk,Siebengewald
33,5854AS,Rijksweg,Bergen L
18,5854ET,Jacob Marisstraat,Bergen L
7,5855ED,Halve Maan,Well L
17,5853BK,Pastoor Reintjesstraat,Siebengewald
42,5851AK,Dorpsstraat,Afferden L
11,5853AM,Nieuweweg,Siebengewald
21,5854BA,Sint Petrusstraat,Bergen L
15,5854GB,Merelstraat,Bergen L
4,5855EN,Wezerweg,Well L
27,5851AS,Kapelstraat,Afferden L
33,5853AT,Seringenstraat,Siebengewald
16,5854BJ,Van Straelenstraat,Bergen L
15,5855AK,Grotestraat,Well L
25,5851BB,Langstraat,Afferden L
11,5853BB,Anjerstraat,Siebengewald
13,5854GS,Vogellaan,Bergen L
16,5856AK,Op de Kanijnskamp,Wellerlooi
26,5851BL,Wilhelminastraat,Afferden L
11,5853BM,Processieweg,Siebengewald
24,5854BX,Keulerstraat,Bergen L
7,5855AX,Overbrouck,Well L
96,5853AE,Gochsedijk,Siebengewald
7,5851BV,Melingstraat,Afferden L
22,5854CE,Baron de Liedelstraat,Bergen L
23,5854JA,Wezelstraat,Bergen L
44,5855BE,Papenbeek,Well L
7,5856AZ,Vinkenkamp,Wellerlooi
25,5853EE,Kloosterweg,Siebengewald
11,5854CN,Roefsstraat,Bergen L
29,5854JE,Hermelijnsingel,Bergen L
10,5856CB,Venweg,Wellerlooi
16,5851DL,Elskampweg,Afferden L
1208,5854NC,De Flammert,Bergen L
38,5855BV,Sterrenbos,Well L
4,5854HW,Sperwerstraat,Bergen L
19,5855CA,Lammerskamp,Well L
8,5854EM,Rembrandtplein,Bergen L
8,5854PH,Smal,Bergen L
9,5855CJ,Brouwerstraat,Well L
29,5851AD,Gening,Afferden L
140,5853AG,Gochsedijk,Siebengewald
49,5854AS,Rijksweg,Bergen L
7,5854EV,Jacob Ruysdaelstraat,Bergen L
1,5855EG,De Kamp,Well L
27,5853AM,Nieuweweg,Siebengewald
29,5854GB,Merelstraat,Bergen L
20,5855EN,Wezerweg,Well L
47,5851AS,Kapelstraat,Afferden L
53,5853AT,Seringenstraat,Siebengewald
48,5854BJ,Van Straelenstraat,Bergen L
36,5854GJ,Patrijsstraat,Bergen L
35,5855AL,Grotestraat,Well L
4,5853BC,Anemoonstraat,Siebengewald
16,5854BS,Gerardus Mandersstraat,Bergen L
33,5854GS,Vogellaan,Bergen L
8,5851BM,Beatrixstraat,Afferden L
14,5853BP,Processieweg,Siebengewald
40,5854BZ,Keulerstraat,Bergen L
66,5854HB,Bargapark,Bergen L
261,5854DC,Vlammertsehof,Bergen L
1,5854BC,Van Baerlestraat,Bergen L
33,5851BW,Melingstraat,Afferden L
13,5854CG,Pastoor Erphagenstraat,Bergen L
8,5854JB,Vossenlaan,Bergen L
62,5855BE,Papenbeek,Well L
24,5856AZ,Vinkenkamp,Wellerlooi
13,5851DD,Wielerveldweg,Afferden L
3,5854CR,Gildenstraat,Bergen L
1,5854JG,Marterstraat,Bergen L
16,5855BM,Sint Vitusstraat,Well L
1,5856CD,Emmastraat,Wellerlooi
4,5851DN,Alverpad,Afferden L
98,5853ER,Nieuweweg,Siebengewald
25,5854CZ,Jeroen Boschstraat,Bergen L
58,5855BV,Sterrenbos,Well L
3,5854AA,Maasstraat,Bergen L
23,5854EE,George Breitnerstraat,Bergen L
5,5855CB,Moleneind,Well L
44,5854AH,Groenekruissingel,Bergen L
9,5854PJ,Oude Baan,Bergen L
8,5851AE,Gening,Afferden L
10,5854AT,Rijksweg,Bergen L
7,5854EW,Jan Steenstraat,Bergen L
47,5853AN,Nieuweweg,Siebengewald
4,5854BC,Van Baerlestraat,Bergen L
5,5854GC,Meeuwstraat,Bergen L
73,5853AT,Seringenstraat,Siebengewald
7,5854BK,Kleefstraat,Bergen L
11,5854GK,Patrijsstraat,Bergen L
2,5851BE,Langstraat,Afferden L
2,5853BD,Tulpenstraat,Siebengewald
2,5854GT,Beukstraat,Bergen L
8,5855AS,Elsteren,Well L
23,5856AL,Op de Wis,Wellerlooi
18,5851BM,Beatrixstraat,Afferden L
60,5854BZ,Keulerstraat,Bergen L
13,5854HC,Bargapark,Bergen L
22,5855AZ,Overbrouck,Well L
21,5854EN,Meindert Hobbemastraat,Bergen L
27,5855DC,Rietdekkerstraat,Well L
35,5853AH,Kreeftenheide,Siebengewald
5,5854EX,Johannes Vermeerstraat,Bergen L
30,5854PT,Aijenseweg,Bergen L
1,5855EK,'t Leuken,Well L
77,5853AN,Nieuweweg,Siebengewald
16,5854GD,Meeuwstraat,Bergen L
14,5855AE,Kasteellaan,Well L
3,5855ES,Veenweg,Well L
22,5851AT,Kapelstraat,Afferden L
2,5855DB,Mandenmakerstraat,Well L
13,5853AH,Kreeftenheide,Siebengewald
40,5854AV,Rijksweg,Bergen L
15,5854EW,Jan Steenstraat,Bergen L
96,5851AL,Dorpsstraat,Afferden L
57,5853AN,Nieuweweg,Siebengewald
12,5854BC,Van Baerlestraat,Bergen L
21,5854GC,Meeuwstraat,Bergen L
33,5855AD,Kasteellaan,Well L
5,5854BK,Kleefstraat,Bergen L
2,5851AT,Kapelstraat,Afferden L
14,5853AV,Seringenstraat,Siebengewald
27,5854BK,Kleefstraat,Bergen L
27,5854GK,Patrijsstraat,Bergen L
15,5856AC,Kruisstraat,Wellerlooi
10,5853BD,Tulpenstraat,Siebengewald
31,5854BS,Gerardus Mandersstraat,Bergen L
11,5854GT,Beukstraat,Bergen L
15,5855AS,Elsteren,Well L
14,5856AM,Op de Wis,Wellerlooi
4,5851BP,Irenestraat,Afferden L
4,5853BR,Mgr. Paredisstraat,Siebengewald
74,5854CC,Schilderslaan,Bergen L
35,5854HC,Bargapark,Bergen L
9,5855BA,Papenbeek,Well L
6,5851BX,Melingstraat,Afferden L
54,5853BZ,Boterdijk,Siebengewald
26,5854CH,Pastoor Erphagenstraat,Bergen L
37,5854JB,Vossenlaan,Bergen L
88,5855BG,Papenbeek,Well L
51,5856AZ,Vinkenkamp,Wellerlooi
10,5856BD,Vliespas,Wellerlooi
1,5851DG,Straatakkerweg,Afferden L
4,5853EH,Ottenskamp,Siebengewald
9,5854CS,Bommelroystraat,Bergen L
8,5854JH,Fluwijnstraat,Bergen L
52,5855BN,Sint Vitusstraat,Well L
2,5856CE,Meerseweg,Wellerlooi
22,5851DA,Staaijerhof,Afferden L
11,5853ES,Pannenweg,Siebengewald
1,5854PA,Siebengewaldseweg,Bergen L
27,5855BW,'t Zand,Well L
4,5853BS,Sint Jozefstraat,Siebengewald
17,5854AB,Oude Kerkstraat,Bergen L
4,5854EH,Jan van Eyckstraat,Bergen L
16,5855CC,Mulderstraat,Well L
25,5855DC,Rietdekkerstraat,Well L
33,5853AH,Kreeftenheide,Siebengewald
4,5854EX,Johannes Vermeerstraat,Bergen L
3,5851AN,Pastoor Berdenstraat,Afferden L
75,5853AN,Nieuweweg,Siebengewald
2,5855ES,Veenweg,Well L
20,5851AT,Kapelstraat,Afferden L
34,5853AV,Seringenstraat,Siebengewald
47,5854GK,Patrijsstraat,Bergen L
16,5855AM,Grotestraat,Well L
33,5856AD,Kruisstraat,Wellerlooi
9,5853BE,Kanunnik Geurtsstraat,Siebengewald
2,5854BT,Arendaelstraat,Bergen L
6,5854GW,Berkstraat,Bergen L
3,5856AN,Op de Valckxberg,Wellerlooi
24,5851BP,Irenestraat,Afferden L
16,5853BR,Mgr. Paredisstraat,Siebengewald
94,5854CC,Schilderslaan,Bergen L
59,5854HD,Bargapark,Bergen L
27,5855BA,Papenbeek,Well L
40,5854PT,Aijenseweg,Bergen L
26,5851BX,Melingstraat,Afferden L
5,5853EA,Augustinusweg,Siebengewald
13,5854CJ,Herckenrathstraat,Bergen L
34,5854DD,Vlammertsehof,Bergen L
5,5851AV,Julianastraat,Afferden L
25,5853AW,Gaesdoncksestraat,Siebengewald
3,5854BM,Gelderstraat,Bergen L
9,5854GM,Meerkoetstraat,Bergen L
38,5855AN,Grotestraat,Well L
8,5856AE,Kruisstraat,Wellerlooi
22,5855DD,Rietdekkerstraat,Well L
46,5851BH,Langstraat,Afferden L
3,5853BJ,Wethouder Breekstraat,Siebengewald
15,5854BT,Arendaelstraat,Bergen L
22,5854GW,Berkstraat,Bergen L
16,5856AN,Op de Valckxberg,Wellerlooi
153,5854PB,Siebengewaldseweg,Bergen L
9,5851BR,Christinastraat,Afferden L
7,5853BT,Verlengde Boterdijk,Siebengewald
10,5854CD,Schilderslaan,Bergen L
4,5854HX,Meidoornstraat,Bergen L
51,5855BB,Papenbeek,Well L
30,5856AV,Catharinastraat,Wellerlooi
6,5851BZ,Prins Hendrikstraat,Afferden L
16,5854CK,Herckenrathstraat,Bergen L
4,5854JD,Eekhoornstraat,Bergen L
40,5856BA,Geysselberg,Wellerlooi
1305,5854ND,De Flammert,Bergen L
6,5854ES,Pieter de Hooghstraat,Bergen L
1,5854DZ,Van Meerlaerstraat,Bergen L
8,5853EK,Vrij,Siebengewald
35,5854CV,Murseltseweg,Bergen L
19,5854JJ,Fluwijnstraat,Bergen L
