2,8911EN,Jacobijnerkerkhof,Leeuwarden
14,8911EN,Jacobijnerkerkhof,Leeuwarden
28,8921BE,Jakob van Aakenstraat,Leeuwarden
30,8921BE,Jakob van Aakenstraat,Leeuwarden
6,8912AS,James Wattstraat,Leeuwarden
538,8918HM,de Jokse,Leeuwarden
542,8918HM,de Jokse,Leeuwarden
552,8918HN,de Jokse,Leeuwarden
578,8918HN,de Jokse,Leeuwarden
47,8922CP,Goudenregenstraat,Leeuwarden
32,8926NL,Liauckamastate,Leeuwarden
7,8925CH,Lieuwenburg,Leeuwarden
13,8925CH,Lieuwenburg,Leeuwarden
16,8925CK,Lieuwenburg,Leeuwarden
28,8925CK,Lieuwenburg,Leeuwarden
34,8925CK,Lieuwenburg,Leeuwarden
40,8925CK,Lieuwenburg,Leeuwarden
42,8925CK,Lieuwenburg,Leeuwarden
43,8925CH,Lieuwenburg,Leeuwarden
49,8925CH,Lieuwenburg,Leeuwarden
51,8925CJ,Lieuwenburg,Leeuwarden
53,8925CJ,Lieuwenburg,Leeuwarden
54,8925CK,Lieuwenburg,Leeuwarden
56,8925CK,Lieuwenburg,Leeuwarden
62,8925CK,Lieuwenburg,Leeuwarden
5,8936AJ,Louwsmeerstraat,Leeuwarden
7,8936AJ,Louwsmeerstraat,Leeuwarden
9,8936AJ,Louwsmeerstraat,Leeuwarden
13,8936AJ,Louwsmeerstraat,Leeuwarden
8,8932DJ,Lucas van Leydenstraat,Leeuwarden
14,8932DJ,Lucas van Leydenstraat,Leeuwarden
24,8932DJ,Lucas van Leydenstraat,Leeuwarden
5,8922GT,Jasmijnstraat,Leeuwarden
9,8922GT,Jasmijnstraat,Leeuwarden
20,8921JG,Javastraat,Leeuwarden
2,8915KA,Jelle Brouwerwei,Leeuwarden
18,8915KA,Jelle Brouwerwei,Leeuwarden
349,8915EV,Johan Winklerwei,Leeuwarden
391,8915EW,Johan Winklerwei,Leeuwarden
395,8915EW,Johan Winklerwei,Leeuwarden
411,8915EX,Johan Winklerwei,Leeuwarden
274,8918BK,de Kei,Leeuwarden
276,8918BK,de Kei,Leeuwarden
326,8918BM,de Kei,Leeuwarden
350,8918BM,de Kei,Leeuwarden
612,8918HP,de Jokse,Leeuwarden
1,8937BG,Jolstraat,Leeuwarden
9,8937BG,Jolstraat,Leeuwarden
19,8937BG,Jolstraat,Leeuwarden
11,8926NM,Jongamastate,Leeuwarden
18,8926NN,Jongamastate,Leeuwarden
42,8926NN,Jongamastate,Leeuwarden
169,8935LP,Keizerskroon,Leeuwarden
173,8935LP,Keizerskroon,Leeuwarden
181,8935LP,Keizerskroon,Leeuwarden
187,8935LP,Keizerskroon,Leeuwarden
9,8919AL,Jelsumerbinnenpad,Leeuwarden
4,8917EN,Jelsumerstraat,Leeuwarden
25,8917EL,Jelsumerstraat,Leeuwarden
33,8917EL,Jelsumerstraat,Leeuwarden
139,8935EG,Kamgras,Leeuwarden
141,8935EG,Kamgras,Leeuwarden
145,8935EG,Kamgras,Leeuwarden
163,8935EH,Kamgras,Leeuwarden
165,8935EH,Kamgras,Leeuwarden
179,8935EJ,Kamgras,Leeuwarden
2,8933AL,Kanaalstraat,Leeuwarden
372,8918BN,de Kei,Leeuwarden
426,8918BP,de Kei,Leeuwarden
428,8918BP,de Kei,Leeuwarden
432,8918BP,de Kei,Leeuwarden
450,8918BP,de Kei,Leeuwarden
460,8918BP,de Kei,Leeuwarden
470,8918BR,de Kei,Leeuwarden
36,8916AM,Landbuurt,Leeuwarden
225,8935LR,Keizerskroon,Leeuwarden
245,8935LS,Keizerskroon,Leeuwarden
263,8935LS,Keizerskroon,Leeuwarden
301,8935LT,Keizerskroon,Leeuwarden
311,8935LT,Keizerskroon,Leeuwarden
62,8916CE,Leeuwerikstraat,Leeuwarden
10,8911DM,Kleine Kerkstraat,Leeuwarden
14,8911DM,Kleine Kerkstraat,Leeuwarden
26,8911DM,Kleine Kerkstraat,Leeuwarden
43,8911DL,Kleine Kerkstraat,Leeuwarden
1,8936AN,Kleine Wielenstraat,Leeuwarden
5,8911MB,Kloosterhof,Leeuwarden
13,8911MB,Kloosterhof,Leeuwarden
12,8933AL,Kanaalstraat,Leeuwarden
4,8921GK,Karel Doormanstraat,Leeuwarden
7,8924GM,Kastanjestraat,Leeuwarden
5,8911LA,Korfmakersstraat,Leeuwarden
4,8926KB,Koudenburg,Leeuwarden
20,8926KB,Koudenburg,Leeuwarden
30,8926KB,Koudenburg,Leeuwarden
40,8926KC,Koudenburg,Leeuwarden
43,8926KA,Koudenburg,Leeuwarden
1,8925HS,Lautastate,Leeuwarden
13,8925HS,Lautastate,Leeuwarden
8,8916BJ,Ibisstraat,Leeuwarden
80,8916CG,Leeuwerikstraat,Leeuwarden
86,8916CG,Leeuwerikstraat,Leeuwarden
91,8916CC,Leeuwerikstraat,Leeuwarden
94,8916CG,Leeuwerikstraat,Leeuwarden
95,8916CC,Leeuwerikstraat,Leeuwarden
100,8916CG,Leeuwerikstraat,Leeuwarden
102,8916CG,Leeuwerikstraat,Leeuwarden
106,8916CG,Leeuwerikstraat,Leeuwarden
107,8916CC,Leeuwerikstraat,Leeuwarden
126,8916CH,Leeuwerikstraat,Leeuwarden
9,8921KW,Jacob Binckesstraat,Leeuwarden
20,8921KZ,Jacob Binckesstraat,Leeuwarden
165,8925CJ,Lieuwenburg,Leeuwarden
166,8925CL,Lieuwenburg,Leeuwarden
172,8925CL,Lieuwenburg,Leeuwarden
186,8925CL,Lieuwenburg,Leeuwarden
70,8932BE,Jan Lievensstraat,Leeuwarden
80,8932BE,Jan Lievensstraat,Leeuwarden
81,8932BA,Jan Lievensstraat,Leeuwarden
85,8932BA,Jan Lievensstraat,Leeuwarden
86,8932BE,Jan Lievensstraat,Leeuwarden
92,8932BE,Jan Lievensstraat,Leeuwarden
101,8932BB,Jan Lievensstraat,Leeuwarden
106,8932BG,Jan Lievensstraat,Leeuwarden
108,8932BG,Jan Lievensstraat,Leeuwarden
134,8932BH,Jan Lievensstraat,Leeuwarden
5,8915DB,Jan Piebengawei,Leeuwarden
7,8915DB,Jan Piebengawei,Leeuwarden
4,8923CN,Krijn van den Helmstraat,Leeuwarden
12,8923CN,Krijn van den Helmstraat,Leeuwarden
13,8923CL,Krijn van den Helmstraat,Leeuwarden
6,8911GD,Krommejat,Leeuwarden
139,8925KZ,Lycklamastins,Leeuwarden
185,8925KZ,Lycklamastins,Leeuwarden
187,8925KZ,Lycklamastins,Leeuwarden
6,8935NC,Maagdepalm,Leeuwarden
13,8935NA,Maagdepalm,Leeuwarden
57,8925AG,Idzerdastins,Leeuwarden
64,8925AJ,Idzerdastins,Leeuwarden
70,8925AJ,Idzerdastins,Leeuwarden
71,8925AG,Idzerdastins,Leeuwarden
73,8925AG,Idzerdastins,Leeuwarden
78,8925AJ,Idzerdastins,Leeuwarden
431,8915EZ,Johan Winklerwei,Leeuwarden
439,8915EZ,Johan Winklerwei,Leeuwarden
449,8915EZ,Johan Winklerwei,Leeuwarden
17,8921BJ,Johannes Semsstraat,Leeuwarden
19,8921BJ,Johannes Semsstraat,Leeuwarden
39,8921KX,Jacob Binckesstraat,Leeuwarden
44,8921LA,Jacob Binckesstraat,Leeuwarden
76,8921GS,Jacob Binckesstraat,Leeuwarden
79,8921GR,Jacob Binckesstraat,Leeuwarden
83,8921GR,Jacob Binckesstraat,Leeuwarden
98,8921GS,Jacob Binckesstraat,Leeuwarden
100,8921GS,Jacob Binckesstraat,Leeuwarden
8,8925HV,Jornsmastate,Leeuwarden
9,8925HV,Jornsmastate,Leeuwarden
12,8925HV,Jornsmastate,Leeuwarden
7,8933GS,J.H. Knoopstraat,Leeuwarden
96,8925CL,Lieuwenburg,Leeuwarden
101,8925CJ,Lieuwenburg,Leeuwarden
104,8925CL,Lieuwenburg,Leeuwarden
106,8925CL,Lieuwenburg,Leeuwarden
110,8925CL,Lieuwenburg,Leeuwarden
116,8925CL,Lieuwenburg,Leeuwarden
121,8925CJ,Lieuwenburg,Leeuwarden
141,8925CJ,Lieuwenburg,Leeuwarden
144,8925CL,Lieuwenburg,Leeuwarden
146,8925CL,Lieuwenburg,Leeuwarden
149,8925CJ,Lieuwenburg,Leeuwarden
164,8925CL,Lieuwenburg,Leeuwarden
36,8935ND,Maagdepalm,Leeuwarden
41,8917EL,Jelsumerstraat,Leeuwarden
9,8925BS,Jepmastate,Leeuwarden
16,8932DE,Jeroen Boschstraat,Leeuwarden
4,8921XB,Johan de Walestraat,Leeuwarden
10,8921XB,Johan de Walestraat,Leeuwarden
4,8933BP,Johan Willem Frisostraat,Leeuwarden
37,8918GM,de Jokse,Leeuwarden
45,8918GM,de Jokse,Leeuwarden
49,8918GM,de Jokse,Leeuwarden
65,8918GN,de Jokse,Leeuwarden
107,8918GP,de Jokse,Leeuwarden
542,8918BS,de Kei,Leeuwarden
548,8918BS,de Kei,Leeuwarden
21,8925HV,Jornsmastate,Leeuwarden
6,8917CC,Joubertstraat,Leeuwarden
12,8917CC,Joubertstraat,Leeuwarden
26,8917CC,Joubertstraat,Leeuwarden
28,8917CC,Joubertstraat,Leeuwarden
3,8934AX,Jouwsmastraat,Leeuwarden
19,8934AX,Jouwsmastraat,Leeuwarden
22,8934AZ,Jouwsmastraat,Leeuwarden
24,8934AZ,Jouwsmastraat,Leeuwarden
32,8934AZ,Jouwsmastraat,Leeuwarden
3,8932HT,Jozef Israëlsstraat,Leeuwarden
33,8911JD,Kelders,Leeuwarden
19,8912AN,Kelvinstraat,Leeuwarden
1,8933GW,Kersenstraat,Leeuwarden
5,8933GW,Kersenstraat,Leeuwarden
15,8915DB,Jan Piebengawei,Leeuwarden
21,8915DB,Jan Piebengawei,Leeuwarden
22,8938AE,Jupiterweg,Leeuwarden
26,8938AE,Jupiterweg,Leeuwarden
22,8933BP,Johan Willem Frisostraat,Leeuwarden
23,8933BN,Johan Willem Frisostraat,Leeuwarden
13,8924GM,Kastanjestraat,Leeuwarden
29,8924GM,Kastanjestraat,Leeuwarden
45,8924GN,Kastanjestraat,Leeuwarden
28,8921EV,Keetwaltje,Leeuwarden
38,8921EV,Keetwaltje,Leeuwarden
42,8921EV,Keetwaltje,Leeuwarden
44,8921EV,Keetwaltje,Leeuwarden
54,8921EV,Keetwaltje,Leeuwarden
576,8918BT,de Kei,Leeuwarden
578,8918BT,de Kei,Leeuwarden
586,8918BV,de Kei,Leeuwarden
588,8918BV,de Kei,Leeuwarden
8,8925JR,Keimpemastins,Leeuwarden
9,8925JS,Keimpemastins,Leeuwarden
15,8925JS,Keimpemastins,Leeuwarden
24,8925JR,Keimpemastins,Leeuwarden
70,8925HS,Lautastate,Leeuwarden
6,8916BX,Kievitstraat,Leeuwarden
15,8916BW,Kievitstraat,Leeuwarden
17,8916BW,Kievitstraat,Leeuwarden
18,8916BX,Kievitstraat,Leeuwarden
54,8916BZ,Kievitstraat,Leeuwarden
9,8926NA,Kingmastate,Leeuwarden
12,8926NB,Kingmastate,Leeuwarden
13,8926NA,Kingmastate,Leeuwarden
16,8926NB,Kingmastate,Leeuwarden
136,8916CJ,Leeuwerikstraat,Leeuwarden
153,8916CD,Leeuwerikstraat,Leeuwarden
32,8938AE,Jupiterweg,Leeuwarden
2,8935PC,Kalmoes,Leeuwarden
9,8916BK,Koekoekstraat,Leeuwarden
7,8921LZ,Koeplein,Leeuwarden
10,8921NA,Koeplein,Leeuwarden
11,8921LZ,Koeplein,Leeuwarden
13,8921LZ,Koeplein,Leeuwarden
16,8921NA,Koeplein,Leeuwarden
17,8921LZ,Koeplein,Leeuwarden
22,8921NA,Koeplein,Leeuwarden
33,8921LZ,Koeplein,Leeuwarden
47,8923BL,Koerierstersespel,Leeuwarden
115,8923BM,Koerierstersespel,Leeuwarden
131,8923BN,Koerierstersespel,Leeuwarden
143,8923BN,Koerierstersespel,Leeuwarden
15,8918AR,de Kei,Leeuwarden
26,8918AZ,de Kei,Leeuwarden
34,8918BA,de Kei,Leeuwarden
38,8918BA,de Kei,Leeuwarden
22,8911GD,Krommejat,Leeuwarden
26,8911KP,Kruisstraat,Leeuwarden
34,8911KP,Kruisstraat,Leeuwarden
49,8911KP,Kruisstraat,Leeuwarden
69,8911KP,Kruisstraat,Leeuwarden
87,8911KP,Kruisstraat,Leeuwarden
1,8925BP,Monsmastate,Leeuwarden
7,8925BP,Monsmastate,Leeuwarden
8,8925BR,Monsmastate,Leeuwarden
10,8925BR,Monsmastate,Leeuwarden
29,8921GD,Noordvliet,Leeuwarden
37,8921GD,Noordvliet,Leeuwarden
69,8921GE,Noordvliet,Leeuwarden
111,8921GE,Noordvliet,Leeuwarden
217,8921GG,Noordvliet,Leeuwarden
309,8921HG,Noordvliet,Leeuwarden
353,8921HH,Noordvliet,Leeuwarden
491,8921HJ,Noordvliet,Leeuwarden
54,8916DA,Nieuw Sonnenborgh,Leeuwarden
57,8916DB,Nieuw Sonnenborgh,Leeuwarden
1,8935BE,Nieuw-Rapenburg,Leeuwarden
4,8935BH,Nieuw-Rapenburg,Leeuwarden
15,8935BE,Nieuw-Rapenburg,Leeuwarden
22,8935BH,Nieuw-Rapenburg,Leeuwarden
30,8921EN,Oeverdwarsstraat,Leeuwarden
7,8921EM,Oeverstraat,Leeuwarden
10,8925HJ,Okkingastate,Leeuwarden
53,8911CJ,Nieuwestad,Leeuwarden
81,8911CK,Nieuwestad,Leeuwarden
88,8911CW,Nieuwestad,Leeuwarden
93,8911CL,Nieuwestad,Leeuwarden
108,8911CZ,Nieuwestad,Leeuwarden
115,8911CP,Nieuwestad,Leeuwarden
119,8911CP,Nieuwestad,Leeuwarden
14,8933BR,Oranje-Nassaustraat,Leeuwarden
16,8933BR,Oranje-Nassaustraat,Leeuwarden
4,8926LM,Osingastate,Leeuwarden
5,8926LK,Osingastate,Leeuwarden
41,8914AK,Potgieterstraat,Leeuwarden
11,8933AB,Potmargewal,Leeuwarden
13,8933AB,Potmargewal,Leeuwarden
5,8911GB,Pottebakkersplaats,Leeuwarden
28,8931DJ,Prins Bernhardstraat,Leeuwarden
559,8924AE,Noordvliet,Leeuwarden
567,8924AE,Noordvliet,Leeuwarden
569,8924AE,Noordvliet,Leeuwarden
571,8924AE,Noordvliet,Leeuwarden
1,8933GX,Perzikstraat,Leeuwarden
6,8913CH,Pier Panderstraat,Leeuwarden
28,8922AE,Oldegalileën,Leeuwarden
33,8922AA,Oldegalileën,Leeuwarden
34,8922AG,Oldegalileën,Leeuwarden
47,8922AB,Oldegalileën,Leeuwarden
52,8922AG,Oldegalileën,Leeuwarden
54,8922AG,Oldegalileën,Leeuwarden
5,8937AC,Pieter Stuyvesantweg,Leeuwarden
11,8937AC,Pieter Stuyvesantweg,Leeuwarden
38,8933GE,Pieter Stuyvesantweg,Leeuwarden
39,8937AD,Pieter Stuyvesantweg,Leeuwarden
7,8926LK,Osingastate,Leeuwarden
61,8926LL,Osingastate,Leeuwarden
16,8926MD,Orxmastate,Leeuwarden
24,8926MD,Orxmastate,Leeuwarden
26,8926MD,Orxmastate,Leeuwarden
8,8911LE,Ossekop,Leeuwarden
85,8923BG,Pilotenespel,Leeuwarden
101,8923BG,Pilotenespel,Leeuwarden
5,8925HH,Papingastins,Leeuwarden
32,8925HH,Papingastins,Leeuwarden
35,8921VN,Pasteurweg,Leeuwarden
42,8921VR,Pasteurweg,Leeuwarden
73,8921VP,Pasteurweg,Leeuwarden
79,8921VP,Pasteurweg,Leeuwarden
15,8934BX,Pasveerweg,Leeuwarden
11,8921GL,Piet Heinstraat,Leeuwarden
1,8932LX,Pieter de Hooghstraat,Leeuwarden
23,8931EC,Prinsessenweg,Leeuwarden
53,8937AD,Pieter Stuyvesantweg,Leeuwarden
60,8933GE,Pieter Stuyvesantweg,Leeuwarden
69,8937AD,Pieter Stuyvesantweg,Leeuwarden
71,8937AD,Pieter Stuyvesantweg,Leeuwarden
77,8937AD,Pieter Stuyvesantweg,Leeuwarden
79,8937AD,Pieter Stuyvesantweg,Leeuwarden
87,8937AE,Pieter Stuyvesantweg,Leeuwarden
19,8931EA,Marijkestraat,Leeuwarden
21,8931EA,Marijkestraat,Leeuwarden
4,8931BG,Marningeweg,Leeuwarden
115,8923BG,Pilotenespel,Leeuwarden
121,8923BH,Pilotenespel,Leeuwarden
139,8923BH,Pilotenespel,Leeuwarden
149,8923BH,Pilotenespel,Leeuwarden
155,8923BJ,Pilotenespel,Leeuwarden
161,8923BJ,Pilotenespel,Leeuwarden
167,8923BJ,Pilotenespel,Leeuwarden
173,8923BJ,Pilotenespel,Leeuwarden
177,8923BJ,Pilotenespel,Leeuwarden
181,8923BJ,Pilotenespel,Leeuwarden
7,8921PT,Pinkstraat,Leeuwarden
14,8921PT,Pinkstraat,Leeuwarden
3,8922BX,Pioenstraat,Leeuwarden
19,8922CJ,Meidoornstraat,Leeuwarden
21,8922CJ,Meidoornstraat,Leeuwarden
25,8922CJ,Meidoornstraat,Leeuwarden
18,8913BT,Midlumerstraat,Leeuwarden
5,8932ME,van Miereveltplantsoen,Leeuwarden
2,8926RK,Mockemastate,Leeuwarden
13,8926RJ,Mockemastate,Leeuwarden
24,8926RK,Mockemastate,Leeuwarden
26,8926RK,Mockemastate,Leeuwarden
28,8926RK,Mockemastate,Leeuwarden
4,8921BH,Molenpad,Leeuwarden
5,8921BG,Molenpad,Leeuwarden
14,8921BL,Zuidvliet,Leeuwarden
16,8921BH,Molenpad,Leeuwarden
20,8921BH,Molenpad,Leeuwarden
44,8921BH,Molenpad,Leeuwarden
67,8931EE,Prinsessenweg,Leeuwarden
15,8925BP,Monsmastate,Leeuwarden
3,8916GX,Mozartstraat,Leeuwarden
9,8916GX,Mozartstraat,Leeuwarden
13,8916GX,Mozartstraat,Leeuwarden
19,8916GX,Mozartstraat,Leeuwarden
27,8916GX,Mozartstraat,Leeuwarden
43,8916GZ,Mozartstraat,Leeuwarden
44,8916HD,Mozartstraat,Leeuwarden
49,8916GZ,Mozartstraat,Leeuwarden
53,8916GZ,Mozartstraat,Leeuwarden
58,8916HD,Mozartstraat,Leeuwarden
59,8916GZ,Mozartstraat,Leeuwarden
14,8931BG,Marningeweg,Leeuwarden
33,8931BE,Marningeweg,Leeuwarden
1,8913GV,Marnixstraat,Leeuwarden
8,8913GW,Marnixstraat,Leeuwarden
9,8913GV,Marnixstraat,Leeuwarden
16,8913GW,Marnixstraat,Leeuwarden
18,8913GW,Marnixstraat,Leeuwarden
21,8913GV,Marnixstraat,Leeuwarden
31,8935BG,Nieuw-Rapenburg,Leeuwarden
4,8932ET,Nieuwe Hollanderdijk,Leeuwarden
10,8932ET,Nieuwe Hollanderdijk,Leeuwarden
25,8932ES,Nieuwe Hollanderdijk,Leeuwarden
27,8932ES,Nieuwe Hollanderdijk,Leeuwarden
37,8932ET,Nieuwe Hollanderdijk,Leeuwarden
39,8932ET,Nieuwe Hollanderdijk,Leeuwarden
61,8932ET,Nieuwe Hollanderdijk,Leeuwarden
63,8932ET,Nieuwe Hollanderdijk,Leeuwarden
27,8922BN,Leliestraat,Leeuwarden
35,8922BN,Leliestraat,Leeuwarden
3,8935KR,Lenteklokje,Leeuwarden
4,8935KX,Lenteklokje,Leeuwarden
24,8935KX,Lenteklokje,Leeuwarden
35,8935KS,Lenteklokje,Leeuwarden
38,8935KZ,Lenteklokje,Leeuwarden
41,8935KS,Lenteklokje,Leeuwarden
43,8935KS,Lenteklokje,Leeuwarden
47,8935KS,Lenteklokje,Leeuwarden
49,8935KS,Lenteklokje,Leeuwarden
50,8935KZ,Lenteklokje,Leeuwarden
53,8935KS,Lenteklokje,Leeuwarden
115,8915HN,Jan Jelles Hofleane,Leeuwarden
117,8915HN,Jan Jelles Hofleane,Leeuwarden
127,8915HN,Jan Jelles Hofleane,Leeuwarden
129,8915HN,Jan Jelles Hofleane,Leeuwarden
97,8916HA,Mozartstraat,Leeuwarden
5,8921HL,Noordvlietstraat,Leeuwarden
13,8921HL,Noordvlietstraat,Leeuwarden
39,8921HL,Noordvlietstraat,Leeuwarden
6,8922AJ,Noteboomstraat,Leeuwarden
7,8922AJ,Noteboomstraat,Leeuwarden
3,8933GV,Notenstraat,Leeuwarden
17,8933GV,Notenstraat,Leeuwarden
2,8915DS,Nyckle Haismawei,Leeuwarden
2,8911KN,Nieuwe Oosterstraat,Leeuwarden
5,8932HA,Nieuwe Schrans,Leeuwarden
10,8932HB,Nieuwe Schrans,Leeuwarden
76,8922AG,Oldegalileën,Leeuwarden
96,8922AG,Oldegalileën,Leeuwarden
97,8922AC,Oldegalileën,Leeuwarden
111,8922AC,Oldegalileën,Leeuwarden
113,8922AC,Oldegalileën,Leeuwarden
127,8922AC,Oldegalileën,Leeuwarden
147,8922AC,Oldegalileën,Leeuwarden
149,8922AC,Oldegalileën,Leeuwarden
139,8915HN,Jan Jelles Hofleane,Leeuwarden
141,8915HN,Jan Jelles Hofleane,Leeuwarden
3,8932AW,Jan Lievensstraat,Leeuwarden
28,8932BC,Jan Lievensstraat,Leeuwarden
29,8932AX,Jan Lievensstraat,Leeuwarden
34,8932BD,Jan Lievensstraat,Leeuwarden
38,8932BD,Jan Lievensstraat,Leeuwarden
55,8932AZ,Jan Lievensstraat,Leeuwarden
17,8934BX,Pasveerweg,Leeuwarden
20,8934BX,Pasveerweg,Leeuwarden
26,8934BX,Pasveerweg,Leeuwarden
28,8934BX,Pasveerweg,Leeuwarden
33,8934BX,Pasveerweg,Leeuwarden
39,8934BX,Pasveerweg,Leeuwarden
63,8917BL,Paul Krugerstraat,Leeuwarden
67,8917BL,Paul Krugerstraat,Leeuwarden
4,8915KD,Paulus Akkermanwei,Leeuwarden
8,8915KD,Paulus Akkermanwei,Leeuwarden
12,8915KD,Paulus Akkermanwei,Leeuwarden
15,8915KC,Paulus Akkermanwei,Leeuwarden
27,8915KC,Paulus Akkermanwei,Leeuwarden
48,8915KD,Paulus Akkermanwei,Leeuwarden
54,8915KD,Paulus Akkermanwei,Leeuwarden
22,8915DS,Nyckle Haismawei,Leeuwarden
23,8915DR,Nyckle Haismawei,Leeuwarden
24,8915DS,Nyckle Haismawei,Leeuwarden
6,8915JH,Nynke van Hichtumwei,Leeuwarden
7,8915JE,Nynke van Hichtumwei,Leeuwarden
17,8932LX,Pieter de Hooghstraat,Leeuwarden
24,8932LZ,Pieter de Hooghstraat,Leeuwarden
29,8932LX,Pieter de Hooghstraat,Leeuwarden
30,8932LZ,Pieter de Hooghstraat,Leeuwarden
34,8932LZ,Pieter de Hooghstraat,Leeuwarden
39,8932LX,Pieter de Hooghstraat,Leeuwarden
43,8932LX,Pieter de Hooghstraat,Leeuwarden
23,8921BC,Pieter de Swartstraat,Leeuwarden
24,8921BD,Pieter de Swartstraat,Leeuwarden
29,8921BC,Pieter de Swartstraat,Leeuwarden
31,8921BC,Pieter de Swartstraat,Leeuwarden
43,8921BZ,Pieter Feddesstraat,Leeuwarden
161,8922AD,Oldegalileën,Leeuwarden
163,8922AD,Oldegalileën,Leeuwarden
241,8922AD,Oldegalileën,Leeuwarden
247,8922AD,Oldegalileën,Leeuwarden
253,8922AD,Oldegalileën,Leeuwarden
265,8922AD,Oldegalileën,Leeuwarden
2,8911DH,Oldehoofsterkerkhof,Leeuwarden
3,8931AJ,Oostergoplein,Leeuwarden
89,8937AE,Pieter Stuyvesantweg,Leeuwarden
94,8933GG,Pieter Stuyvesantweg,Leeuwarden
95,8937AE,Pieter Stuyvesantweg,Leeuwarden
109,8937AE,Pieter Stuyvesantweg,Leeuwarden
128,8933GH,Pieter Stuyvesantweg,Leeuwarden
129,8937AG,Pieter Stuyvesantweg,Leeuwarden
8,8931BJ,Kinkhoornstraat,Leeuwarden
40,8931DK,Prins Bernhardstraat,Leeuwarden
54,8931DK,Prins Bernhardstraat,Leeuwarden
2,8935DA,Prins Clausplein,Leeuwarden
7,8935DA,Prins Clausplein,Leeuwarden
37,8935DB,Prins Clausplein,Leeuwarden
52,8935DC,Prins Clausplein,Leeuwarden
61,8921BZ,Pieter Feddesstraat,Leeuwarden
9,8914AE,Pieter Langendijkstraat,Leeuwarden
13,8914AE,Pieter Langendijkstraat,Leeuwarden
59,8935NB,Maagdepalm,Leeuwarden
100,8935NG,Maagdepalm,Leeuwarden
130,8935NH,Maagdepalm,Leeuwarden
136,8935NH,Maagdepalm,Leeuwarden
140,8935NH,Maagdepalm,Leeuwarden
9,8921GV,Maerten Gerritszstraat,Leeuwarden
14,8921GV,Maerten Gerritszstraat,Leeuwarden
16,8921GV,Maerten Gerritszstraat,Leeuwarden
139,8937AG,Pieter Stuyvesantweg,Leeuwarden
164,8933GK,Pieter Stuyvesantweg,Leeuwarden
29,8913GV,Marnixstraat,Leeuwarden
35,8913GV,Marnixstraat,Leeuwarden
44,8913GX,Marnixstraat,Leeuwarden
50,8913GX,Marnixstraat,Leeuwarden
58,8913GX,Marnixstraat,Leeuwarden
90,8913GZ,Marnixstraat,Leeuwarden
2,8926KX,Kippenburg,Leeuwarden
8,8926KX,Kippenburg,Leeuwarden
26,8926KX,Kippenburg,Leeuwarden
8,8911AS,1e Klanderijdwarsstraat,Leeuwarden
2,8911HE,Kleine Hoogstraat,Leeuwarden
6,8911HE,Kleine Hoogstraat,Leeuwarden
12,8911HE,Kleine Hoogstraat,Leeuwarden
14,8911HE,Kleine Hoogstraat,Leeuwarden
72,8935KZ,Lenteklokje,Leeuwarden
75,8935KT,Lenteklokje,Leeuwarden
77,8935KT,Lenteklokje,Leeuwarden
15,8911BT,Molensteeg,Leeuwarden
33,8913BB,Molenstraat,Leeuwarden
42,8913BC,Molenstraat,Leeuwarden
68,8913BD,Molenstraat,Leeuwarden
9,8918DK,Mondriaanstraat,Leeuwarden
117,8916HB,Mozartstraat,Leeuwarden
123,8916HB,Mozartstraat,Leeuwarden
125,8916HB,Mozartstraat,Leeuwarden
23,8936AG,Murkstraat,Leeuwarden
33,8936AG,Murkstraat,Leeuwarden
41,8936AG,Murkstraat,Leeuwarden
55,8936AH,Murkstraat,Leeuwarden
63,8936AH,Murkstraat,Leeuwarden
83,8936AH,Murkstraat,Leeuwarden
6,8911HX,Naauw,Leeuwarden
7,8931BT,Marowijnestraat,Leeuwarden
1,8912AC,Marshallweg,Leeuwarden
5,8912AC,Marshallweg,Leeuwarden
12,8912AC,Marshallweg,Leeuwarden
4,8913AH,Marssumerstraat,Leeuwarden
10,8913AH,Marssumerstraat,Leeuwarden
22,8913AH,Marssumerstraat,Leeuwarden
42,8911GA,Nieuweburen,Leeuwarden
48,8911GA,Nieuweburen,Leeuwarden
72,8911GA,Nieuweburen,Leeuwarden
4,8933EX,Polderstraat,Leeuwarden
9,8933EW,Polderstraat,Leeuwarden
10,8933EX,Polderstraat,Leeuwarden
15,8933EW,Polderstraat,Leeuwarden
18,8933EX,Polderstraat,Leeuwarden
20,8933EX,Polderstraat,Leeuwarden
6,8938AZ,Polluxweg,Leeuwarden
1,8924AG,Poppeweg,Leeuwarden
21,8924AG,Poppeweg,Leeuwarden
23,8924AG,Poppeweg,Leeuwarden
2,8932JA,Mesdagstraat,Leeuwarden
1,8922JH,Noordendorpstraat,Leeuwarden
10,8911HX,Naauw,Leeuwarden
18,8911HX,Naauw,Leeuwarden
8,8916BA,Nachtegaalstraat,Leeuwarden
9,8916BA,Nachtegaalstraat,Leeuwarden
15,8916BA,Nachtegaalstraat,Leeuwarden
13,8915JE,Nynke van Hichtumwei,Leeuwarden
20,8915JH,Nynke van Hichtumwei,Leeuwarden
41,8915JG,Nynke van Hichtumwei,Leeuwarden
44,8915JJ,Nynke van Hichtumwei,Leeuwarden
68,8915JJ,Nynke van Hichtumwei,Leeuwarden
90,8915JJ,Nynke van Hichtumwei,Leeuwarden
10,8932PG,Oostergoweg,Leeuwarden
121,8921AC,Oostergrachtswal,Leeuwarden
129,8921AC,Oostergrachtswal,Leeuwarden
1,8911KG,Oosterkade,Leeuwarden
125,8935KW,Lenteklokje,Leeuwarden
137,8935KW,Lenteklokje,Leeuwarden
147,8935KW,Lenteklokje,Leeuwarden
161,8935KW,Lenteklokje,Leeuwarden
4,8926RC,Lettingastate,Leeuwarden
8,8926RC,Lettingastate,Leeuwarden
12,8926RC,Lettingastate,Leeuwarden
13,8926RC,Lettingastate,Leeuwarden
18,8926RC,Lettingastate,Leeuwarden
14,8911EK,A.S. Levissonstraat,Leeuwarden
14,8926NL,Liauckamastate,Leeuwarden
4,8932HS,Paulus Moreelsestraat,Leeuwarden
10,8932HS,Paulus Moreelsestraat,Leeuwarden
12,8932HS,Paulus Moreelsestraat,Leeuwarden
18,8932HS,Paulus Moreelsestraat,Leeuwarden
19,8932HR,Paulus Moreelsestraat,Leeuwarden
23,8932HR,Paulus Moreelsestraat,Leeuwarden
32,8932HS,Paulus Moreelsestraat,Leeuwarden
34,8932HS,Paulus Moreelsestraat,Leeuwarden
11,8932KJ,Paulus Potterstraat,Leeuwarden
15,8932KJ,Paulus Potterstraat,Leeuwarden
21,8932KJ,Paulus Potterstraat,Leeuwarden
33,8932KJ,Paulus Potterstraat,Leeuwarden
36,8932KM,Paulus Potterstraat,Leeuwarden
56,8932KM,Paulus Potterstraat,Leeuwarden
22,8915DP,Obe Postmawei,Leeuwarden
18,8914AG,Pieter Langendijkstraat,Leeuwarden
34,8914AG,Pieter Langendijkstraat,Leeuwarden
44,8914AH,Pieter Langendijkstraat,Leeuwarden
9,8932LL,Pieter Lastmanstraat,Leeuwarden
29,8932LL,Pieter Lastmanstraat,Leeuwarden
2,8934BZ,Pieter Meeterstraat,Leeuwarden
14,8934BZ,Pieter Meeterstraat,Leeuwarden
10,8911KG,Oosterkade,Leeuwarden
14,8911KG,Oosterkade,Leeuwarden
23,8911KH,Oosterkade,Leeuwarden
29,8911KH,Oosterkade,Leeuwarden
37,8911KH,Oosterkade,Leeuwarden
43,8911KJ,Oosterkade,Leeuwarden
45,8911KJ,Oosterkade,Leeuwarden
47,8911KJ,Oosterkade,Leeuwarden
49,8911KJ,Oosterkade,Leeuwarden
50,8911KJ,Oosterkade,Leeuwarden
174,8933GK,Pieter Stuyvesantweg,Leeuwarden
186,8933GK,Pieter Stuyvesantweg,Leeuwarden
8,8932JA,Mesdagstraat,Leeuwarden
15,8932HZ,Mesdagstraat,Leeuwarden
40,8932JA,Mesdagstraat,Leeuwarden
2,8916BL,Mezenstraat,Leeuwarden
12,8916BL,Mezenstraat,Leeuwarden
6,8931AK,Middelzeelaan,Leeuwarden
10,8931AK,Middelzeelaan,Leeuwarden
28,8931AK,Middelzeelaan,Leeuwarden
3,8913BT,Midlumerstraat,Leeuwarden
4,8913BT,Midlumerstraat,Leeuwarden
66,8932KM,Paulus Potterstraat,Leeuwarden
78,8935DD,Prins Clausplein,Leeuwarden
81,8935DD,Prins Clausplein,Leeuwarden
82,8935DD,Prins Clausplein,Leeuwarden
86,8935DD,Prins Clausplein,Leeuwarden
92,8935DD,Prins Clausplein,Leeuwarden
109,8935DE,Prins Clausplein,Leeuwarden
7,8911BJ,Prins Hendrikstraat,Leeuwarden
12,8911BK,Prins Hendrikstraat,Leeuwarden
9,8931EC,Prinsessenweg,Leeuwarden
40,8915EA,Pieter Sipmawei,Leeuwarden
89,8935RT,Mannagras,Leeuwarden
2,8921AK,Margaretha de Heerstraat,Leeuwarden
21,8921AK,Margaretha de Heerstraat,Leeuwarden
25,8921AK,Margaretha de Heerstraat,Leeuwarden
29,8921AK,Margaretha de Heerstraat,Leeuwarden
3,8933AN,Maria Louisastraat,Leeuwarden
16,8933AP,Maria Louisastraat,Leeuwarden
33,8931DL,Mauritsplein,Leeuwarden
96,8931GN,Nijlânsdyk,Leeuwarden
8,8911LD,Oude Oosterstraat,Leeuwarden
24,8918DG,Mondriaanstraat,Leeuwarden
58,8918DH,Mondriaanstraat,Leeuwarden
63,8918DL,Mondriaanstraat,Leeuwarden
19,8933AN,Maria Louisastraat,Leeuwarden
6,8917GD,Nelson Mandelaplein,Leeuwarden
20,8917GD,Nelson Mandelaplein,Leeuwarden
28,8917GD,Nelson Mandelaplein,Leeuwarden
38,8917GD,Nelson Mandelaplein,Leeuwarden
40,8917GD,Nelson Mandelaplein,Leeuwarden
4,8938AA,Neptunusweg,Leeuwarden
5,8938AA,Neptunusweg,Leeuwarden
6,8938AA,Neptunusweg,Leeuwarden
4,8914AR,Nicolaas Beetsstraat,Leeuwarden
53,8931DL,Mauritsplein,Leeuwarden
10,8922CL,Meidoornstraat,Leeuwarden
5,8911JX,Nieuwekade,Leeuwarden
6,8911JZ,Nieuwekade,Leeuwarden
7,8911JX,Nieuwekade,Leeuwarden
11,8911JX,Nieuwekade,Leeuwarden
17,8911JX,Nieuwekade,Leeuwarden
11,8924HL,Populierstraat,Leeuwarden
41,8924HM,Populierstraat,Leeuwarden
49,8924HM,Populierstraat,Leeuwarden
47,8922JJ,Noordendorpstraat,Leeuwarden
51,8922JJ,Noordendorpstraat,Leeuwarden
28,8917BA,Noordersingel,Leeuwarden
40,8917BA,Noordersingel,Leeuwarden
46,8917BA,Noordersingel,Leeuwarden
72,8917BB,Noordersingel,Leeuwarden
94,8917BD,Noordersingel,Leeuwarden
22,8914AR,Nicolaas Beetsstraat,Leeuwarden
17,8932LT,Nicolaes Maesstraat,Leeuwarden
19,8932LT,Nicolaes Maesstraat,Leeuwarden
4,8921RC,Nicolaas Tulpstraat,Leeuwarden
8,8921RC,Nicolaas Tulpstraat,Leeuwarden
32,8916EN,Obrechtstraat,Leeuwarden
15,8926PN,Oenemastate,Leeuwarden
22,8926PR,Oenemastate,Leeuwarden
43,8926PN,Oenemastate,Leeuwarden
37,8911JX,Nieuwekade,Leeuwarden
43,8911JX,Nieuwekade,Leeuwarden
51,8911JX,Nieuwekade,Leeuwarden
58,8911JZ,Nieuwekade,Leeuwarden
69,8911JX,Nieuwekade,Leeuwarden
60,8911KJ,Oosterkade,Leeuwarden
62,8911KJ,Oosterkade,Leeuwarden
83,8911KJ,Oosterkade,Leeuwarden
2,8921LX,Paardestraat,Leeuwarden
7,8921LX,Paardestraat,Leeuwarden
13,8921LX,Paardestraat,Leeuwarden
14,8921LX,Paardestraat,Leeuwarden
15,8921LX,Paardestraat,Leeuwarden
27,8922CE,Papaverstraat,Leeuwarden
15,8916AD,Pelikaanstraat,Leeuwarden
18,8916AE,Pelikaanstraat,Leeuwarden
12,8934CC,de Pelsweg,Leeuwarden
1,8911HZ,Peperstraat,Leeuwarden
49,8926PN,Oenemastate,Leeuwarden
62,8926PS,Oenemastate,Leeuwarden
90,8926PS,Oenemastate,Leeuwarden
100,8926PT,Oenemastate,Leeuwarden
104,8926PT,Oenemastate,Leeuwarden
110,8926PT,Oenemastate,Leeuwarden
98,8915EB,Pieter Sipmawei,Leeuwarden
104,8915EC,Pieter Sipmawei,Leeuwarden
122,8915EC,Pieter Sipmawei,Leeuwarden
140,8915EC,Pieter Sipmawei,Leeuwarden
154,8915ED,Pieter Sipmawei,Leeuwarden
176,8915ED,Pieter Sipmawei,Leeuwarden
182,8915ED,Pieter Sipmawei,Leeuwarden
103,8911KJ,Oosterkade,Leeuwarden
113,8911KJ,Oosterkade,Leeuwarden
26,8921GA,Oostersingel,Leeuwarden
1,8933BR,Oranje-Nassaupark,Leeuwarden
6,8921EW,Pietersburen,Leeuwarden
12,8921EW,Pietersburen,Leeuwarden
8,8922BJ,Pieterseliestraat,Leeuwarden
21,8922BH,Pieterseliestraat,Leeuwarden
8,8916AZ,Merelplein,Leeuwarden
10,8916AV,Merelstraat,Leeuwarden
17,8916AS,Merelstraat,Leeuwarden
23,8916AS,Merelstraat,Leeuwarden
38,8916AW,Merelstraat,Leeuwarden
65,8916AT,Merelstraat,Leeuwarden
6,8933GW,Perenstraat,Leeuwarden
2,8915BL,Purcellstraat,Leeuwarden
4,8932GX,Raadhuisstraat,Leeuwarden
9,8932GX,Raadhuisstraat,Leeuwarden
18,8932GX,Raadhuisstraat,Leeuwarden
3,8935ES,Raaigras,Leeuwarden
9,8935ES,Raaigras,Leeuwarden
18,8935GH,Raaigras,Leeuwarden
24,8935GH,Raaigras,Leeuwarden
206,8915EE,Pieter Sipmawei,Leeuwarden
210,8915EE,Pieter Sipmawei,Leeuwarden
220,8915EE,Pieter Sipmawei,Leeuwarden
232,8915EG,Pieter Sipmawei,Leeuwarden
242,8915EG,Pieter Sipmawei,Leeuwarden
244,8915EG,Pieter Sipmawei,Leeuwarden
276,8915EH,Pieter Sipmawei,Leeuwarden
1,8935RS,Mannagras,Leeuwarden
6,8935RV,Mannagras,Leeuwarden
9,8935RS,Mannagras,Leeuwarden
16,8935RV,Mannagras,Leeuwarden
19,8935RS,Mannagras,Leeuwarden
21,8935RS,Mannagras,Leeuwarden
23,8935RS,Mannagras,Leeuwarden
27,8935RS,Mannagras,Leeuwarden
3,8911EM,Pijlsteeg,Leeuwarden
4,8911EM,Pijlsteeg,Leeuwarden
35,8923BE,Pilotenespel,Leeuwarden
47,8923BE,Pilotenespel,Leeuwarden
34,8913AH,Marssumerstraat,Leeuwarden
36,8913AH,Marssumerstraat,Leeuwarden
39,8913AG,Marssumerstraat,Leeuwarden
54,8913AJ,Marssumerstraat,Leeuwarden
57,8913AG,Marssumerstraat,Leeuwarden
102,8931GN,Nijlânsdyk,Leeuwarden
114,8931GN,Nijlânsdyk,Leeuwarden
50,8922CH,Papaverstraat,Leeuwarden
39,8935ET,Raaigras,Leeuwarden
47,8935ET,Raaigras,Leeuwarden
93,8918DL,Mondriaanstraat,Leeuwarden
115,8918DM,Mondriaanstraat,Leeuwarden
119,8918DM,Mondriaanstraat,Leeuwarden
121,8918DM,Mondriaanstraat,Leeuwarden
122,8918DJ,Mondriaanstraat,Leeuwarden
39,8935RS,Mannagras,Leeuwarden
40,8935RV,Mannagras,Leeuwarden
44,8935RV,Mannagras,Leeuwarden
47,8935RS,Mannagras,Leeuwarden
50,8935RW,Mannagras,Leeuwarden
52,8935RW,Mannagras,Leeuwarden
62,8935RW,Mannagras,Leeuwarden
64,8935RW,Mannagras,Leeuwarden
65,8935RT,Mannagras,Leeuwarden
13,8921RC,Nicolaas Tulpstraat,Leeuwarden
7,8916DB,Nieuw Sonnenborgh,Leeuwarden
8,8916DA,Nieuw Sonnenborgh,Leeuwarden
9,8916DB,Nieuw Sonnenborgh,Leeuwarden
10,8916DA,Nieuw Sonnenborgh,Leeuwarden
20,8916DA,Nieuw Sonnenborgh,Leeuwarden
31,8916DB,Nieuw Sonnenborgh,Leeuwarden
36,8916DA,Nieuw Sonnenborgh,Leeuwarden
40,8916DA,Nieuw Sonnenborgh,Leeuwarden
41,8916DB,Nieuw Sonnenborgh,Leeuwarden
64,8913AJ,Marssumerstraat,Leeuwarden
16,8926NH,Martenastate,Leeuwarden
22,8926NH,Martenastate,Leeuwarden
2,8932HD,Matthias van Pellicomstraat,Leeuwarden
12,8932HD,Matthias van Pellicomstraat,Leeuwarden
35,8932HC,Matthias van Pellicomstraat,Leeuwarden
55,8932HD,Matthias van Pellicomstraat,Leeuwarden
32,8911CT,Nieuwestad,Leeuwarden
33,8911CH,Nieuwestad,Leeuwarden
37,8911CH,Nieuwestad,Leeuwarden
27,8926RL,Roptastate,Leeuwarden
60,8932NG,Schrans,Leeuwarden
63,8932NB,Schrans,Leeuwarden
139,8932ND,Schrans,Leeuwarden
7,8925LG,Schroorsmastate,Leeuwarden
49,8921KJ,de Ruyterweg,Leeuwarden
75,8921KK,de Ruyterweg,Leeuwarden
53,8923GD,Siebe Schootstrastraat,Leeuwarden
55,8923GD,Siebe Schootstrastraat,Leeuwarden
60,8923GH,Siebe Schootstrastraat,Leeuwarden
63,8923GD,Siebe Schootstrastraat,Leeuwarden
70,8923GH,Siebe Schootstrastraat,Leeuwarden
71,8923GD,Siebe Schootstrastraat,Leeuwarden
103,8923GE,Siebe Schootstrastraat,Leeuwarden
111,8923GE,Siebe Schootstrastraat,Leeuwarden
2,8936AM,Sierdswielstraat,Leeuwarden
88,8925JN,Sassingastins,Leeuwarden
96,8925JN,Sassingastins,Leeuwarden
97,8925JK,Sassingastins,Leeuwarden
107,8925JL,Sassingastins,Leeuwarden
113,8925JL,Sassingastins,Leeuwarden
123,8925JL,Sassingastins,Leeuwarden
125,8925JL,Sassingastins,Leeuwarden
3,8917BP,Schalk Burgerstraat,Leeuwarden
6,8917BR,Schalk Burgerstraat,Leeuwarden
12,8917BR,Schalk Burgerstraat,Leeuwarden
13,8917BP,Schalk Burgerstraat,Leeuwarden
14,8918LB,Skrok,Leeuwarden
135,8924GL,Schieringerweg,Leeuwarden
141,8924GL,Schieringerweg,Leeuwarden
173,8924HT,Schieringerweg,Leeuwarden
8,8925EH,Solckamastins,Leeuwarden
11,8925LG,Schroorsmastate,Leeuwarden
37,8935JT,Speenkruid,Leeuwarden
45,8935JT,Speenkruid,Leeuwarden
48,8935JW,Speenkruid,Leeuwarden
53,8935JT,Speenkruid,Leeuwarden
57,8935JT,Speenkruid,Leeuwarden
8,8916BR,Sperwerstraat,Leeuwarden
10,8933CA,Spoorstraat,Leeuwarden
48,8933CC,Spoorstraat,Leeuwarden
50,8933CC,Spoorstraat,Leeuwarden
66,8933CC,Spoorstraat,Leeuwarden
4,8934AM,Sierksmastraat,Leeuwarden
6,8934AM,Sierksmastraat,Leeuwarden
14,8934AM,Sierksmastraat,Leeuwarden
26,8934AM,Sierksmastraat,Leeuwarden
22,8917CE,Stienserstraat,Leeuwarden
48,8935NM,Stinzenflora,Leeuwarden
66,8935NM,Stinzenflora,Leeuwarden
90,8935NM,Stinzenflora,Leeuwarden
98,8935NM,Stinzenflora,Leeuwarden
100,8935NM,Stinzenflora,Leeuwarden
101,8935LE,Stinzenflora,Leeuwarden
104,8935NN,Stinzenflora,Leeuwarden
109,8935LE,Stinzenflora,Leeuwarden
1,8935RM,Sleutelbloem,Leeuwarden
14,8935RP,Sleutelbloem,Leeuwarden
18,8935RP,Sleutelbloem,Leeuwarden
24,8933DW,van Sytzamastraat,Leeuwarden
7,8921LB,Tabagostraat,Leeuwarden
10,8921LC,Tabagostraat,Leeuwarden
1,8921KT,Sontdwarsstraat,Leeuwarden
4,8921KV,Sontdwarsstraat,Leeuwarden
7,8921KT,Sontdwarsstraat,Leeuwarden
17,8921KT,Sontdwarsstraat,Leeuwarden
30,8921KV,Sontdwarsstraat,Leeuwarden
2,8921LM,Sontstraat,Leeuwarden
9,8921LL,Sontstraat,Leeuwarden
13,8921LL,Sontstraat,Leeuwarden
15,8921LL,Sontstraat,Leeuwarden
20,8921LM,Sontstraat,Leeuwarden
5,8911AE,Sophialaan,Leeuwarden
51,8935CA,Timothee,Leeuwarden
57,8935CA,Timothee,Leeuwarden
59,8935CA,Timothee,Leeuwarden
9,8916AA,Mr. P.J. Troelstraweg,Leeuwarden
12,8917CL,Mr. P.J. Troelstraweg,Leeuwarden
13,8916AA,Mr. P.J. Troelstraweg,Leeuwarden
15,8916AA,Mr. P.J. Troelstraweg,Leeuwarden
17,8916AA,Mr. P.J. Troelstraweg,Leeuwarden
19,8916AA,Mr. P.J. Troelstraweg,Leeuwarden
23,8916AA,Mr. P.J. Troelstraweg,Leeuwarden
24,8917CM,Mr. P.J. Troelstraweg,Leeuwarden
35,8916AB,Mr. P.J. Troelstraweg,Leeuwarden
39,8916AB,Mr. P.J. Troelstraweg,Leeuwarden
48,8917CN,Mr. P.J. Troelstraweg,Leeuwarden
55,8916CM,Mr. P.J. Troelstraweg,Leeuwarden
65,8916CM,Mr. P.J. Troelstraweg,Leeuwarden
68,8917CP,Mr. P.J. Troelstraweg,Leeuwarden
76,8917CP,Mr. P.J. Troelstraweg,Leeuwarden
117,8935LE,Stinzenflora,Leeuwarden
125,8935LE,Stinzenflora,Leeuwarden
127,8935LE,Stinzenflora,Leeuwarden
133,8935LG,Stinzenflora,Leeuwarden
137,8935LG,Stinzenflora,Leeuwarden
139,8935LG,Stinzenflora,Leeuwarden
143,8935LG,Stinzenflora,Leeuwarden
21,8921CP,Straat van Welgelegen,Leeuwarden
24,8915DH,Reinder Brolsmawei,Leeuwarden
26,8915DH,Reinder Brolsmawei,Leeuwarden
30,8915DH,Reinder Brolsmawei,Leeuwarden
32,8915DH,Reinder Brolsmawei,Leeuwarden
41,8915DE,Reinder Brolsmawei,Leeuwarden
19,8921LB,Tabagostraat,Leeuwarden
21,8921LB,Tabagostraat,Leeuwarden
26,8921LC,Tabagostraat,Leeuwarden
27,8921LB,Tabagostraat,Leeuwarden
29,8921LB,Tabagostraat,Leeuwarden
11,8932PJ,Tadingastraat,Leeuwarden
15,8932PJ,Tadingastraat,Leeuwarden
27,8932PJ,Tadingastraat,Leeuwarden
51,8932PK,Tadingastraat,Leeuwarden
67,8932PK,Tadingastraat,Leeuwarden
75,8932PK,Tadingastraat,Leeuwarden
47,8915JR,Rixtwei,Leeuwarden
56,8915JM,Rixtwei,Leeuwarden
68,8915JM,Rixtwei,Leeuwarden
8,8926MK,Tjaardastate,Leeuwarden
19,8926MJ,Tjaardastate,Leeuwarden
37,8926MJ,Tjaardastate,Leeuwarden
4,8934CA,Tjallingaweg,Leeuwarden
7,8921NM,Tjerk Hiddesstraat,Leeuwarden
8,8921NP,Tjerk Hiddesstraat,Leeuwarden
188,8923AZ,Robinsonstraat,Leeuwarden
191,8923AR,Robinsonstraat,Leeuwarden
89,8916CN,Mr. P.J. Troelstraweg,Leeuwarden
92,8917CS,Mr. P.J. Troelstraweg,Leeuwarden
99,8916CP,Mr. P.J. Troelstraweg,Leeuwarden
52,8926RP,Roptastate,Leeuwarden
57,8926RM,Roptastate,Leeuwarden
83,8926RM,Roptastate,Leeuwarden
85,8926RM,Roptastate,Leeuwarden
92,8926RP,Roptastate,Leeuwarden
120,8926RR,Roptastate,Leeuwarden
124,8926RR,Roptastate,Leeuwarden
126,8926RR,Roptastate,Leeuwarden
130,8926RR,Roptastate,Leeuwarden
20,8921RB,Reinier de Graafstraat,Leeuwarden
11,8921EC,1e Rembrandtdwarsstraat,Leeuwarden
6,8921ED,2e Rembrandtdwarsstraat,Leeuwarden
9,8921ED,2e Rembrandtdwarsstraat,Leeuwarden
100,8921KM,de Ruyterweg,Leeuwarden
102,8921KM,de Ruyterweg,Leeuwarden
17,8931CZ,Sabastraat,Leeuwarden
54,8926NP,Kingmastate,Leeuwarden
76,8926NP,Kingmastate,Leeuwarden
88,8926NP,Kingmastate,Leeuwarden
94,8926NP,Kingmastate,Leeuwarden
104,8926NP,Kingmastate,Leeuwarden
124,8926NR,Kingmastate,Leeuwarden
130,8926NR,Kingmastate,Leeuwarden
138,8926NR,Kingmastate,Leeuwarden
140,8926NR,Kingmastate,Leeuwarden
203,8923AR,Robinsonstraat,Leeuwarden
204,8923AZ,Robinsonstraat,Leeuwarden
208,8923BA,Robinsonstraat,Leeuwarden
1,8932CE,Rochussenstraat,Leeuwarden
5,8932CE,Rochussenstraat,Leeuwarden
6,8932CE,Rochussenstraat,Leeuwarden
6,8916AL,Roekstraat,Leeuwarden
17,8916AJ,Roekstraat,Leeuwarden
25,8916AK,Roekstraat,Leeuwarden
31,8916AK,Roekstraat,Leeuwarden
170,8926RS,Roptastate,Leeuwarden
172,8926RS,Roptastate,Leeuwarden
6,8916GM,Schubertstraat,Leeuwarden
18,8916GM,Schubertstraat,Leeuwarden
24,8916GM,Schubertstraat,Leeuwarden
26,8916GM,Schubertstraat,Leeuwarden
28,8916GM,Schubertstraat,Leeuwarden
1,8926KN,Schuilenburg,Leeuwarden
3,8926KN,Schuilenburg,Leeuwarden
9,8926KN,Schuilenburg,Leeuwarden
10,8926KR,Schuilenburg,Leeuwarden
12,8926KR,Schuilenburg,Leeuwarden
18,8926KR,Schuilenburg,Leeuwarden
35,8926KN,Schuilenburg,Leeuwarden
39,8926KN,Schuilenburg,Leeuwarden
41,8926KN,Schuilenburg,Leeuwarden
46,8926KR,Schuilenburg,Leeuwarden
48,8926KR,Schuilenburg,Leeuwarden
52,8926KS,Schuilenburg,Leeuwarden
22,8911GK,Sacramentsstraat,Leeuwarden
33,8934AL,Sierksmastraat,Leeuwarden
63,8934AL,Sierksmastraat,Leeuwarden
4,8915DT,Simke Kloostermanwei,Leeuwarden
34,8915DV,Simke Kloostermanwei,Leeuwarden
46,8915DV,Simke Kloostermanwei,Leeuwarden
